file,label,source_file,duration
/content/drive/MyDrive/Underwater Audio Data/processed/Vessels/Cargo_6_chunk0.wav,Vessels,/content/drive/MyDrive/Underwater Audio Data/data/Vessels/Cargo_6.wav,3.0
/content/drive/MyDrive/Underwater Audio Data/processed/Vessels/Cargo_6_chunk1.wav,Vessels,/content/drive/MyDrive/Underwater Audio Data/data/Vessels/Cargo_6.wav,3.0
/content/drive/MyDrive/Underwater Audio Data/processed/Vessels/Cargo_6_chunk2.wav,Vessels,/content/drive/MyDrive/Underwater Audio Data/data/Vessels/Cargo_6.wav,3.0
/content/drive/MyDrive/Underwater Audio Data/processed/Vessels/Cargo_6_chunk3.wav,Vessels,/content/drive/MyDrive/Underwater Audio Data/data/Vessels/Cargo_6.wav,3.0
/content/drive/MyDrive/Underwater Audio Data/processed/Vessels/Cargo_6_chunk4.wav,Vessels,/content/drive/MyDrive/Underwater Audio Data/data/Vessels/Cargo_6.wav,3.0
/content/drive/MyDrive/Underwater Audio Data/processed/Vessels/Cargo_6_chunk5.wav,Vessels,/content/drive/MyDrive/Underwater Audio Data/data/Vessels/Cargo_6.wav,3.0
/content/drive/MyDrive/Underwater Audio Data/processed/Vessels/Cargo_6_chunk6.wav,Vessels,/content/drive/MyDrive/Underwater Audio Data/data/Vessels/Cargo_6.wav,3.0
/content/drive/MyDrive/Underwater Audio Data/processed/Vessels/Cargo_6_chunk7.wav,Vessels,/content/drive/MyDrive/Underwater Audio Data/data/Vessels/Cargo_6.wav,3.0
/content/drive/MyDrive/Underwater Audio Data/processed/Vessels/Cargo_6_chunk8.wav,Vessels,/content/drive/MyDrive/Underwater Audio Data/data/Vessels/Cargo_6.wav,3.0
/content/drive/MyDrive/Underwater Audio Data/processed/Vessels/Cargo_6_chunk9.wav,Vessels,/content/drive/MyDrive/Underwater Audio Data/data/Vessels/Cargo_6.wav,3.0
/content/drive/MyDrive/Underwater Audio Data/processed/Vessels/Cargo_6_chunk10.wav,Vessels,/content/drive/MyDrive/Underwater Audio Data/data/Vessels/Cargo_6.wav,3.0
/content/drive/MyDrive/Underwater Audio Data/processed/Vessels/Cargo_6_chunk11.wav,Vessels,/content/drive/MyDrive/Underwater Audio Data/data/Vessels/Cargo_6.wav,3.0
/content/drive/MyDrive/Underwater Audio Data/processed/Vessels/Cargo_6_chunk12.wav,Vessels,/content/drive/MyDrive/Underwater Audio Data/data/Vessels/Cargo_6.wav,3.0
/content/drive/MyDrive/Underwater Audio Data/processed/Vessels/Cargo_6_chunk13.wav,Vessels,/content/drive/MyDrive/Underwater Audio Data/data/Vessels/Cargo_6.wav,3.0
/content/drive/MyDrive/Underwater Audio Data/processed/Vessels/Cargo_6_chunk14.wav,Vessels,/content/drive/MyDrive/Underwater Audio Data/data/Vessels/Cargo_6.wav,3.0
/content/drive/MyDrive/Underwater Audio Data/processed/Vessels/Cargo_6_chunk15.wav,Vessels,/content/drive/MyDrive/Underwater Audio Data/data/Vessels/Cargo_6.wav,3.0
/content/drive/MyDrive/Underwater Audio Data/processed/Vessels/Cargo_6_chunk16.wav,Vessels,/content/drive/MyDrive/Underwater Audio Data/data/Vessels/Cargo_6.wav,3.0
/content/drive/MyDrive/Underwater Audio Data/processed/Vessels/Cargo_6_chunk17.wav,Vessels,/content/drive/MyDrive/Underwater Audio Data/data/Vessels/Cargo_6.wav,3.0
/content/drive/MyDrive/Underwater Audio Data/processed/Vessels/Cargo_6_chunk18.wav,Vessels,/content/drive/MyDrive/Underwater Audio Data/data/Vessels/Cargo_6.wav,3.0
/content/drive/MyDrive/Underwater Audio Data/processed/Vessels/Cargo_6_chunk19.wav,Vessels,/content/drive/MyDrive/Underwater Audio Data/data/Vessels/Cargo_6.wav,3.0
/content/drive/MyDrive/Underwater Audio Data/processed/Vessels/Cargo_6_chunk20.wav,Vessels,/content/drive/MyDrive/Underwater Audio Data/data/Vessels/Cargo_6.wav,3.0
/content/drive/MyDrive/Underwater Audio Data/processed/Vessels/Cargo_6_chunk21.wav,Vessels,/content/drive/MyDrive/Underwater Audio Data/data/Vessels/Cargo_6.wav,3.0
/content/drive/MyDrive/Underwater Audio Data/processed/Vessels/Cargo_6_chunk22.wav,Vessels,/content/drive/MyDrive/Underwater Audio Data/data/Vessels/Cargo_6.wav,3.0
/content/drive/MyDrive/Underwater Audio Data/processed/Vessels/Cargo_6_chunk23.wav,Vessels,/content/drive/MyDrive/Underwater Audio Data/data/Vessels/Cargo_6.wav,3.0
/content/drive/MyDrive/Underwater Audio Data/processed/Vessels/Cargo_6_chunk24.wav,Vessels,/content/drive/MyDrive/Underwater Audio Data/data/Vessels/Cargo_6.wav,3.0
/content/drive/MyDrive/Underwater Audio Data/processed/Vessels/Cargo_6_chunk25.wav,Vessels,/content/drive/MyDrive/Underwater Audio Data/data/Vessels/Cargo_6.wav,3.0
/content/drive/MyDrive/Underwater Audio Data/processed/Vessels/Cargo_6_chunk26.wav,Vessels,/content/drive/MyDrive/Underwater Audio Data/data/Vessels/Cargo_6.wav,3.0
/content/drive/MyDrive/Underwater Audio Data/processed/Vessels/Cargo_6_chunk27.wav,Vessels,/content/drive/MyDrive/Underwater Audio Data/data/Vessels/Cargo_6.wav,3.0
/content/drive/MyDrive/Underwater Audio Data/processed/Vessels/Cargo_6_chunk28.wav,Vessels,/content/drive/MyDrive/Underwater Audio Data/data/Vessels/Cargo_6.wav,3.0
/content/drive/MyDrive/Underwater Audio Data/processed/Vessels/Cargo_6_chunk29.wav,Vessels,/content/drive/MyDrive/Underwater Audio Data/data/Vessels/Cargo_6.wav,3.0
/content/drive/MyDrive/Underwater Audio Data/processed/Vessels/Cargo_6_chunk30.wav,Vessels,/content/drive/MyDrive/Underwater Audio Data/data/Vessels/Cargo_6.wav,3.0
/content/drive/MyDrive/Underwater Audio Data/processed/Vessels/Cargo_6_chunk31.wav,Vessels,/content/drive/MyDrive/Underwater Audio Data/data/Vessels/Cargo_6.wav,3.0
/content/drive/MyDrive/Underwater Audio Data/processed/Vessels/Cargo_6_chunk32.wav,Vessels,/content/drive/MyDrive/Underwater Audio Data/data/Vessels/Cargo_6.wav,3.0
/content/drive/MyDrive/Underwater Audio Data/processed/Vessels/Cargo_6_chunk33.wav,Vessels,/content/drive/MyDrive/Underwater Audio Data/data/Vessels/Cargo_6.wav,3.0
/content/drive/MyDrive/Underwater Audio Data/processed/Vessels/Cargo_6_chunk34.wav,Vessels,/content/drive/MyDrive/Underwater Audio Data/data/Vessels/Cargo_6.wav,3.0
/content/drive/MyDrive/Underwater Audio Data/processed/Vessels/Cargo_6_chunk35.wav,Vessels,/content/drive/MyDrive/Underwater Audio Data/data/Vessels/Cargo_6.wav,3.0
/content/drive/MyDrive/Underwater Audio Data/processed/Vessels/Cargo_6_chunk36.wav,Vessels,/content/drive/MyDrive/Underwater Audio Data/data/Vessels/Cargo_6.wav,3.0
/content/drive/MyDrive/Underwater Audio Data/processed/Vessels/Cargo_6_chunk37.wav,Vessels,/content/drive/MyDrive/Underwater Audio Data/data/Vessels/Cargo_6.wav,3.0
/content/drive/MyDrive/Underwater Audio Data/processed/Vessels/Cargo_6_chunk38.wav,Vessels,/content/drive/MyDrive/Underwater Audio Data/data/Vessels/Cargo_6.wav,3.0
/content/drive/MyDrive/Underwater Audio Data/processed/Vessels/Cargo_6_chunk39.wav,Vessels,/content/drive/MyDrive/Underwater Audio Data/data/Vessels/Cargo_6.wav,3.0
/content/drive/MyDrive/Underwater Audio Data/processed/Vessels/Cargo_6_chunk40.wav,Vessels,/content/drive/MyDrive/Underwater Audio Data/data/Vessels/Cargo_6.wav,3.0
/content/drive/MyDrive/Underwater Audio Data/processed/Vessels/Cargo_6_chunk41.wav,Vessels,/content/drive/MyDrive/Underwater Audio Data/data/Vessels/Cargo_6.wav,3.0
/content/drive/MyDrive/Underwater Audio Data/processed/Vessels/Cargo_6_chunk42.wav,Vessels,/content/drive/MyDrive/Underwater Audio Data/data/Vessels/Cargo_6.wav,3.0
/content/drive/MyDrive/Underwater Audio Data/processed/Vessels/Cargo_6_chunk43.wav,Vessels,/content/drive/MyDrive/Underwater Audio Data/data/Vessels/Cargo_6.wav,3.0
/content/drive/MyDrive/Underwater Audio Data/processed/Vessels/Cargo_6_chunk44.wav,Vessels,/content/drive/MyDrive/Underwater Audio Data/data/Vessels/Cargo_6.wav,3.0
/content/drive/MyDrive/Underwater Audio Data/processed/Vessels/Cargo_6_chunk45.wav,Vessels,/content/drive/MyDrive/Underwater Audio Data/data/Vessels/Cargo_6.wav,3.0
/content/drive/MyDrive/Underwater Audio Data/processed/Vessels/Cargo_6_chunk46.wav,Vessels,/content/drive/MyDrive/Underwater Audio Data/data/Vessels/Cargo_6.wav,3.0
/content/drive/MyDrive/Underwater Audio Data/processed/Vessels/Cargo_6_chunk47.wav,Vessels,/content/drive/MyDrive/Underwater Audio Data/data/Vessels/Cargo_6.wav,3.0
/content/drive/MyDrive/Underwater Audio Data/processed/Vessels/Cargo_6_chunk48.wav,Vessels,/content/drive/MyDrive/Underwater Audio Data/data/Vessels/Cargo_6.wav,3.0
/content/drive/MyDrive/Underwater Audio Data/processed/Vessels/Cargo_6_chunk49.wav,Vessels,/content/drive/MyDrive/Underwater Audio Data/data/Vessels/Cargo_6.wav,3.0
/content/drive/MyDrive/Underwater Audio Data/processed/Vessels/Cargo_6_chunk50.wav,Vessels,/content/drive/MyDrive/Underwater Audio Data/data/Vessels/Cargo_6.wav,3.0
/content/drive/MyDrive/Underwater Audio Data/processed/Vessels/Cargo_6_chunk51.wav,Vessels,/content/drive/MyDrive/Underwater Audio Data/data/Vessels/Cargo_6.wav,3.0
/content/drive/MyDrive/Underwater Audio Data/processed/Vessels/Cargo_6_chunk52.wav,Vessels,/content/drive/MyDrive/Underwater Audio Data/data/Vessels/Cargo_6.wav,3.0
/content/drive/MyDrive/Underwater Audio Data/processed/Vessels/Cargo_6_chunk53.wav,Vessels,/content/drive/MyDrive/Underwater Audio Data/data/Vessels/Cargo_6.wav,3.0
/content/drive/MyDrive/Underwater Audio Data/processed/Vessels/Cargo_6_chunk54.wav,Vessels,/content/drive/MyDrive/Underwater Audio Data/data/Vessels/Cargo_6.wav,3.0
/content/drive/MyDrive/Underwater Audio Data/processed/Vessels/Cargo_6_chunk55.wav,Vessels,/content/drive/MyDrive/Underwater Audio Data/data/Vessels/Cargo_6.wav,3.0
/content/drive/MyDrive/Underwater Audio Data/processed/Vessels/Cargo_6_chunk56.wav,Vessels,/content/drive/MyDrive/Underwater Audio Data/data/Vessels/Cargo_6.wav,3.0
/content/drive/MyDrive/Underwater Audio Data/processed/Vessels/Cargo_6_chunk57.wav,Vessels,/content/drive/MyDrive/Underwater Audio Data/data/Vessels/Cargo_6.wav,3.0
/content/drive/MyDrive/Underwater Audio Data/processed/Vessels/Cargo_6_chunk58.wav,Vessels,/content/drive/MyDrive/Underwater Audio Data/data/Vessels/Cargo_6.wav,3.0
/content/drive/MyDrive/Underwater Audio Data/processed/Vessels/Cargo_6_chunk59.wav,Vessels,/content/drive/MyDrive/Underwater Audio Data/data/Vessels/Cargo_6.wav,3.0
/content/drive/MyDrive/Underwater Audio Data/processed/Vessels/Cargo_6_chunk60.wav,Vessels,/content/drive/MyDrive/Underwater Audio Data/data/Vessels/Cargo_6.wav,3.0
/content/drive/MyDrive/Underwater Audio Data/processed/Vessels/Cargo_6_chunk61.wav,Vessels,/content/drive/MyDrive/Underwater Audio Data/data/Vessels/Cargo_6.wav,3.0
/content/drive/MyDrive/Underwater Audio Data/processed/Vessels/Cargo_6_chunk62.wav,Vessels,/content/drive/MyDrive/Underwater Audio Data/data/Vessels/Cargo_6.wav,3.0
/content/drive/MyDrive/Underwater Audio Data/processed/Vessels/Cargo_6_chunk63.wav,Vessels,/content/drive/MyDrive/Underwater Audio Data/data/Vessels/Cargo_6.wav,3.0
/content/drive/MyDrive/Underwater Audio Data/processed/Vessels/Cargo_6_chunk64.wav,Vessels,/content/drive/MyDrive/Underwater Audio Data/data/Vessels/Cargo_6.wav,3.0
/content/drive/MyDrive/Underwater Audio Data/processed/Vessels/Cargo_6_chunk65.wav,Vessels,/content/drive/MyDrive/Underwater Audio Data/data/Vessels/Cargo_6.wav,3.0
/content/drive/MyDrive/Underwater Audio Data/processed/Vessels/Cargo_6_chunk66.wav,Vessels,/content/drive/MyDrive/Underwater Audio Data/data/Vessels/Cargo_6.wav,3.0
/content/drive/MyDrive/Underwater Audio Data/processed/Vessels/Cargo_6_chunk67.wav,Vessels,/content/drive/MyDrive/Underwater Audio Data/data/Vessels/Cargo_6.wav,3.0
/content/drive/MyDrive/Underwater Audio Data/processed/Vessels/Cargo_6_chunk68.wav,Vessels,/content/drive/MyDrive/Underwater Audio Data/data/Vessels/Cargo_6.wav,3.0
/content/drive/MyDrive/Underwater Audio Data/processed/Vessels/Cargo_6_chunk69.wav,Vessels,/content/drive/MyDrive/Underwater Audio Data/data/Vessels/Cargo_6.wav,3.0
/content/drive/MyDrive/Underwater Audio Data/processed/Vessels/Cargo_6_chunk70.wav,Vessels,/content/drive/MyDrive/Underwater Audio Data/data/Vessels/Cargo_6.wav,3.0
/content/drive/MyDrive/Underwater Audio Data/processed/Vessels/Cargo_6_chunk71.wav,Vessels,/content/drive/MyDrive/Underwater Audio Data/data/Vessels/Cargo_6.wav,3.0
/content/drive/MyDrive/Underwater Audio Data/processed/Vessels/Cargo_6_chunk72.wav,Vessels,/content/drive/MyDrive/Underwater Audio Data/data/Vessels/Cargo_6.wav,3.0
/content/drive/MyDrive/Underwater Audio Data/processed/Vessels/Cargo_6_chunk73.wav,Vessels,/content/drive/MyDrive/Underwater Audio Data/data/Vessels/Cargo_6.wav,3.0
/content/drive/MyDrive/Underwater Audio Data/processed/Vessels/Cargo_6_chunk74.wav,Vessels,/content/drive/MyDrive/Underwater Audio Data/data/Vessels/Cargo_6.wav,3.0
/content/drive/MyDrive/Underwater Audio Data/processed/Vessels/Cargo_6_chunk75.wav,Vessels,/content/drive/MyDrive/Underwater Audio Data/data/Vessels/Cargo_6.wav,3.0
/content/drive/MyDrive/Underwater Audio Data/processed/Vessels/Cargo_6_chunk76.wav,Vessels,/content/drive/MyDrive/Underwater Audio Data/data/Vessels/Cargo_6.wav,3.0
/content/drive/MyDrive/Underwater Audio Data/processed/Vessels/Cargo_6_chunk77.wav,Vessels,/content/drive/MyDrive/Underwater Audio Data/data/Vessels/Cargo_6.wav,3.0
/content/drive/MyDrive/Underwater Audio Data/processed/Vessels/Cargo_6_chunk78.wav,Vessels,/content/drive/MyDrive/Underwater Audio Data/data/Vessels/Cargo_6.wav,3.0
/content/drive/MyDrive/Underwater Audio Data/processed/Vessels/Cargo_6_chunk79.wav,Vessels,/content/drive/MyDrive/Underwater Audio Data/data/Vessels/Cargo_6.wav,3.0
/content/drive/MyDrive/Underwater Audio Data/processed/Vessels/Cargo_6_chunk80.wav,Vessels,/content/drive/MyDrive/Underwater Audio Data/data/Vessels/Cargo_6.wav,3.0
/content/drive/MyDrive/Underwater Audio Data/processed/Vessels/Cargo_6_chunk81.wav,Vessels,/content/drive/MyDrive/Underwater Audio Data/data/Vessels/Cargo_6.wav,3.0
/content/drive/MyDrive/Underwater Audio Data/processed/Vessels/Cargo_6_chunk82.wav,Vessels,/content/drive/MyDrive/Underwater Audio Data/data/Vessels/Cargo_6.wav,3.0
/content/drive/MyDrive/Underwater Audio Data/processed/Vessels/Cargo_6_chunk83.wav,Vessels,/content/drive/MyDrive/Underwater Audio Data/data/Vessels/Cargo_6.wav,3.0
/content/drive/MyDrive/Underwater Audio Data/processed/Vessels/Cargo_6_chunk84.wav,Vessels,/content/drive/MyDrive/Underwater Audio Data/data/Vessels/Cargo_6.wav,3.0
/content/drive/MyDrive/Underwater Audio Data/processed/Vessels/Cargo_6_chunk85.wav,Vessels,/content/drive/MyDrive/Underwater Audio Data/data/Vessels/Cargo_6.wav,3.0
/content/drive/MyDrive/Underwater Audio Data/processed/Vessels/Cargo_6_chunk86.wav,Vessels,/content/drive/MyDrive/Underwater Audio Data/data/Vessels/Cargo_6.wav,3.0
/content/drive/MyDrive/Underwater Audio Data/processed/Vessels/Cargo_6_chunk87.wav,Vessels,/content/drive/MyDrive/Underwater Audio Data/data/Vessels/Cargo_6.wav,3.0
/content/drive/MyDrive/Underwater Audio Data/processed/Vessels/Cargo_6_chunk88.wav,Vessels,/content/drive/MyDrive/Underwater Audio Data/data/Vessels/Cargo_6.wav,3.0
/content/drive/MyDrive/Underwater Audio Data/processed/Vessels/Cargo_6_chunk89.wav,Vessels,/content/drive/MyDrive/Underwater Audio Data/data/Vessels/Cargo_6.wav,3.0
/content/drive/MyDrive/Underwater Audio Data/processed/Vessels/Cargo_6_chunk90.wav,Vessels,/content/drive/MyDrive/Underwater Audio Data/data/Vessels/Cargo_6.wav,3.0
/content/drive/MyDrive/Underwater Audio Data/processed/Vessels/Cargo_6_chunk91.wav,Vessels,/content/drive/MyDrive/Underwater Audio Data/data/Vessels/Cargo_6.wav,3.0
/content/drive/MyDrive/Underwater Audio Data/processed/Vessels/Cargo_6_chunk92.wav,Vessels,/content/drive/MyDrive/Underwater Audio Data/data/Vessels/Cargo_6.wav,3.0
/content/drive/MyDrive/Underwater Audio Data/processed/Vessels/Cargo_6_chunk93.wav,Vessels,/content/drive/MyDrive/Underwater Audio Data/data/Vessels/Cargo_6.wav,3.0
/content/drive/MyDrive/Underwater Audio Data/processed/Vessels/Cargo_6_chunk94.wav,Vessels,/content/drive/MyDrive/Underwater Audio Data/data/Vessels/Cargo_6.wav,3.0
/content/drive/MyDrive/Underwater Audio Data/processed/Vessels/Cargo_6_chunk95.wav,Vessels,/content/drive/MyDrive/Underwater Audio Data/data/Vessels/Cargo_6.wav,3.0
/content/drive/MyDrive/Underwater Audio Data/processed/Vessels/Cargo_6_chunk96.wav,Vessels,/content/drive/MyDrive/Underwater Audio Data/data/Vessels/Cargo_6.wav,3.0
/content/drive/MyDrive/Underwater Audio Data/processed/Vessels/Cargo_6_chunk97.wav,Vessels,/content/drive/MyDrive/Underwater Audio Data/data/Vessels/Cargo_6.wav,3.0
/content/drive/MyDrive/Underwater Audio Data/processed/Vessels/Cargo_6_chunk98.wav,Vessels,/content/drive/MyDrive/Underwater Audio Data/data/Vessels/Cargo_6.wav,3.0
/content/drive/MyDrive/Underwater Audio Data/processed/Vessels/Cargo_6_chunk99.wav,Vessels,/content/drive/MyDrive/Underwater Audio Data/data/Vessels/Cargo_6.wav,3.0
/content/drive/MyDrive/Underwater Audio Data/processed/Vessels/Cargo_6_chunk100.wav,Vessels,/content/drive/MyDrive/Underwater Audio Data/data/Vessels/Cargo_6.wav,3.0
/content/drive/MyDrive/Underwater Audio Data/processed/Vessels/Cargo_6_chunk101.wav,Vessels,/content/drive/MyDrive/Underwater Audio Data/data/Vessels/Cargo_6.wav,3.0
/content/drive/MyDrive/Underwater Audio Data/processed/Vessels/Cargo_6_chunk102.wav,Vessels,/content/drive/MyDrive/Underwater Audio Data/data/Vessels/Cargo_6.wav,3.0
/content/drive/MyDrive/Underwater Audio Data/processed/Vessels/Cargo_6_chunk103.wav,Vessels,/content/drive/MyDrive/Underwater Audio Data/data/Vessels/Cargo_6.wav,3.0
/content/drive/MyDrive/Underwater Audio Data/processed/Vessels/Cargo_6_chunk104.wav,Vessels,/content/drive/MyDrive/Underwater Audio Data/data/Vessels/Cargo_6.wav,3.0
/content/drive/MyDrive/Underwater Audio Data/processed/Vessels/Cargo_6_chunk105.wav,Vessels,/content/drive/MyDrive/Underwater Audio Data/data/Vessels/Cargo_6.wav,3.0
/content/drive/MyDrive/Underwater Audio Data/processed/Vessels/Cargo_6_chunk106.wav,Vessels,/content/drive/MyDrive/Underwater Audio Data/data/Vessels/Cargo_6.wav,3.0
/content/drive/MyDrive/Underwater Audio Data/processed/Vessels/Cargo_6_chunk107.wav,Vessels,/content/drive/MyDrive/Underwater Audio Data/data/Vessels/Cargo_6.wav,3.0
/content/drive/MyDrive/Underwater Audio Data/processed/Vessels/Cargo_6_chunk108.wav,Vessels,/content/drive/MyDrive/Underwater Audio Data/data/Vessels/Cargo_6.wav,3.0
/content/drive/MyDrive/Underwater Audio Data/processed/Vessels/Cargo_6_chunk109.wav,Vessels,/content/drive/MyDrive/Underwater Audio Data/data/Vessels/Cargo_6.wav,3.0
/content/drive/MyDrive/Underwater Audio Data/processed/Vessels/Cargo_6_chunk110.wav,Vessels,/content/drive/MyDrive/Underwater Audio Data/data/Vessels/Cargo_6.wav,3.0
/content/drive/MyDrive/Underwater Audio Data/processed/Vessels/Cargo_6_chunk111.wav,Vessels,/content/drive/MyDrive/Underwater Audio Data/data/Vessels/Cargo_6.wav,3.0
/content/drive/MyDrive/Underwater Audio Data/processed/Vessels/Cargo_6_chunk112.wav,Vessels,/content/drive/MyDrive/Underwater Audio Data/data/Vessels/Cargo_6.wav,3.0
/content/drive/MyDrive/Underwater Audio Data/processed/Vessels/Cargo_6_chunk113.wav,Vessels,/content/drive/MyDrive/Underwater Audio Data/data/Vessels/Cargo_6.wav,3.0
/content/drive/MyDrive/Underwater Audio Data/processed/Vessels/Cargo_6_chunk114.wav,Vessels,/content/drive/MyDrive/Underwater Audio Data/data/Vessels/Cargo_6.wav,3.0
/content/drive/MyDrive/Underwater Audio Data/processed/Vessels/Cargo_6_chunk115.wav,Vessels,/content/drive/MyDrive/Underwater Audio Data/data/Vessels/Cargo_6.wav,3.0
/content/drive/MyDrive/Underwater Audio Data/processed/Vessels/Cargo_6_chunk116.wav,Vessels,/content/drive/MyDrive/Underwater Audio Data/data/Vessels/Cargo_6.wav,3.0
/content/drive/MyDrive/Underwater Audio Data/processed/Vessels/Cargo_6_chunk117.wav,Vessels,/content/drive/MyDrive/Underwater Audio Data/data/Vessels/Cargo_6.wav,3.0
/content/drive/MyDrive/Underwater Audio Data/processed/Vessels/Cargo_6_chunk118.wav,Vessels,/content/drive/MyDrive/Underwater Audio Data/data/Vessels/Cargo_6.wav,3.0
/content/drive/MyDrive/Underwater Audio Data/processed/Vessels/Cargo_6_chunk119.wav,Vessels,/content/drive/MyDrive/Underwater Audio Data/data/Vessels/Cargo_6.wav,3.0
/content/drive/MyDrive/Underwater Audio Data/processed/Vessels/Cargo_6_chunk120.wav,Vessels,/content/drive/MyDrive/Underwater Audio Data/data/Vessels/Cargo_6.wav,3.0
/content/drive/MyDrive/Underwater Audio Data/processed/Vessels/Cargo_6_chunk121.wav,Vessels,/content/drive/MyDrive/Underwater Audio Data/data/Vessels/Cargo_6.wav,3.0
/content/drive/MyDrive/Underwater Audio Data/processed/Vessels/Cargo_6_chunk122.wav,Vessels,/content/drive/MyDrive/Underwater Audio Data/data/Vessels/Cargo_6.wav,3.0
/content/drive/MyDrive/Underwater Audio Data/processed/Vessels/Cargo_6_chunk123.wav,Vessels,/content/drive/MyDrive/Underwater Audio Data/data/Vessels/Cargo_6.wav,3.0
/content/drive/MyDrive/Underwater Audio Data/processed/Vessels/Cargo_6_chunk124.wav,Vessels,/content/drive/MyDrive/Underwater Audio Data/data/Vessels/Cargo_6.wav,3.0
/content/drive/MyDrive/Underwater Audio Data/processed/Vessels/Cargo_6_chunk125.wav,Vessels,/content/drive/MyDrive/Underwater Audio Data/data/Vessels/Cargo_6.wav,3.0
/content/drive/MyDrive/Underwater Audio Data/processed/Vessels/Cargo_6_chunk126.wav,Vessels,/content/drive/MyDrive/Underwater Audio Data/data/Vessels/Cargo_6.wav,3.0
/content/drive/MyDrive/Underwater Audio Data/processed/Vessels/Cargo_6_chunk127.wav,Vessels,/content/drive/MyDrive/Underwater Audio Data/data/Vessels/Cargo_6.wav,3.0
/content/drive/MyDrive/Underwater Audio Data/processed/Vessels/Cargo_6_chunk128.wav,Vessels,/content/drive/MyDrive/Underwater Audio Data/data/Vessels/Cargo_6.wav,3.0
/content/drive/MyDrive/Underwater Audio Data/processed/Vessels/Cargo_6_chunk129.wav,Vessels,/content/drive/MyDrive/Underwater Audio Data/data/Vessels/Cargo_6.wav,3.0
/content/drive/MyDrive/Underwater Audio Data/processed/Vessels/Cargo_6_chunk130.wav,Vessels,/content/drive/MyDrive/Underwater Audio Data/data/Vessels/Cargo_6.wav,3.0
/content/drive/MyDrive/Underwater Audio Data/processed/Vessels/Cargo_6_chunk131.wav,Vessels,/content/drive/MyDrive/Underwater Audio Data/data/Vessels/Cargo_6.wav,3.0
/content/drive/MyDrive/Underwater Audio Data/processed/Vessels/Cargo_7_chunk0.wav,Vessels,/content/drive/MyDrive/Underwater Audio Data/data/Vessels/Cargo_7.wav,3.0
/content/drive/MyDrive/Underwater Audio Data/processed/Vessels/Cargo_7_chunk1.wav,Vessels,/content/drive/MyDrive/Underwater Audio Data/data/Vessels/Cargo_7.wav,3.0
/content/drive/MyDrive/Underwater Audio Data/processed/Vessels/Cargo_7_chunk2.wav,Vessels,/content/drive/MyDrive/Underwater Audio Data/data/Vessels/Cargo_7.wav,3.0
/content/drive/MyDrive/Underwater Audio Data/processed/Vessels/Cargo_7_chunk3.wav,Vessels,/content/drive/MyDrive/Underwater Audio Data/data/Vessels/Cargo_7.wav,3.0
/content/drive/MyDrive/Underwater Audio Data/processed/Vessels/Cargo_7_chunk4.wav,Vessels,/content/drive/MyDrive/Underwater Audio Data/data/Vessels/Cargo_7.wav,3.0
/content/drive/MyDrive/Underwater Audio Data/processed/Vessels/Cargo_7_chunk5.wav,Vessels,/content/drive/MyDrive/Underwater Audio Data/data/Vessels/Cargo_7.wav,3.0
/content/drive/MyDrive/Underwater Audio Data/processed/Vessels/Cargo_7_chunk6.wav,Vessels,/content/drive/MyDrive/Underwater Audio Data/data/Vessels/Cargo_7.wav,3.0
/content/drive/MyDrive/Underwater Audio Data/processed/Vessels/Cargo_7_chunk7.wav,Vessels,/content/drive/MyDrive/Underwater Audio Data/data/Vessels/Cargo_7.wav,3.0
/content/drive/MyDrive/Underwater Audio Data/processed/Vessels/Cargo_7_chunk8.wav,Vessels,/content/drive/MyDrive/Underwater Audio Data/data/Vessels/Cargo_7.wav,3.0
/content/drive/MyDrive/Underwater Audio Data/processed/Vessels/Cargo_7_chunk9.wav,Vessels,/content/drive/MyDrive/Underwater Audio Data/data/Vessels/Cargo_7.wav,3.0
/content/drive/MyDrive/Underwater Audio Data/processed/Vessels/Cargo_7_chunk10.wav,Vessels,/content/drive/MyDrive/Underwater Audio Data/data/Vessels/Cargo_7.wav,3.0
/content/drive/MyDrive/Underwater Audio Data/processed/Vessels/Cargo_7_chunk11.wav,Vessels,/content/drive/MyDrive/Underwater Audio Data/data/Vessels/Cargo_7.wav,3.0
/content/drive/MyDrive/Underwater Audio Data/processed/Vessels/Cargo_7_chunk12.wav,Vessels,/content/drive/MyDrive/Underwater Audio Data/data/Vessels/Cargo_7.wav,3.0
/content/drive/MyDrive/Underwater Audio Data/processed/Vessels/Cargo_7_chunk13.wav,Vessels,/content/drive/MyDrive/Underwater Audio Data/data/Vessels/Cargo_7.wav,3.0
/content/drive/MyDrive/Underwater Audio Data/processed/Vessels/Cargo_7_chunk14.wav,Vessels,/content/drive/MyDrive/Underwater Audio Data/data/Vessels/Cargo_7.wav,3.0
/content/drive/MyDrive/Underwater Audio Data/processed/Vessels/Cargo_7_chunk15.wav,Vessels,/content/drive/MyDrive/Underwater Audio Data/data/Vessels/Cargo_7.wav,3.0
/content/drive/MyDrive/Underwater Audio Data/processed/Vessels/Cargo_7_chunk16.wav,Vessels,/content/drive/MyDrive/Underwater Audio Data/data/Vessels/Cargo_7.wav,3.0
/content/drive/MyDrive/Underwater Audio Data/processed/Vessels/Cargo_7_chunk17.wav,Vessels,/content/drive/MyDrive/Underwater Audio Data/data/Vessels/Cargo_7.wav,3.0
/content/drive/MyDrive/Underwater Audio Data/processed/Vessels/Cargo_7_chunk18.wav,Vessels,/content/drive/MyDrive/Underwater Audio Data/data/Vessels/Cargo_7.wav,3.0
/content/drive/MyDrive/Underwater Audio Data/processed/Vessels/Cargo_7_chunk19.wav,Vessels,/content/drive/MyDrive/Underwater Audio Data/data/Vessels/Cargo_7.wav,3.0
/content/drive/MyDrive/Underwater Audio Data/processed/Vessels/Cargo_7_chunk20.wav,Vessels,/content/drive/MyDrive/Underwater Audio Data/data/Vessels/Cargo_7.wav,3.0
/content/drive/MyDrive/Underwater Audio Data/processed/Vessels/Cargo_7_chunk21.wav,Vessels,/content/drive/MyDrive/Underwater Audio Data/data/Vessels/Cargo_7.wav,3.0
/content/drive/MyDrive/Underwater Audio Data/processed/Vessels/Cargo_7_chunk22.wav,Vessels,/content/drive/MyDrive/Underwater Audio Data/data/Vessels/Cargo_7.wav,3.0
/content/drive/MyDrive/Underwater Audio Data/processed/Vessels/Cargo_7_chunk23.wav,Vessels,/content/drive/MyDrive/Underwater Audio Data/data/Vessels/Cargo_7.wav,3.0
/content/drive/MyDrive/Underwater Audio Data/processed/Vessels/Cargo_7_chunk24.wav,Vessels,/content/drive/MyDrive/Underwater Audio Data/data/Vessels/Cargo_7.wav,3.0
/content/drive/MyDrive/Underwater Audio Data/processed/Vessels/Cargo_7_chunk25.wav,Vessels,/content/drive/MyDrive/Underwater Audio Data/data/Vessels/Cargo_7.wav,3.0
/content/drive/MyDrive/Underwater Audio Data/processed/Vessels/Cargo_7_chunk26.wav,Vessels,/content/drive/MyDrive/Underwater Audio Data/data/Vessels/Cargo_7.wav,3.0
/content/drive/MyDrive/Underwater Audio Data/processed/Vessels/Cargo_7_chunk27.wav,Vessels,/content/drive/MyDrive/Underwater Audio Data/data/Vessels/Cargo_7.wav,3.0
/content/drive/MyDrive/Underwater Audio Data/processed/Vessels/Cargo_7_chunk28.wav,Vessels,/content/drive/MyDrive/Underwater Audio Data/data/Vessels/Cargo_7.wav,3.0
/content/drive/MyDrive/Underwater Audio Data/processed/Vessels/Cargo_7_chunk29.wav,Vessels,/content/drive/MyDrive/Underwater Audio Data/data/Vessels/Cargo_7.wav,3.0
/content/drive/MyDrive/Underwater Audio Data/processed/Vessels/Cargo_7_chunk30.wav,Vessels,/content/drive/MyDrive/Underwater Audio Data/data/Vessels/Cargo_7.wav,3.0
/content/drive/MyDrive/Underwater Audio Data/processed/Vessels/Cargo_7_chunk31.wav,Vessels,/content/drive/MyDrive/Underwater Audio Data/data/Vessels/Cargo_7.wav,3.0
/content/drive/MyDrive/Underwater Audio Data/processed/Vessels/Cargo_7_chunk32.wav,Vessels,/content/drive/MyDrive/Underwater Audio Data/data/Vessels/Cargo_7.wav,3.0
/content/drive/MyDrive/Underwater Audio Data/processed/Vessels/Cargo_7_chunk33.wav,Vessels,/content/drive/MyDrive/Underwater Audio Data/data/Vessels/Cargo_7.wav,3.0
/content/drive/MyDrive/Underwater Audio Data/processed/Vessels/Cargo_7_chunk34.wav,Vessels,/content/drive/MyDrive/Underwater Audio Data/data/Vessels/Cargo_7.wav,3.0
/content/drive/MyDrive/Underwater Audio Data/processed/Vessels/Cargo_7_chunk35.wav,Vessels,/content/drive/MyDrive/Underwater Audio Data/data/Vessels/Cargo_7.wav,3.0
/content/drive/MyDrive/Underwater Audio Data/processed/Vessels/Cargo_7_chunk36.wav,Vessels,/content/drive/MyDrive/Underwater Audio Data/data/Vessels/Cargo_7.wav,3.0
/content/drive/MyDrive/Underwater Audio Data/processed/Vessels/Cargo_7_chunk37.wav,Vessels,/content/drive/MyDrive/Underwater Audio Data/data/Vessels/Cargo_7.wav,3.0
/content/drive/MyDrive/Underwater Audio Data/processed/Vessels/Cargo_7_chunk38.wav,Vessels,/content/drive/MyDrive/Underwater Audio Data/data/Vessels/Cargo_7.wav,3.0
/content/drive/MyDrive/Underwater Audio Data/processed/Vessels/Cargo_7_chunk39.wav,Vessels,/content/drive/MyDrive/Underwater Audio Data/data/Vessels/Cargo_7.wav,3.0
/content/drive/MyDrive/Underwater Audio Data/processed/Vessels/Cargo_7_chunk40.wav,Vessels,/content/drive/MyDrive/Underwater Audio Data/data/Vessels/Cargo_7.wav,3.0
/content/drive/MyDrive/Underwater Audio Data/processed/Vessels/Cargo_7_chunk41.wav,Vessels,/content/drive/MyDrive/Underwater Audio Data/data/Vessels/Cargo_7.wav,3.0
/content/drive/MyDrive/Underwater Audio Data/processed/Vessels/Cargo_7_chunk42.wav,Vessels,/content/drive/MyDrive/Underwater Audio Data/data/Vessels/Cargo_7.wav,3.0
/content/drive/MyDrive/Underwater Audio Data/processed/Vessels/Cargo_7_chunk43.wav,Vessels,/content/drive/MyDrive/Underwater Audio Data/data/Vessels/Cargo_7.wav,3.0
/content/drive/MyDrive/Underwater Audio Data/processed/Vessels/Cargo_7_chunk44.wav,Vessels,/content/drive/MyDrive/Underwater Audio Data/data/Vessels/Cargo_7.wav,3.0
/content/drive/MyDrive/Underwater Audio Data/processed/Vessels/Cargo_7_chunk45.wav,Vessels,/content/drive/MyDrive/Underwater Audio Data/data/Vessels/Cargo_7.wav,3.0
/content/drive/MyDrive/Underwater Audio Data/processed/Vessels/Cargo_7_chunk46.wav,Vessels,/content/drive/MyDrive/Underwater Audio Data/data/Vessels/Cargo_7.wav,3.0
/content/drive/MyDrive/Underwater Audio Data/processed/Vessels/Cargo_7_chunk47.wav,Vessels,/content/drive/MyDrive/Underwater Audio Data/data/Vessels/Cargo_7.wav,3.0
/content/drive/MyDrive/Underwater Audio Data/processed/Vessels/Cargo_7_chunk48.wav,Vessels,/content/drive/MyDrive/Underwater Audio Data/data/Vessels/Cargo_7.wav,3.0
/content/drive/MyDrive/Underwater Audio Data/processed/Vessels/Cargo_7_chunk49.wav,Vessels,/content/drive/MyDrive/Underwater Audio Data/data/Vessels/Cargo_7.wav,3.0
/content/drive/MyDrive/Underwater Audio Data/processed/Vessels/Cargo_7_chunk50.wav,Vessels,/content/drive/MyDrive/Underwater Audio Data/data/Vessels/Cargo_7.wav,3.0
/content/drive/MyDrive/Underwater Audio Data/processed/Vessels/Cargo_7_chunk51.wav,Vessels,/content/drive/MyDrive/Underwater Audio Data/data/Vessels/Cargo_7.wav,3.0
/content/drive/MyDrive/Underwater Audio Data/processed/Vessels/Cargo_7_chunk52.wav,Vessels,/content/drive/MyDrive/Underwater Audio Data/data/Vessels/Cargo_7.wav,3.0
/content/drive/MyDrive/Underwater Audio Data/processed/Vessels/Cargo_7_chunk53.wav,Vessels,/content/drive/MyDrive/Underwater Audio Data/data/Vessels/Cargo_7.wav,3.0
/content/drive/MyDrive/Underwater Audio Data/processed/Vessels/Cargo_7_chunk54.wav,Vessels,/content/drive/MyDrive/Underwater Audio Data/data/Vessels/Cargo_7.wav,3.0
/content/drive/MyDrive/Underwater Audio Data/processed/Vessels/Cargo_7_chunk55.wav,Vessels,/content/drive/MyDrive/Underwater Audio Data/data/Vessels/Cargo_7.wav,3.0
/content/drive/MyDrive/Underwater Audio Data/processed/Vessels/Cargo_7_chunk56.wav,Vessels,/content/drive/MyDrive/Underwater Audio Data/data/Vessels/Cargo_7.wav,3.0
/content/drive/MyDrive/Underwater Audio Data/processed/Vessels/Cargo_7_chunk57.wav,Vessels,/content/drive/MyDrive/Underwater Audio Data/data/Vessels/Cargo_7.wav,3.0
/content/drive/MyDrive/Underwater Audio Data/processed/Vessels/Cargo_7_chunk58.wav,Vessels,/content/drive/MyDrive/Underwater Audio Data/data/Vessels/Cargo_7.wav,3.0
/content/drive/MyDrive/Underwater Audio Data/processed/Vessels/Cargo_7_chunk59.wav,Vessels,/content/drive/MyDrive/Underwater Audio Data/data/Vessels/Cargo_7.wav,3.0
/content/drive/MyDrive/Underwater Audio Data/processed/Vessels/Cargo_7_chunk60.wav,Vessels,/content/drive/MyDrive/Underwater Audio Data/data/Vessels/Cargo_7.wav,3.0
/content/drive/MyDrive/Underwater Audio Data/processed/Vessels/Cargo_7_chunk61.wav,Vessels,/content/drive/MyDrive/Underwater Audio Data/data/Vessels/Cargo_7.wav,3.0
/content/drive/MyDrive/Underwater Audio Data/processed/Vessels/Cargo_7_chunk62.wav,Vessels,/content/drive/MyDrive/Underwater Audio Data/data/Vessels/Cargo_7.wav,3.0
/content/drive/MyDrive/Underwater Audio Data/processed/Vessels/Cargo_7_chunk63.wav,Vessels,/content/drive/MyDrive/Underwater Audio Data/data/Vessels/Cargo_7.wav,3.0
/content/drive/MyDrive/Underwater Audio Data/processed/Vessels/Cargo_7_chunk64.wav,Vessels,/content/drive/MyDrive/Underwater Audio Data/data/Vessels/Cargo_7.wav,3.0
/content/drive/MyDrive/Underwater Audio Data/processed/Vessels/Cargo_7_chunk65.wav,Vessels,/content/drive/MyDrive/Underwater Audio Data/data/Vessels/Cargo_7.wav,3.0
/content/drive/MyDrive/Underwater Audio Data/processed/Vessels/Cargo_7_chunk66.wav,Vessels,/content/drive/MyDrive/Underwater Audio Data/data/Vessels/Cargo_7.wav,3.0
/content/drive/MyDrive/Underwater Audio Data/processed/Vessels/Cargo_7_chunk67.wav,Vessels,/content/drive/MyDrive/Underwater Audio Data/data/Vessels/Cargo_7.wav,3.0
/content/drive/MyDrive/Underwater Audio Data/processed/Vessels/Cargo_7_chunk68.wav,Vessels,/content/drive/MyDrive/Underwater Audio Data/data/Vessels/Cargo_7.wav,3.0
/content/drive/MyDrive/Underwater Audio Data/processed/Vessels/Cargo_7_chunk69.wav,Vessels,/content/drive/MyDrive/Underwater Audio Data/data/Vessels/Cargo_7.wav,3.0
/content/drive/MyDrive/Underwater Audio Data/processed/Vessels/Cargo_7_chunk70.wav,Vessels,/content/drive/MyDrive/Underwater Audio Data/data/Vessels/Cargo_7.wav,3.0
/content/drive/MyDrive/Underwater Audio Data/processed/Vessels/Cargo_7_chunk71.wav,Vessels,/content/drive/MyDrive/Underwater Audio Data/data/Vessels/Cargo_7.wav,3.0
/content/drive/MyDrive/Underwater Audio Data/processed/Vessels/Cargo_7_chunk72.wav,Vessels,/content/drive/MyDrive/Underwater Audio Data/data/Vessels/Cargo_7.wav,3.0
/content/drive/MyDrive/Underwater Audio Data/processed/Vessels/Cargo_7_chunk73.wav,Vessels,/content/drive/MyDrive/Underwater Audio Data/data/Vessels/Cargo_7.wav,3.0
/content/drive/MyDrive/Underwater Audio Data/processed/Vessels/Cargo_7_chunk74.wav,Vessels,/content/drive/MyDrive/Underwater Audio Data/data/Vessels/Cargo_7.wav,3.0
/content/drive/MyDrive/Underwater Audio Data/processed/Vessels/Cargo_7_chunk75.wav,Vessels,/content/drive/MyDrive/Underwater Audio Data/data/Vessels/Cargo_7.wav,3.0
/content/drive/MyDrive/Underwater Audio Data/processed/Vessels/Cargo_7_chunk76.wav,Vessels,/content/drive/MyDrive/Underwater Audio Data/data/Vessels/Cargo_7.wav,3.0
/content/drive/MyDrive/Underwater Audio Data/processed/Vessels/Cargo_7_chunk77.wav,Vessels,/content/drive/MyDrive/Underwater Audio Data/data/Vessels/Cargo_7.wav,3.0
/content/drive/MyDrive/Underwater Audio Data/processed/Vessels/Cargo_7_chunk78.wav,Vessels,/content/drive/MyDrive/Underwater Audio Data/data/Vessels/Cargo_7.wav,3.0
/content/drive/MyDrive/Underwater Audio Data/processed/Vessels/Cargo_7_chunk79.wav,Vessels,/content/drive/MyDrive/Underwater Audio Data/data/Vessels/Cargo_7.wav,3.0
/content/drive/MyDrive/Underwater Audio Data/processed/Vessels/Cargo_7_chunk80.wav,Vessels,/content/drive/MyDrive/Underwater Audio Data/data/Vessels/Cargo_7.wav,3.0
/content/drive/MyDrive/Underwater Audio Data/processed/Vessels/Cargo_7_chunk81.wav,Vessels,/content/drive/MyDrive/Underwater Audio Data/data/Vessels/Cargo_7.wav,3.0
/content/drive/MyDrive/Underwater Audio Data/processed/Vessels/Cargo_7_chunk82.wav,Vessels,/content/drive/MyDrive/Underwater Audio Data/data/Vessels/Cargo_7.wav,3.0
/content/drive/MyDrive/Underwater Audio Data/processed/Vessels/Cargo_7_chunk83.wav,Vessels,/content/drive/MyDrive/Underwater Audio Data/data/Vessels/Cargo_7.wav,3.0
/content/drive/MyDrive/Underwater Audio Data/processed/Vessels/Cargo_7_chunk84.wav,Vessels,/content/drive/MyDrive/Underwater Audio Data/data/Vessels/Cargo_7.wav,3.0
/content/drive/MyDrive/Underwater Audio Data/processed/Vessels/Cargo_7_chunk85.wav,Vessels,/content/drive/MyDrive/Underwater Audio Data/data/Vessels/Cargo_7.wav,3.0
/content/drive/MyDrive/Underwater Audio Data/processed/Vessels/Cargo_7_chunk86.wav,Vessels,/content/drive/MyDrive/Underwater Audio Data/data/Vessels/Cargo_7.wav,3.0
/content/drive/MyDrive/Underwater Audio Data/processed/Vessels/Cargo_7_chunk87.wav,Vessels,/content/drive/MyDrive/Underwater Audio Data/data/Vessels/Cargo_7.wav,3.0
/content/drive/MyDrive/Underwater Audio Data/processed/Vessels/Cargo_7_chunk88.wav,Vessels,/content/drive/MyDrive/Underwater Audio Data/data/Vessels/Cargo_7.wav,3.0
/content/drive/MyDrive/Underwater Audio Data/processed/Vessels/Cargo_7_chunk89.wav,Vessels,/content/drive/MyDrive/Underwater Audio Data/data/Vessels/Cargo_7.wav,3.0
/content/drive/MyDrive/Underwater Audio Data/processed/Vessels/Cargo_7_chunk90.wav,Vessels,/content/drive/MyDrive/Underwater Audio Data/data/Vessels/Cargo_7.wav,3.0
/content/drive/MyDrive/Underwater Audio Data/processed/Vessels/Cargo_7_chunk91.wav,Vessels,/content/drive/MyDrive/Underwater Audio Data/data/Vessels/Cargo_7.wav,3.0
/content/drive/MyDrive/Underwater Audio Data/processed/Vessels/Cargo_7_chunk92.wav,Vessels,/content/drive/MyDrive/Underwater Audio Data/data/Vessels/Cargo_7.wav,3.0
/content/drive/MyDrive/Underwater Audio Data/processed/Vessels/Cargo_7_chunk93.wav,Vessels,/content/drive/MyDrive/Underwater Audio Data/data/Vessels/Cargo_7.wav,3.0
/content/drive/MyDrive/Underwater Audio Data/processed/Vessels/Cargo_7_chunk94.wav,Vessels,/content/drive/MyDrive/Underwater Audio Data/data/Vessels/Cargo_7.wav,3.0
/content/drive/MyDrive/Underwater Audio Data/processed/Vessels/Cargo_7_chunk95.wav,Vessels,/content/drive/MyDrive/Underwater Audio Data/data/Vessels/Cargo_7.wav,3.0
/content/drive/MyDrive/Underwater Audio Data/processed/Vessels/Cargo_7_chunk96.wav,Vessels,/content/drive/MyDrive/Underwater Audio Data/data/Vessels/Cargo_7.wav,3.0
/content/drive/MyDrive/Underwater Audio Data/processed/Vessels/Cargo_7_chunk97.wav,Vessels,/content/drive/MyDrive/Underwater Audio Data/data/Vessels/Cargo_7.wav,3.0
/content/drive/MyDrive/Underwater Audio Data/processed/Vessels/Cargo_7_chunk98.wav,Vessels,/content/drive/MyDrive/Underwater Audio Data/data/Vessels/Cargo_7.wav,3.0
/content/drive/MyDrive/Underwater Audio Data/processed/Vessels/Cargo_7_chunk99.wav,Vessels,/content/drive/MyDrive/Underwater Audio Data/data/Vessels/Cargo_7.wav,3.0
/content/drive/MyDrive/Underwater Audio Data/processed/Vessels/Cargo_7_chunk100.wav,Vessels,/content/drive/MyDrive/Underwater Audio Data/data/Vessels/Cargo_7.wav,3.0
/content/drive/MyDrive/Underwater Audio Data/processed/Vessels/Cargo_7_chunk101.wav,Vessels,/content/drive/MyDrive/Underwater Audio Data/data/Vessels/Cargo_7.wav,3.0
/content/drive/MyDrive/Underwater Audio Data/processed/Vessels/Cargo_7_chunk102.wav,Vessels,/content/drive/MyDrive/Underwater Audio Data/data/Vessels/Cargo_7.wav,3.0
/content/drive/MyDrive/Underwater Audio Data/processed/Vessels/Cargo_7_chunk103.wav,Vessels,/content/drive/MyDrive/Underwater Audio Data/data/Vessels/Cargo_7.wav,3.0
/content/drive/MyDrive/Underwater Audio Data/processed/Vessels/Cargo_7_chunk104.wav,Vessels,/content/drive/MyDrive/Underwater Audio Data/data/Vessels/Cargo_7.wav,3.0
/content/drive/MyDrive/Underwater Audio Data/processed/Vessels/Cargo_7_chunk105.wav,Vessels,/content/drive/MyDrive/Underwater Audio Data/data/Vessels/Cargo_7.wav,3.0
/content/drive/MyDrive/Underwater Audio Data/processed/Vessels/Cargo_7_chunk106.wav,Vessels,/content/drive/MyDrive/Underwater Audio Data/data/Vessels/Cargo_7.wav,3.0
/content/drive/MyDrive/Underwater Audio Data/processed/Vessels/Cargo_7_chunk107.wav,Vessels,/content/drive/MyDrive/Underwater Audio Data/data/Vessels/Cargo_7.wav,3.0
/content/drive/MyDrive/Underwater Audio Data/processed/Vessels/Cargo_7_chunk108.wav,Vessels,/content/drive/MyDrive/Underwater Audio Data/data/Vessels/Cargo_7.wav,3.0
/content/drive/MyDrive/Underwater Audio Data/processed/Vessels/Cargo_7_chunk109.wav,Vessels,/content/drive/MyDrive/Underwater Audio Data/data/Vessels/Cargo_7.wav,3.0
/content/drive/MyDrive/Underwater Audio Data/processed/Vessels/Cargo_7_chunk110.wav,Vessels,/content/drive/MyDrive/Underwater Audio Data/data/Vessels/Cargo_7.wav,3.0
/content/drive/MyDrive/Underwater Audio Data/processed/Vessels/Cargo_7_chunk111.wav,Vessels,/content/drive/MyDrive/Underwater Audio Data/data/Vessels/Cargo_7.wav,3.0
/content/drive/MyDrive/Underwater Audio Data/processed/Vessels/Cargo_7_chunk112.wav,Vessels,/content/drive/MyDrive/Underwater Audio Data/data/Vessels/Cargo_7.wav,3.0
/content/drive/MyDrive/Underwater Audio Data/processed/Vessels/Cargo_7_chunk113.wav,Vessels,/content/drive/MyDrive/Underwater Audio Data/data/Vessels/Cargo_7.wav,3.0
/content/drive/MyDrive/Underwater Audio Data/processed/Vessels/Cargo_7_chunk114.wav,Vessels,/content/drive/MyDrive/Underwater Audio Data/data/Vessels/Cargo_7.wav,3.0
/content/drive/MyDrive/Underwater Audio Data/processed/Vessels/Cargo_7_chunk115.wav,Vessels,/content/drive/MyDrive/Underwater Audio Data/data/Vessels/Cargo_7.wav,3.0
/content/drive/MyDrive/Underwater Audio Data/processed/Vessels/Cargo_7_chunk116.wav,Vessels,/content/drive/MyDrive/Underwater Audio Data/data/Vessels/Cargo_7.wav,3.0
/content/drive/MyDrive/Underwater Audio Data/processed/Vessels/Cargo_7_chunk117.wav,Vessels,/content/drive/MyDrive/Underwater Audio Data/data/Vessels/Cargo_7.wav,3.0
/content/drive/MyDrive/Underwater Audio Data/processed/Vessels/Cargo_7_chunk118.wav,Vessels,/content/drive/MyDrive/Underwater Audio Data/data/Vessels/Cargo_7.wav,3.0
/content/drive/MyDrive/Underwater Audio Data/processed/Vessels/Cargo_7_chunk119.wav,Vessels,/content/drive/MyDrive/Underwater Audio Data/data/Vessels/Cargo_7.wav,3.0
/content/drive/MyDrive/Underwater Audio Data/processed/Vessels/Cargo_7_chunk120.wav,Vessels,/content/drive/MyDrive/Underwater Audio Data/data/Vessels/Cargo_7.wav,3.0
/content/drive/MyDrive/Underwater Audio Data/processed/Vessels/Cargo_7_chunk121.wav,Vessels,/content/drive/MyDrive/Underwater Audio Data/data/Vessels/Cargo_7.wav,3.0
/content/drive/MyDrive/Underwater Audio Data/processed/Vessels/Cargo_7_chunk122.wav,Vessels,/content/drive/MyDrive/Underwater Audio Data/data/Vessels/Cargo_7.wav,3.0
/content/drive/MyDrive/Underwater Audio Data/processed/Vessels/Cargo_7_chunk123.wav,Vessels,/content/drive/MyDrive/Underwater Audio Data/data/Vessels/Cargo_7.wav,3.0
/content/drive/MyDrive/Underwater Audio Data/processed/Vessels/Cargo_7_chunk124.wav,Vessels,/content/drive/MyDrive/Underwater Audio Data/data/Vessels/Cargo_7.wav,3.0
/content/drive/MyDrive/Underwater Audio Data/processed/Vessels/Cargo_7_chunk125.wav,Vessels,/content/drive/MyDrive/Underwater Audio Data/data/Vessels/Cargo_7.wav,3.0
/content/drive/MyDrive/Underwater Audio Data/processed/Vessels/Cargo_7_chunk126.wav,Vessels,/content/drive/MyDrive/Underwater Audio Data/data/Vessels/Cargo_7.wav,3.0
/content/drive/MyDrive/Underwater Audio Data/processed/Vessels/Cargo_7_chunk127.wav,Vessels,/content/drive/MyDrive/Underwater Audio Data/data/Vessels/Cargo_7.wav,3.0
/content/drive/MyDrive/Underwater Audio Data/processed/Vessels/Cargo_7_chunk128.wav,Vessels,/content/drive/MyDrive/Underwater Audio Data/data/Vessels/Cargo_7.wav,3.0
/content/drive/MyDrive/Underwater Audio Data/processed/Vessels/Cargo_7_chunk129.wav,Vessels,/content/drive/MyDrive/Underwater Audio Data/data/Vessels/Cargo_7.wav,3.0
/content/drive/MyDrive/Underwater Audio Data/processed/Vessels/Cargo_7_chunk130.wav,Vessels,/content/drive/MyDrive/Underwater Audio Data/data/Vessels/Cargo_7.wav,3.0
/content/drive/MyDrive/Underwater Audio Data/processed/Vessels/Cargo_7_chunk131.wav,Vessels,/content/drive/MyDrive/Underwater Audio Data/data/Vessels/Cargo_7.wav,3.0
/content/drive/MyDrive/Underwater Audio Data/processed/Vessels/Cargo_7_chunk132.wav,Vessels,/content/drive/MyDrive/Underwater Audio Data/data/Vessels/Cargo_7.wav,3.0
/content/drive/MyDrive/Underwater Audio Data/processed/Vessels/Cargo_7_chunk133.wav,Vessels,/content/drive/MyDrive/Underwater Audio Data/data/Vessels/Cargo_7.wav,3.0
/content/drive/MyDrive/Underwater Audio Data/processed/Vessels/Cargo_8_chunk0.wav,Vessels,/content/drive/MyDrive/Underwater Audio Data/data/Vessels/Cargo_8.wav,3.0
/content/drive/MyDrive/Underwater Audio Data/processed/Vessels/Cargo_8_chunk1.wav,Vessels,/content/drive/MyDrive/Underwater Audio Data/data/Vessels/Cargo_8.wav,3.0
/content/drive/MyDrive/Underwater Audio Data/processed/Vessels/Cargo_8_chunk2.wav,Vessels,/content/drive/MyDrive/Underwater Audio Data/data/Vessels/Cargo_8.wav,3.0
/content/drive/MyDrive/Underwater Audio Data/processed/Vessels/Cargo_8_chunk3.wav,Vessels,/content/drive/MyDrive/Underwater Audio Data/data/Vessels/Cargo_8.wav,3.0
/content/drive/MyDrive/Underwater Audio Data/processed/Vessels/Cargo_8_chunk4.wav,Vessels,/content/drive/MyDrive/Underwater Audio Data/data/Vessels/Cargo_8.wav,3.0
/content/drive/MyDrive/Underwater Audio Data/processed/Vessels/Cargo_8_chunk5.wav,Vessels,/content/drive/MyDrive/Underwater Audio Data/data/Vessels/Cargo_8.wav,3.0
/content/drive/MyDrive/Underwater Audio Data/processed/Vessels/Cargo_8_chunk6.wav,Vessels,/content/drive/MyDrive/Underwater Audio Data/data/Vessels/Cargo_8.wav,3.0
/content/drive/MyDrive/Underwater Audio Data/processed/Vessels/Cargo_8_chunk7.wav,Vessels,/content/drive/MyDrive/Underwater Audio Data/data/Vessels/Cargo_8.wav,3.0
/content/drive/MyDrive/Underwater Audio Data/processed/Vessels/Cargo_8_chunk8.wav,Vessels,/content/drive/MyDrive/Underwater Audio Data/data/Vessels/Cargo_8.wav,3.0
/content/drive/MyDrive/Underwater Audio Data/processed/Vessels/Cargo_8_chunk9.wav,Vessels,/content/drive/MyDrive/Underwater Audio Data/data/Vessels/Cargo_8.wav,3.0
/content/drive/MyDrive/Underwater Audio Data/processed/Vessels/Cargo_8_chunk10.wav,Vessels,/content/drive/MyDrive/Underwater Audio Data/data/Vessels/Cargo_8.wav,3.0
/content/drive/MyDrive/Underwater Audio Data/processed/Vessels/Cargo_8_chunk11.wav,Vessels,/content/drive/MyDrive/Underwater Audio Data/data/Vessels/Cargo_8.wav,3.0
/content/drive/MyDrive/Underwater Audio Data/processed/Vessels/Cargo_8_chunk12.wav,Vessels,/content/drive/MyDrive/Underwater Audio Data/data/Vessels/Cargo_8.wav,3.0
/content/drive/MyDrive/Underwater Audio Data/processed/Vessels/Cargo_8_chunk13.wav,Vessels,/content/drive/MyDrive/Underwater Audio Data/data/Vessels/Cargo_8.wav,3.0
/content/drive/MyDrive/Underwater Audio Data/processed/Vessels/Cargo_8_chunk14.wav,Vessels,/content/drive/MyDrive/Underwater Audio Data/data/Vessels/Cargo_8.wav,3.0
/content/drive/MyDrive/Underwater Audio Data/processed/Vessels/Cargo_8_chunk15.wav,Vessels,/content/drive/MyDrive/Underwater Audio Data/data/Vessels/Cargo_8.wav,3.0
/content/drive/MyDrive/Underwater Audio Data/processed/Vessels/Cargo_8_chunk16.wav,Vessels,/content/drive/MyDrive/Underwater Audio Data/data/Vessels/Cargo_8.wav,3.0
/content/drive/MyDrive/Underwater Audio Data/processed/Vessels/Cargo_8_chunk17.wav,Vessels,/content/drive/MyDrive/Underwater Audio Data/data/Vessels/Cargo_8.wav,3.0
/content/drive/MyDrive/Underwater Audio Data/processed/Vessels/Cargo_8_chunk18.wav,Vessels,/content/drive/MyDrive/Underwater Audio Data/data/Vessels/Cargo_8.wav,3.0
/content/drive/MyDrive/Underwater Audio Data/processed/Vessels/Cargo_8_chunk19.wav,Vessels,/content/drive/MyDrive/Underwater Audio Data/data/Vessels/Cargo_8.wav,3.0
/content/drive/MyDrive/Underwater Audio Data/processed/Vessels/Cargo_8_chunk20.wav,Vessels,/content/drive/MyDrive/Underwater Audio Data/data/Vessels/Cargo_8.wav,3.0
/content/drive/MyDrive/Underwater Audio Data/processed/Vessels/Cargo_8_chunk21.wav,Vessels,/content/drive/MyDrive/Underwater Audio Data/data/Vessels/Cargo_8.wav,3.0
/content/drive/MyDrive/Underwater Audio Data/processed/Vessels/Cargo_8_chunk22.wav,Vessels,/content/drive/MyDrive/Underwater Audio Data/data/Vessels/Cargo_8.wav,3.0
/content/drive/MyDrive/Underwater Audio Data/processed/Vessels/Cargo_8_chunk23.wav,Vessels,/content/drive/MyDrive/Underwater Audio Data/data/Vessels/Cargo_8.wav,3.0
/content/drive/MyDrive/Underwater Audio Data/processed/Vessels/Cargo_8_chunk24.wav,Vessels,/content/drive/MyDrive/Underwater Audio Data/data/Vessels/Cargo_8.wav,3.0
/content/drive/MyDrive/Underwater Audio Data/processed/Vessels/Cargo_8_chunk25.wav,Vessels,/content/drive/MyDrive/Underwater Audio Data/data/Vessels/Cargo_8.wav,3.0
/content/drive/MyDrive/Underwater Audio Data/processed/Vessels/Cargo_8_chunk26.wav,Vessels,/content/drive/MyDrive/Underwater Audio Data/data/Vessels/Cargo_8.wav,3.0
/content/drive/MyDrive/Underwater Audio Data/processed/Vessels/Cargo_8_chunk27.wav,Vessels,/content/drive/MyDrive/Underwater Audio Data/data/Vessels/Cargo_8.wav,3.0
/content/drive/MyDrive/Underwater Audio Data/processed/Vessels/Cargo_8_chunk28.wav,Vessels,/content/drive/MyDrive/Underwater Audio Data/data/Vessels/Cargo_8.wav,3.0
/content/drive/MyDrive/Underwater Audio Data/processed/Vessels/Cargo_8_chunk29.wav,Vessels,/content/drive/MyDrive/Underwater Audio Data/data/Vessels/Cargo_8.wav,3.0
/content/drive/MyDrive/Underwater Audio Data/processed/Vessels/Cargo_8_chunk30.wav,Vessels,/content/drive/MyDrive/Underwater Audio Data/data/Vessels/Cargo_8.wav,3.0
/content/drive/MyDrive/Underwater Audio Data/processed/Vessels/Cargo_8_chunk31.wav,Vessels,/content/drive/MyDrive/Underwater Audio Data/data/Vessels/Cargo_8.wav,3.0
/content/drive/MyDrive/Underwater Audio Data/processed/Vessels/Cargo_8_chunk32.wav,Vessels,/content/drive/MyDrive/Underwater Audio Data/data/Vessels/Cargo_8.wav,3.0
/content/drive/MyDrive/Underwater Audio Data/processed/Vessels/Cargo_8_chunk33.wav,Vessels,/content/drive/MyDrive/Underwater Audio Data/data/Vessels/Cargo_8.wav,3.0
/content/drive/MyDrive/Underwater Audio Data/processed/Vessels/Cargo_8_chunk34.wav,Vessels,/content/drive/MyDrive/Underwater Audio Data/data/Vessels/Cargo_8.wav,3.0
/content/drive/MyDrive/Underwater Audio Data/processed/Vessels/Cargo_8_chunk35.wav,Vessels,/content/drive/MyDrive/Underwater Audio Data/data/Vessels/Cargo_8.wav,3.0
/content/drive/MyDrive/Underwater Audio Data/processed/Vessels/Cargo_8_chunk36.wav,Vessels,/content/drive/MyDrive/Underwater Audio Data/data/Vessels/Cargo_8.wav,3.0
/content/drive/MyDrive/Underwater Audio Data/processed/Vessels/Cargo_8_chunk37.wav,Vessels,/content/drive/MyDrive/Underwater Audio Data/data/Vessels/Cargo_8.wav,3.0
/content/drive/MyDrive/Underwater Audio Data/processed/Vessels/Cargo_8_chunk38.wav,Vessels,/content/drive/MyDrive/Underwater Audio Data/data/Vessels/Cargo_8.wav,3.0
/content/drive/MyDrive/Underwater Audio Data/processed/Vessels/Cargo_8_chunk39.wav,Vessels,/content/drive/MyDrive/Underwater Audio Data/data/Vessels/Cargo_8.wav,3.0
/content/drive/MyDrive/Underwater Audio Data/processed/Vessels/Cargo_8_chunk40.wav,Vessels,/content/drive/MyDrive/Underwater Audio Data/data/Vessels/Cargo_8.wav,3.0
/content/drive/MyDrive/Underwater Audio Data/processed/Vessels/Cargo_8_chunk41.wav,Vessels,/content/drive/MyDrive/Underwater Audio Data/data/Vessels/Cargo_8.wav,3.0
/content/drive/MyDrive/Underwater Audio Data/processed/Vessels/Cargo_8_chunk42.wav,Vessels,/content/drive/MyDrive/Underwater Audio Data/data/Vessels/Cargo_8.wav,3.0
/content/drive/MyDrive/Underwater Audio Data/processed/Vessels/Cargo_8_chunk43.wav,Vessels,/content/drive/MyDrive/Underwater Audio Data/data/Vessels/Cargo_8.wav,3.0
/content/drive/MyDrive/Underwater Audio Data/processed/Vessels/Cargo_8_chunk44.wav,Vessels,/content/drive/MyDrive/Underwater Audio Data/data/Vessels/Cargo_8.wav,3.0
/content/drive/MyDrive/Underwater Audio Data/processed/Vessels/Cargo_8_chunk45.wav,Vessels,/content/drive/MyDrive/Underwater Audio Data/data/Vessels/Cargo_8.wav,3.0
/content/drive/MyDrive/Underwater Audio Data/processed/Vessels/Cargo_8_chunk46.wav,Vessels,/content/drive/MyDrive/Underwater Audio Data/data/Vessels/Cargo_8.wav,3.0
/content/drive/MyDrive/Underwater Audio Data/processed/Vessels/Cargo_8_chunk47.wav,Vessels,/content/drive/MyDrive/Underwater Audio Data/data/Vessels/Cargo_8.wav,3.0
/content/drive/MyDrive/Underwater Audio Data/processed/Vessels/Cargo_8_chunk48.wav,Vessels,/content/drive/MyDrive/Underwater Audio Data/data/Vessels/Cargo_8.wav,3.0
/content/drive/MyDrive/Underwater Audio Data/processed/Vessels/Cargo_8_chunk49.wav,Vessels,/content/drive/MyDrive/Underwater Audio Data/data/Vessels/Cargo_8.wav,3.0
/content/drive/MyDrive/Underwater Audio Data/processed/Vessels/Cargo_8_chunk50.wav,Vessels,/content/drive/MyDrive/Underwater Audio Data/data/Vessels/Cargo_8.wav,3.0
/content/drive/MyDrive/Underwater Audio Data/processed/Vessels/Cargo_8_chunk51.wav,Vessels,/content/drive/MyDrive/Underwater Audio Data/data/Vessels/Cargo_8.wav,3.0
/content/drive/MyDrive/Underwater Audio Data/processed/Vessels/Cargo_8_chunk52.wav,Vessels,/content/drive/MyDrive/Underwater Audio Data/data/Vessels/Cargo_8.wav,3.0
/content/drive/MyDrive/Underwater Audio Data/processed/Vessels/Cargo_8_chunk53.wav,Vessels,/content/drive/MyDrive/Underwater Audio Data/data/Vessels/Cargo_8.wav,3.0
/content/drive/MyDrive/Underwater Audio Data/processed/Vessels/Cargo_8_chunk54.wav,Vessels,/content/drive/MyDrive/Underwater Audio Data/data/Vessels/Cargo_8.wav,3.0
/content/drive/MyDrive/Underwater Audio Data/processed/Vessels/Cargo_8_chunk55.wav,Vessels,/content/drive/MyDrive/Underwater Audio Data/data/Vessels/Cargo_8.wav,3.0
/content/drive/MyDrive/Underwater Audio Data/processed/Vessels/Cargo_8_chunk56.wav,Vessels,/content/drive/MyDrive/Underwater Audio Data/data/Vessels/Cargo_8.wav,3.0
/content/drive/MyDrive/Underwater Audio Data/processed/Vessels/Cargo_8_chunk57.wav,Vessels,/content/drive/MyDrive/Underwater Audio Data/data/Vessels/Cargo_8.wav,3.0
/content/drive/MyDrive/Underwater Audio Data/processed/Vessels/Cargo_8_chunk58.wav,Vessels,/content/drive/MyDrive/Underwater Audio Data/data/Vessels/Cargo_8.wav,3.0
/content/drive/MyDrive/Underwater Audio Data/processed/Vessels/Cargo_8_chunk59.wav,Vessels,/content/drive/MyDrive/Underwater Audio Data/data/Vessels/Cargo_8.wav,3.0
/content/drive/MyDrive/Underwater Audio Data/processed/Vessels/Cargo_8_chunk60.wav,Vessels,/content/drive/MyDrive/Underwater Audio Data/data/Vessels/Cargo_8.wav,3.0
/content/drive/MyDrive/Underwater Audio Data/processed/Vessels/Cargo_8_chunk61.wav,Vessels,/content/drive/MyDrive/Underwater Audio Data/data/Vessels/Cargo_8.wav,3.0
/content/drive/MyDrive/Underwater Audio Data/processed/Vessels/Cargo_8_chunk62.wav,Vessels,/content/drive/MyDrive/Underwater Audio Data/data/Vessels/Cargo_8.wav,3.0
/content/drive/MyDrive/Underwater Audio Data/processed/Vessels/Cargo_8_chunk63.wav,Vessels,/content/drive/MyDrive/Underwater Audio Data/data/Vessels/Cargo_8.wav,3.0
/content/drive/MyDrive/Underwater Audio Data/processed/Vessels/Cargo_8_chunk64.wav,Vessels,/content/drive/MyDrive/Underwater Audio Data/data/Vessels/Cargo_8.wav,3.0
/content/drive/MyDrive/Underwater Audio Data/processed/Vessels/Cargo_8_chunk65.wav,Vessels,/content/drive/MyDrive/Underwater Audio Data/data/Vessels/Cargo_8.wav,3.0
/content/drive/MyDrive/Underwater Audio Data/processed/Vessels/Cargo_8_chunk66.wav,Vessels,/content/drive/MyDrive/Underwater Audio Data/data/Vessels/Cargo_8.wav,3.0
/content/drive/MyDrive/Underwater Audio Data/processed/Vessels/Cargo_8_chunk67.wav,Vessels,/content/drive/MyDrive/Underwater Audio Data/data/Vessels/Cargo_8.wav,3.0
/content/drive/MyDrive/Underwater Audio Data/processed/Vessels/Cargo_8_chunk68.wav,Vessels,/content/drive/MyDrive/Underwater Audio Data/data/Vessels/Cargo_8.wav,3.0
/content/drive/MyDrive/Underwater Audio Data/processed/Vessels/Cargo_8_chunk69.wav,Vessels,/content/drive/MyDrive/Underwater Audio Data/data/Vessels/Cargo_8.wav,3.0
/content/drive/MyDrive/Underwater Audio Data/processed/Vessels/Cargo_8_chunk70.wav,Vessels,/content/drive/MyDrive/Underwater Audio Data/data/Vessels/Cargo_8.wav,3.0
/content/drive/MyDrive/Underwater Audio Data/processed/Vessels/Cargo_8_chunk71.wav,Vessels,/content/drive/MyDrive/Underwater Audio Data/data/Vessels/Cargo_8.wav,3.0
/content/drive/MyDrive/Underwater Audio Data/processed/Vessels/Cargo_8_chunk72.wav,Vessels,/content/drive/MyDrive/Underwater Audio Data/data/Vessels/Cargo_8.wav,3.0
/content/drive/MyDrive/Underwater Audio Data/processed/Vessels/Cargo_8_chunk73.wav,Vessels,/content/drive/MyDrive/Underwater Audio Data/data/Vessels/Cargo_8.wav,3.0
/content/drive/MyDrive/Underwater Audio Data/processed/Vessels/Cargo_8_chunk74.wav,Vessels,/content/drive/MyDrive/Underwater Audio Data/data/Vessels/Cargo_8.wav,3.0
/content/drive/MyDrive/Underwater Audio Data/processed/Vessels/Cargo_8_chunk75.wav,Vessels,/content/drive/MyDrive/Underwater Audio Data/data/Vessels/Cargo_8.wav,3.0
/content/drive/MyDrive/Underwater Audio Data/processed/Vessels/Cargo_8_chunk76.wav,Vessels,/content/drive/MyDrive/Underwater Audio Data/data/Vessels/Cargo_8.wav,3.0
/content/drive/MyDrive/Underwater Audio Data/processed/Vessels/Cargo_8_chunk77.wav,Vessels,/content/drive/MyDrive/Underwater Audio Data/data/Vessels/Cargo_8.wav,3.0
/content/drive/MyDrive/Underwater Audio Data/processed/Vessels/Cargo_8_chunk78.wav,Vessels,/content/drive/MyDrive/Underwater Audio Data/data/Vessels/Cargo_8.wav,3.0
/content/drive/MyDrive/Underwater Audio Data/processed/Vessels/Cargo_8_chunk79.wav,Vessels,/content/drive/MyDrive/Underwater Audio Data/data/Vessels/Cargo_8.wav,3.0
/content/drive/MyDrive/Underwater Audio Data/processed/Vessels/Cargo_8_chunk80.wav,Vessels,/content/drive/MyDrive/Underwater Audio Data/data/Vessels/Cargo_8.wav,3.0
/content/drive/MyDrive/Underwater Audio Data/processed/Vessels/Cargo_8_chunk81.wav,Vessels,/content/drive/MyDrive/Underwater Audio Data/data/Vessels/Cargo_8.wav,3.0
/content/drive/MyDrive/Underwater Audio Data/processed/Vessels/Cargo_8_chunk82.wav,Vessels,/content/drive/MyDrive/Underwater Audio Data/data/Vessels/Cargo_8.wav,3.0
/content/drive/MyDrive/Underwater Audio Data/processed/Vessels/Cargo_8_chunk83.wav,Vessels,/content/drive/MyDrive/Underwater Audio Data/data/Vessels/Cargo_8.wav,3.0
/content/drive/MyDrive/Underwater Audio Data/processed/Vessels/Cargo_8_chunk84.wav,Vessels,/content/drive/MyDrive/Underwater Audio Data/data/Vessels/Cargo_8.wav,3.0
/content/drive/MyDrive/Underwater Audio Data/processed/Vessels/Cargo_8_chunk85.wav,Vessels,/content/drive/MyDrive/Underwater Audio Data/data/Vessels/Cargo_8.wav,3.0
/content/drive/MyDrive/Underwater Audio Data/processed/Vessels/Cargo_8_chunk86.wav,Vessels,/content/drive/MyDrive/Underwater Audio Data/data/Vessels/Cargo_8.wav,3.0
/content/drive/MyDrive/Underwater Audio Data/processed/Vessels/Cargo_8_chunk87.wav,Vessels,/content/drive/MyDrive/Underwater Audio Data/data/Vessels/Cargo_8.wav,3.0
/content/drive/MyDrive/Underwater Audio Data/processed/Vessels/Cargo_8_chunk88.wav,Vessels,/content/drive/MyDrive/Underwater Audio Data/data/Vessels/Cargo_8.wav,3.0
/content/drive/MyDrive/Underwater Audio Data/processed/Vessels/Cargo_8_chunk89.wav,Vessels,/content/drive/MyDrive/Underwater Audio Data/data/Vessels/Cargo_8.wav,3.0
/content/drive/MyDrive/Underwater Audio Data/processed/Vessels/Cargo_8_chunk90.wav,Vessels,/content/drive/MyDrive/Underwater Audio Data/data/Vessels/Cargo_8.wav,3.0
/content/drive/MyDrive/Underwater Audio Data/processed/Vessels/Cargo_8_chunk91.wav,Vessels,/content/drive/MyDrive/Underwater Audio Data/data/Vessels/Cargo_8.wav,3.0
/content/drive/MyDrive/Underwater Audio Data/processed/Vessels/Cargo_8_chunk92.wav,Vessels,/content/drive/MyDrive/Underwater Audio Data/data/Vessels/Cargo_8.wav,3.0
/content/drive/MyDrive/Underwater Audio Data/processed/Vessels/Cargo_8_chunk93.wav,Vessels,/content/drive/MyDrive/Underwater Audio Data/data/Vessels/Cargo_8.wav,3.0
/content/drive/MyDrive/Underwater Audio Data/processed/Vessels/Cargo_8_chunk94.wav,Vessels,/content/drive/MyDrive/Underwater Audio Data/data/Vessels/Cargo_8.wav,3.0
/content/drive/MyDrive/Underwater Audio Data/processed/Vessels/Cargo_8_chunk95.wav,Vessels,/content/drive/MyDrive/Underwater Audio Data/data/Vessels/Cargo_8.wav,3.0
/content/drive/MyDrive/Underwater Audio Data/processed/Vessels/Cargo_8_chunk96.wav,Vessels,/content/drive/MyDrive/Underwater Audio Data/data/Vessels/Cargo_8.wav,3.0
/content/drive/MyDrive/Underwater Audio Data/processed/Vessels/Cargo_8_chunk97.wav,Vessels,/content/drive/MyDrive/Underwater Audio Data/data/Vessels/Cargo_8.wav,3.0
/content/drive/MyDrive/Underwater Audio Data/processed/Vessels/Cargo_8_chunk98.wav,Vessels,/content/drive/MyDrive/Underwater Audio Data/data/Vessels/Cargo_8.wav,3.0
/content/drive/MyDrive/Underwater Audio Data/processed/Vessels/Cargo_8_chunk99.wav,Vessels,/content/drive/MyDrive/Underwater Audio Data/data/Vessels/Cargo_8.wav,3.0
/content/drive/MyDrive/Underwater Audio Data/processed/Vessels/Cargo_8_chunk100.wav,Vessels,/content/drive/MyDrive/Underwater Audio Data/data/Vessels/Cargo_8.wav,3.0
/content/drive/MyDrive/Underwater Audio Data/processed/Vessels/Cargo_8_chunk101.wav,Vessels,/content/drive/MyDrive/Underwater Audio Data/data/Vessels/Cargo_8.wav,3.0
/content/drive/MyDrive/Underwater Audio Data/processed/Vessels/Cargo_8_chunk102.wav,Vessels,/content/drive/MyDrive/Underwater Audio Data/data/Vessels/Cargo_8.wav,3.0
/content/drive/MyDrive/Underwater Audio Data/processed/Vessels/Cargo_8_chunk103.wav,Vessels,/content/drive/MyDrive/Underwater Audio Data/data/Vessels/Cargo_8.wav,3.0
/content/drive/MyDrive/Underwater Audio Data/processed/Vessels/Cargo_8_chunk104.wav,Vessels,/content/drive/MyDrive/Underwater Audio Data/data/Vessels/Cargo_8.wav,3.0
/content/drive/MyDrive/Underwater Audio Data/processed/Vessels/Cargo_8_chunk105.wav,Vessels,/content/drive/MyDrive/Underwater Audio Data/data/Vessels/Cargo_8.wav,3.0
/content/drive/MyDrive/Underwater Audio Data/processed/Vessels/Cargo_8_chunk106.wav,Vessels,/content/drive/MyDrive/Underwater Audio Data/data/Vessels/Cargo_8.wav,3.0
/content/drive/MyDrive/Underwater Audio Data/processed/Vessels/Cargo_8_chunk107.wav,Vessels,/content/drive/MyDrive/Underwater Audio Data/data/Vessels/Cargo_8.wav,3.0
/content/drive/MyDrive/Underwater Audio Data/processed/Vessels/Cargo_8_chunk108.wav,Vessels,/content/drive/MyDrive/Underwater Audio Data/data/Vessels/Cargo_8.wav,3.0
/content/drive/MyDrive/Underwater Audio Data/processed/Vessels/Cargo_8_chunk109.wav,Vessels,/content/drive/MyDrive/Underwater Audio Data/data/Vessels/Cargo_8.wav,3.0
/content/drive/MyDrive/Underwater Audio Data/processed/Vessels/Cargo_8_chunk110.wav,Vessels,/content/drive/MyDrive/Underwater Audio Data/data/Vessels/Cargo_8.wav,3.0
/content/drive/MyDrive/Underwater Audio Data/processed/Vessels/Cargo_8_chunk111.wav,Vessels,/content/drive/MyDrive/Underwater Audio Data/data/Vessels/Cargo_8.wav,3.0
/content/drive/MyDrive/Underwater Audio Data/processed/Vessels/Cargo_8_chunk112.wav,Vessels,/content/drive/MyDrive/Underwater Audio Data/data/Vessels/Cargo_8.wav,3.0
/content/drive/MyDrive/Underwater Audio Data/processed/Vessels/Cargo_8_chunk113.wav,Vessels,/content/drive/MyDrive/Underwater Audio Data/data/Vessels/Cargo_8.wav,3.0
/content/drive/MyDrive/Underwater Audio Data/processed/Vessels/Cargo_8_chunk114.wav,Vessels,/content/drive/MyDrive/Underwater Audio Data/data/Vessels/Cargo_8.wav,3.0
/content/drive/MyDrive/Underwater Audio Data/processed/Vessels/Cargo_8_chunk115.wav,Vessels,/content/drive/MyDrive/Underwater Audio Data/data/Vessels/Cargo_8.wav,3.0
/content/drive/MyDrive/Underwater Audio Data/processed/Vessels/Cargo_8_chunk116.wav,Vessels,/content/drive/MyDrive/Underwater Audio Data/data/Vessels/Cargo_8.wav,3.0
/content/drive/MyDrive/Underwater Audio Data/processed/Vessels/Cargo_8_chunk117.wav,Vessels,/content/drive/MyDrive/Underwater Audio Data/data/Vessels/Cargo_8.wav,3.0
/content/drive/MyDrive/Underwater Audio Data/processed/Vessels/Cargo_8_chunk118.wav,Vessels,/content/drive/MyDrive/Underwater Audio Data/data/Vessels/Cargo_8.wav,3.0
/content/drive/MyDrive/Underwater Audio Data/processed/Vessels/Cargo_8_chunk119.wav,Vessels,/content/drive/MyDrive/Underwater Audio Data/data/Vessels/Cargo_8.wav,3.0
/content/drive/MyDrive/Underwater Audio Data/processed/Vessels/Cargo_8_chunk120.wav,Vessels,/content/drive/MyDrive/Underwater Audio Data/data/Vessels/Cargo_8.wav,3.0
/content/drive/MyDrive/Underwater Audio Data/processed/Vessels/Cargo_8_chunk121.wav,Vessels,/content/drive/MyDrive/Underwater Audio Data/data/Vessels/Cargo_8.wav,3.0
/content/drive/MyDrive/Underwater Audio Data/processed/Vessels/Cargo_8_chunk122.wav,Vessels,/content/drive/MyDrive/Underwater Audio Data/data/Vessels/Cargo_8.wav,3.0
/content/drive/MyDrive/Underwater Audio Data/processed/Vessels/Cargo_8_chunk123.wav,Vessels,/content/drive/MyDrive/Underwater Audio Data/data/Vessels/Cargo_8.wav,3.0
/content/drive/MyDrive/Underwater Audio Data/processed/Vessels/Cargo_9_chunk0.wav,Vessels,/content/drive/MyDrive/Underwater Audio Data/data/Vessels/Cargo_9.wav,3.0
/content/drive/MyDrive/Underwater Audio Data/processed/Vessels/Cargo_9_chunk1.wav,Vessels,/content/drive/MyDrive/Underwater Audio Data/data/Vessels/Cargo_9.wav,3.0
/content/drive/MyDrive/Underwater Audio Data/processed/Vessels/Cargo_9_chunk2.wav,Vessels,/content/drive/MyDrive/Underwater Audio Data/data/Vessels/Cargo_9.wav,3.0
/content/drive/MyDrive/Underwater Audio Data/processed/Vessels/Cargo_9_chunk3.wav,Vessels,/content/drive/MyDrive/Underwater Audio Data/data/Vessels/Cargo_9.wav,3.0
/content/drive/MyDrive/Underwater Audio Data/processed/Vessels/Cargo_9_chunk4.wav,Vessels,/content/drive/MyDrive/Underwater Audio Data/data/Vessels/Cargo_9.wav,3.0
/content/drive/MyDrive/Underwater Audio Data/processed/Vessels/Cargo_9_chunk5.wav,Vessels,/content/drive/MyDrive/Underwater Audio Data/data/Vessels/Cargo_9.wav,3.0
/content/drive/MyDrive/Underwater Audio Data/processed/Vessels/Cargo_9_chunk6.wav,Vessels,/content/drive/MyDrive/Underwater Audio Data/data/Vessels/Cargo_9.wav,3.0
/content/drive/MyDrive/Underwater Audio Data/processed/Vessels/Cargo_9_chunk7.wav,Vessels,/content/drive/MyDrive/Underwater Audio Data/data/Vessels/Cargo_9.wav,3.0
/content/drive/MyDrive/Underwater Audio Data/processed/Vessels/Cargo_9_chunk8.wav,Vessels,/content/drive/MyDrive/Underwater Audio Data/data/Vessels/Cargo_9.wav,3.0
/content/drive/MyDrive/Underwater Audio Data/processed/Vessels/Cargo_9_chunk9.wav,Vessels,/content/drive/MyDrive/Underwater Audio Data/data/Vessels/Cargo_9.wav,3.0
/content/drive/MyDrive/Underwater Audio Data/processed/Vessels/Cargo_9_chunk10.wav,Vessels,/content/drive/MyDrive/Underwater Audio Data/data/Vessels/Cargo_9.wav,3.0
/content/drive/MyDrive/Underwater Audio Data/processed/Vessels/Cargo_9_chunk11.wav,Vessels,/content/drive/MyDrive/Underwater Audio Data/data/Vessels/Cargo_9.wav,3.0
/content/drive/MyDrive/Underwater Audio Data/processed/Vessels/Cargo_9_chunk12.wav,Vessels,/content/drive/MyDrive/Underwater Audio Data/data/Vessels/Cargo_9.wav,3.0
/content/drive/MyDrive/Underwater Audio Data/processed/Vessels/Cargo_9_chunk13.wav,Vessels,/content/drive/MyDrive/Underwater Audio Data/data/Vessels/Cargo_9.wav,3.0
/content/drive/MyDrive/Underwater Audio Data/processed/Vessels/Cargo_9_chunk14.wav,Vessels,/content/drive/MyDrive/Underwater Audio Data/data/Vessels/Cargo_9.wav,3.0
/content/drive/MyDrive/Underwater Audio Data/processed/Vessels/Cargo_9_chunk15.wav,Vessels,/content/drive/MyDrive/Underwater Audio Data/data/Vessels/Cargo_9.wav,3.0
/content/drive/MyDrive/Underwater Audio Data/processed/Vessels/Cargo_9_chunk16.wav,Vessels,/content/drive/MyDrive/Underwater Audio Data/data/Vessels/Cargo_9.wav,3.0
/content/drive/MyDrive/Underwater Audio Data/processed/Vessels/Cargo_9_chunk17.wav,Vessels,/content/drive/MyDrive/Underwater Audio Data/data/Vessels/Cargo_9.wav,3.0
/content/drive/MyDrive/Underwater Audio Data/processed/Vessels/Cargo_9_chunk18.wav,Vessels,/content/drive/MyDrive/Underwater Audio Data/data/Vessels/Cargo_9.wav,3.0
/content/drive/MyDrive/Underwater Audio Data/processed/Vessels/Cargo_9_chunk19.wav,Vessels,/content/drive/MyDrive/Underwater Audio Data/data/Vessels/Cargo_9.wav,3.0
/content/drive/MyDrive/Underwater Audio Data/processed/Vessels/Cargo_9_chunk20.wav,Vessels,/content/drive/MyDrive/Underwater Audio Data/data/Vessels/Cargo_9.wav,3.0
/content/drive/MyDrive/Underwater Audio Data/processed/Vessels/Cargo_9_chunk21.wav,Vessels,/content/drive/MyDrive/Underwater Audio Data/data/Vessels/Cargo_9.wav,3.0
/content/drive/MyDrive/Underwater Audio Data/processed/Vessels/Cargo_9_chunk22.wav,Vessels,/content/drive/MyDrive/Underwater Audio Data/data/Vessels/Cargo_9.wav,3.0
/content/drive/MyDrive/Underwater Audio Data/processed/Vessels/Cargo_9_chunk23.wav,Vessels,/content/drive/MyDrive/Underwater Audio Data/data/Vessels/Cargo_9.wav,3.0
/content/drive/MyDrive/Underwater Audio Data/processed/Vessels/Cargo_9_chunk24.wav,Vessels,/content/drive/MyDrive/Underwater Audio Data/data/Vessels/Cargo_9.wav,3.0
/content/drive/MyDrive/Underwater Audio Data/processed/Vessels/Cargo_9_chunk25.wav,Vessels,/content/drive/MyDrive/Underwater Audio Data/data/Vessels/Cargo_9.wav,3.0
/content/drive/MyDrive/Underwater Audio Data/processed/Vessels/Cargo_9_chunk26.wav,Vessels,/content/drive/MyDrive/Underwater Audio Data/data/Vessels/Cargo_9.wav,3.0
/content/drive/MyDrive/Underwater Audio Data/processed/Vessels/Cargo_9_chunk27.wav,Vessels,/content/drive/MyDrive/Underwater Audio Data/data/Vessels/Cargo_9.wav,3.0
/content/drive/MyDrive/Underwater Audio Data/processed/Vessels/Cargo_9_chunk28.wav,Vessels,/content/drive/MyDrive/Underwater Audio Data/data/Vessels/Cargo_9.wav,3.0
/content/drive/MyDrive/Underwater Audio Data/processed/Vessels/Cargo_9_chunk29.wav,Vessels,/content/drive/MyDrive/Underwater Audio Data/data/Vessels/Cargo_9.wav,3.0
/content/drive/MyDrive/Underwater Audio Data/processed/Vessels/Cargo_9_chunk30.wav,Vessels,/content/drive/MyDrive/Underwater Audio Data/data/Vessels/Cargo_9.wav,3.0
/content/drive/MyDrive/Underwater Audio Data/processed/Vessels/Cargo_9_chunk31.wav,Vessels,/content/drive/MyDrive/Underwater Audio Data/data/Vessels/Cargo_9.wav,3.0
/content/drive/MyDrive/Underwater Audio Data/processed/Vessels/Cargo_9_chunk32.wav,Vessels,/content/drive/MyDrive/Underwater Audio Data/data/Vessels/Cargo_9.wav,3.0
/content/drive/MyDrive/Underwater Audio Data/processed/Vessels/Cargo_9_chunk33.wav,Vessels,/content/drive/MyDrive/Underwater Audio Data/data/Vessels/Cargo_9.wav,3.0
/content/drive/MyDrive/Underwater Audio Data/processed/Vessels/Cargo_9_chunk34.wav,Vessels,/content/drive/MyDrive/Underwater Audio Data/data/Vessels/Cargo_9.wav,3.0
/content/drive/MyDrive/Underwater Audio Data/processed/Vessels/Cargo_9_chunk35.wav,Vessels,/content/drive/MyDrive/Underwater Audio Data/data/Vessels/Cargo_9.wav,3.0
/content/drive/MyDrive/Underwater Audio Data/processed/Vessels/Cargo_9_chunk36.wav,Vessels,/content/drive/MyDrive/Underwater Audio Data/data/Vessels/Cargo_9.wav,3.0
/content/drive/MyDrive/Underwater Audio Data/processed/Vessels/Cargo_9_chunk37.wav,Vessels,/content/drive/MyDrive/Underwater Audio Data/data/Vessels/Cargo_9.wav,3.0
/content/drive/MyDrive/Underwater Audio Data/processed/Vessels/Cargo_9_chunk38.wav,Vessels,/content/drive/MyDrive/Underwater Audio Data/data/Vessels/Cargo_9.wav,3.0
/content/drive/MyDrive/Underwater Audio Data/processed/Vessels/Cargo_9_chunk39.wav,Vessels,/content/drive/MyDrive/Underwater Audio Data/data/Vessels/Cargo_9.wav,3.0
/content/drive/MyDrive/Underwater Audio Data/processed/Vessels/Cargo_9_chunk40.wav,Vessels,/content/drive/MyDrive/Underwater Audio Data/data/Vessels/Cargo_9.wav,3.0
/content/drive/MyDrive/Underwater Audio Data/processed/Vessels/Cargo_9_chunk41.wav,Vessels,/content/drive/MyDrive/Underwater Audio Data/data/Vessels/Cargo_9.wav,3.0
/content/drive/MyDrive/Underwater Audio Data/processed/Vessels/Cargo_9_chunk42.wav,Vessels,/content/drive/MyDrive/Underwater Audio Data/data/Vessels/Cargo_9.wav,3.0
/content/drive/MyDrive/Underwater Audio Data/processed/Vessels/Cargo_9_chunk43.wav,Vessels,/content/drive/MyDrive/Underwater Audio Data/data/Vessels/Cargo_9.wav,3.0
/content/drive/MyDrive/Underwater Audio Data/processed/Vessels/Cargo_9_chunk44.wav,Vessels,/content/drive/MyDrive/Underwater Audio Data/data/Vessels/Cargo_9.wav,3.0
/content/drive/MyDrive/Underwater Audio Data/processed/Vessels/Cargo_9_chunk45.wav,Vessels,/content/drive/MyDrive/Underwater Audio Data/data/Vessels/Cargo_9.wav,3.0
/content/drive/MyDrive/Underwater Audio Data/processed/Vessels/Cargo_9_chunk46.wav,Vessels,/content/drive/MyDrive/Underwater Audio Data/data/Vessels/Cargo_9.wav,3.0
/content/drive/MyDrive/Underwater Audio Data/processed/Vessels/Cargo_9_chunk47.wav,Vessels,/content/drive/MyDrive/Underwater Audio Data/data/Vessels/Cargo_9.wav,3.0
/content/drive/MyDrive/Underwater Audio Data/processed/Vessels/Cargo_9_chunk48.wav,Vessels,/content/drive/MyDrive/Underwater Audio Data/data/Vessels/Cargo_9.wav,3.0
/content/drive/MyDrive/Underwater Audio Data/processed/Vessels/Cargo_9_chunk49.wav,Vessels,/content/drive/MyDrive/Underwater Audio Data/data/Vessels/Cargo_9.wav,3.0
/content/drive/MyDrive/Underwater Audio Data/processed/Vessels/Cargo_9_chunk50.wav,Vessels,/content/drive/MyDrive/Underwater Audio Data/data/Vessels/Cargo_9.wav,3.0
/content/drive/MyDrive/Underwater Audio Data/processed/Vessels/Cargo_9_chunk51.wav,Vessels,/content/drive/MyDrive/Underwater Audio Data/data/Vessels/Cargo_9.wav,3.0
/content/drive/MyDrive/Underwater Audio Data/processed/Vessels/Cargo_9_chunk52.wav,Vessels,/content/drive/MyDrive/Underwater Audio Data/data/Vessels/Cargo_9.wav,3.0
/content/drive/MyDrive/Underwater Audio Data/processed/Vessels/Cargo_9_chunk53.wav,Vessels,/content/drive/MyDrive/Underwater Audio Data/data/Vessels/Cargo_9.wav,3.0
/content/drive/MyDrive/Underwater Audio Data/processed/Vessels/Cargo_9_chunk54.wav,Vessels,/content/drive/MyDrive/Underwater Audio Data/data/Vessels/Cargo_9.wav,3.0
/content/drive/MyDrive/Underwater Audio Data/processed/Vessels/Cargo_9_chunk55.wav,Vessels,/content/drive/MyDrive/Underwater Audio Data/data/Vessels/Cargo_9.wav,3.0
/content/drive/MyDrive/Underwater Audio Data/processed/Vessels/Cargo_9_chunk56.wav,Vessels,/content/drive/MyDrive/Underwater Audio Data/data/Vessels/Cargo_9.wav,3.0
/content/drive/MyDrive/Underwater Audio Data/processed/Vessels/Cargo_9_chunk57.wav,Vessels,/content/drive/MyDrive/Underwater Audio Data/data/Vessels/Cargo_9.wav,3.0
/content/drive/MyDrive/Underwater Audio Data/processed/Vessels/Cargo_9_chunk58.wav,Vessels,/content/drive/MyDrive/Underwater Audio Data/data/Vessels/Cargo_9.wav,3.0
/content/drive/MyDrive/Underwater Audio Data/processed/Vessels/Cargo_9_chunk59.wav,Vessels,/content/drive/MyDrive/Underwater Audio Data/data/Vessels/Cargo_9.wav,3.0
/content/drive/MyDrive/Underwater Audio Data/processed/Vessels/Cargo_9_chunk60.wav,Vessels,/content/drive/MyDrive/Underwater Audio Data/data/Vessels/Cargo_9.wav,3.0
/content/drive/MyDrive/Underwater Audio Data/processed/Vessels/Cargo_9_chunk61.wav,Vessels,/content/drive/MyDrive/Underwater Audio Data/data/Vessels/Cargo_9.wav,3.0
/content/drive/MyDrive/Underwater Audio Data/processed/Vessels/Cargo_9_chunk62.wav,Vessels,/content/drive/MyDrive/Underwater Audio Data/data/Vessels/Cargo_9.wav,3.0
/content/drive/MyDrive/Underwater Audio Data/processed/Vessels/Cargo_9_chunk63.wav,Vessels,/content/drive/MyDrive/Underwater Audio Data/data/Vessels/Cargo_9.wav,3.0
/content/drive/MyDrive/Underwater Audio Data/processed/Vessels/Cargo_9_chunk64.wav,Vessels,/content/drive/MyDrive/Underwater Audio Data/data/Vessels/Cargo_9.wav,3.0
/content/drive/MyDrive/Underwater Audio Data/processed/Vessels/Cargo_9_chunk65.wav,Vessels,/content/drive/MyDrive/Underwater Audio Data/data/Vessels/Cargo_9.wav,3.0
/content/drive/MyDrive/Underwater Audio Data/processed/Vessels/Cargo_9_chunk66.wav,Vessels,/content/drive/MyDrive/Underwater Audio Data/data/Vessels/Cargo_9.wav,3.0
/content/drive/MyDrive/Underwater Audio Data/processed/Vessels/Cargo_9_chunk67.wav,Vessels,/content/drive/MyDrive/Underwater Audio Data/data/Vessels/Cargo_9.wav,3.0
/content/drive/MyDrive/Underwater Audio Data/processed/Vessels/Cargo_9_chunk68.wav,Vessels,/content/drive/MyDrive/Underwater Audio Data/data/Vessels/Cargo_9.wav,3.0
/content/drive/MyDrive/Underwater Audio Data/processed/Vessels/Cargo_9_chunk69.wav,Vessels,/content/drive/MyDrive/Underwater Audio Data/data/Vessels/Cargo_9.wav,3.0
/content/drive/MyDrive/Underwater Audio Data/processed/Vessels/Cargo_9_chunk70.wav,Vessels,/content/drive/MyDrive/Underwater Audio Data/data/Vessels/Cargo_9.wav,3.0
/content/drive/MyDrive/Underwater Audio Data/processed/Vessels/Cargo_9_chunk71.wav,Vessels,/content/drive/MyDrive/Underwater Audio Data/data/Vessels/Cargo_9.wav,3.0
/content/drive/MyDrive/Underwater Audio Data/processed/Vessels/Cargo_9_chunk72.wav,Vessels,/content/drive/MyDrive/Underwater Audio Data/data/Vessels/Cargo_9.wav,3.0
/content/drive/MyDrive/Underwater Audio Data/processed/Vessels/Cargo_9_chunk73.wav,Vessels,/content/drive/MyDrive/Underwater Audio Data/data/Vessels/Cargo_9.wav,3.0
/content/drive/MyDrive/Underwater Audio Data/processed/Vessels/Cargo_9_chunk74.wav,Vessels,/content/drive/MyDrive/Underwater Audio Data/data/Vessels/Cargo_9.wav,3.0
/content/drive/MyDrive/Underwater Audio Data/processed/Vessels/Cargo_9_chunk75.wav,Vessels,/content/drive/MyDrive/Underwater Audio Data/data/Vessels/Cargo_9.wav,3.0
/content/drive/MyDrive/Underwater Audio Data/processed/Vessels/Cargo_9_chunk76.wav,Vessels,/content/drive/MyDrive/Underwater Audio Data/data/Vessels/Cargo_9.wav,3.0
/content/drive/MyDrive/Underwater Audio Data/processed/Vessels/Cargo_9_chunk77.wav,Vessels,/content/drive/MyDrive/Underwater Audio Data/data/Vessels/Cargo_9.wav,3.0
/content/drive/MyDrive/Underwater Audio Data/processed/Vessels/Cargo_9_chunk78.wav,Vessels,/content/drive/MyDrive/Underwater Audio Data/data/Vessels/Cargo_9.wav,3.0
/content/drive/MyDrive/Underwater Audio Data/processed/Vessels/Cargo_9_chunk79.wav,Vessels,/content/drive/MyDrive/Underwater Audio Data/data/Vessels/Cargo_9.wav,3.0
/content/drive/MyDrive/Underwater Audio Data/processed/Vessels/Cargo_9_chunk80.wav,Vessels,/content/drive/MyDrive/Underwater Audio Data/data/Vessels/Cargo_9.wav,3.0
/content/drive/MyDrive/Underwater Audio Data/processed/Vessels/Cargo_9_chunk81.wav,Vessels,/content/drive/MyDrive/Underwater Audio Data/data/Vessels/Cargo_9.wav,3.0
/content/drive/MyDrive/Underwater Audio Data/processed/Vessels/Cargo_9_chunk82.wav,Vessels,/content/drive/MyDrive/Underwater Audio Data/data/Vessels/Cargo_9.wav,3.0
/content/drive/MyDrive/Underwater Audio Data/processed/Vessels/Cargo_9_chunk83.wav,Vessels,/content/drive/MyDrive/Underwater Audio Data/data/Vessels/Cargo_9.wav,3.0
/content/drive/MyDrive/Underwater Audio Data/processed/Vessels/Cargo_9_chunk84.wav,Vessels,/content/drive/MyDrive/Underwater Audio Data/data/Vessels/Cargo_9.wav,3.0
/content/drive/MyDrive/Underwater Audio Data/processed/Vessels/Cargo_9_chunk85.wav,Vessels,/content/drive/MyDrive/Underwater Audio Data/data/Vessels/Cargo_9.wav,3.0
/content/drive/MyDrive/Underwater Audio Data/processed/Vessels/Cargo_9_chunk86.wav,Vessels,/content/drive/MyDrive/Underwater Audio Data/data/Vessels/Cargo_9.wav,3.0
/content/drive/MyDrive/Underwater Audio Data/processed/Vessels/Cargo_9_chunk87.wav,Vessels,/content/drive/MyDrive/Underwater Audio Data/data/Vessels/Cargo_9.wav,3.0
/content/drive/MyDrive/Underwater Audio Data/processed/Vessels/Cargo_9_chunk88.wav,Vessels,/content/drive/MyDrive/Underwater Audio Data/data/Vessels/Cargo_9.wav,3.0
/content/drive/MyDrive/Underwater Audio Data/processed/Vessels/Cargo_9_chunk89.wav,Vessels,/content/drive/MyDrive/Underwater Audio Data/data/Vessels/Cargo_9.wav,3.0
/content/drive/MyDrive/Underwater Audio Data/processed/Vessels/Cargo_9_chunk90.wav,Vessels,/content/drive/MyDrive/Underwater Audio Data/data/Vessels/Cargo_9.wav,3.0
/content/drive/MyDrive/Underwater Audio Data/processed/Vessels/Cargo_9_chunk91.wav,Vessels,/content/drive/MyDrive/Underwater Audio Data/data/Vessels/Cargo_9.wav,3.0
/content/drive/MyDrive/Underwater Audio Data/processed/Vessels/Cargo_9_chunk92.wav,Vessels,/content/drive/MyDrive/Underwater Audio Data/data/Vessels/Cargo_9.wav,3.0
/content/drive/MyDrive/Underwater Audio Data/processed/Vessels/Cargo_9_chunk93.wav,Vessels,/content/drive/MyDrive/Underwater Audio Data/data/Vessels/Cargo_9.wav,3.0
/content/drive/MyDrive/Underwater Audio Data/processed/Vessels/Cargo_9_chunk94.wav,Vessels,/content/drive/MyDrive/Underwater Audio Data/data/Vessels/Cargo_9.wav,3.0
/content/drive/MyDrive/Underwater Audio Data/processed/Vessels/Cargo_9_chunk95.wav,Vessels,/content/drive/MyDrive/Underwater Audio Data/data/Vessels/Cargo_9.wav,3.0
/content/drive/MyDrive/Underwater Audio Data/processed/Vessels/Cargo_9_chunk96.wav,Vessels,/content/drive/MyDrive/Underwater Audio Data/data/Vessels/Cargo_9.wav,3.0
/content/drive/MyDrive/Underwater Audio Data/processed/Vessels/Cargo_9_chunk97.wav,Vessels,/content/drive/MyDrive/Underwater Audio Data/data/Vessels/Cargo_9.wav,3.0
/content/drive/MyDrive/Underwater Audio Data/processed/Vessels/Cargo_9_chunk98.wav,Vessels,/content/drive/MyDrive/Underwater Audio Data/data/Vessels/Cargo_9.wav,3.0
/content/drive/MyDrive/Underwater Audio Data/processed/Vessels/Cargo_9_chunk99.wav,Vessels,/content/drive/MyDrive/Underwater Audio Data/data/Vessels/Cargo_9.wav,3.0
/content/drive/MyDrive/Underwater Audio Data/processed/Vessels/Cargo_9_chunk100.wav,Vessels,/content/drive/MyDrive/Underwater Audio Data/data/Vessels/Cargo_9.wav,3.0
/content/drive/MyDrive/Underwater Audio Data/processed/Vessels/Cargo_9_chunk101.wav,Vessels,/content/drive/MyDrive/Underwater Audio Data/data/Vessels/Cargo_9.wav,3.0
/content/drive/MyDrive/Underwater Audio Data/processed/Vessels/Cargo_9_chunk102.wav,Vessels,/content/drive/MyDrive/Underwater Audio Data/data/Vessels/Cargo_9.wav,3.0
/content/drive/MyDrive/Underwater Audio Data/processed/Vessels/Cargo_9_chunk103.wav,Vessels,/content/drive/MyDrive/Underwater Audio Data/data/Vessels/Cargo_9.wav,3.0
/content/drive/MyDrive/Underwater Audio Data/processed/Vessels/Cargo_9_chunk104.wav,Vessels,/content/drive/MyDrive/Underwater Audio Data/data/Vessels/Cargo_9.wav,3.0
/content/drive/MyDrive/Underwater Audio Data/processed/Vessels/Cargo_9_chunk105.wav,Vessels,/content/drive/MyDrive/Underwater Audio Data/data/Vessels/Cargo_9.wav,3.0
/content/drive/MyDrive/Underwater Audio Data/processed/Vessels/Cargo_9_chunk106.wav,Vessels,/content/drive/MyDrive/Underwater Audio Data/data/Vessels/Cargo_9.wav,3.0
/content/drive/MyDrive/Underwater Audio Data/processed/Vessels/Cargo_9_chunk107.wav,Vessels,/content/drive/MyDrive/Underwater Audio Data/data/Vessels/Cargo_9.wav,3.0
/content/drive/MyDrive/Underwater Audio Data/processed/Vessels/Cargo_9_chunk108.wav,Vessels,/content/drive/MyDrive/Underwater Audio Data/data/Vessels/Cargo_9.wav,3.0
/content/drive/MyDrive/Underwater Audio Data/processed/Vessels/Cargo_9_chunk109.wav,Vessels,/content/drive/MyDrive/Underwater Audio Data/data/Vessels/Cargo_9.wav,3.0
/content/drive/MyDrive/Underwater Audio Data/processed/Vessels/Cargo_9_chunk110.wav,Vessels,/content/drive/MyDrive/Underwater Audio Data/data/Vessels/Cargo_9.wav,3.0
/content/drive/MyDrive/Underwater Audio Data/processed/Vessels/Cargo_9_chunk111.wav,Vessels,/content/drive/MyDrive/Underwater Audio Data/data/Vessels/Cargo_9.wav,3.0
/content/drive/MyDrive/Underwater Audio Data/processed/Vessels/Cargo_9_chunk112.wav,Vessels,/content/drive/MyDrive/Underwater Audio Data/data/Vessels/Cargo_9.wav,3.0
/content/drive/MyDrive/Underwater Audio Data/processed/Vessels/Cargo_9_chunk113.wav,Vessels,/content/drive/MyDrive/Underwater Audio Data/data/Vessels/Cargo_9.wav,3.0
/content/drive/MyDrive/Underwater Audio Data/processed/Vessels/Cargo_9_chunk114.wav,Vessels,/content/drive/MyDrive/Underwater Audio Data/data/Vessels/Cargo_9.wav,3.0
/content/drive/MyDrive/Underwater Audio Data/processed/Vessels/Cargo_9_chunk115.wav,Vessels,/content/drive/MyDrive/Underwater Audio Data/data/Vessels/Cargo_9.wav,3.0
/content/drive/MyDrive/Underwater Audio Data/processed/Vessels/Cargo_9_chunk116.wav,Vessels,/content/drive/MyDrive/Underwater Audio Data/data/Vessels/Cargo_9.wav,3.0
/content/drive/MyDrive/Underwater Audio Data/processed/Vessels/Cargo_9_chunk117.wav,Vessels,/content/drive/MyDrive/Underwater Audio Data/data/Vessels/Cargo_9.wav,3.0
/content/drive/MyDrive/Underwater Audio Data/processed/Vessels/Cargo_9_chunk118.wav,Vessels,/content/drive/MyDrive/Underwater Audio Data/data/Vessels/Cargo_9.wav,3.0
/content/drive/MyDrive/Underwater Audio Data/processed/Vessels/Cargo_9_chunk119.wav,Vessels,/content/drive/MyDrive/Underwater Audio Data/data/Vessels/Cargo_9.wav,3.0
/content/drive/MyDrive/Underwater Audio Data/processed/Vessels/Cargo_9_chunk120.wav,Vessels,/content/drive/MyDrive/Underwater Audio Data/data/Vessels/Cargo_9.wav,3.0
/content/drive/MyDrive/Underwater Audio Data/processed/Vessels/Cargo_9_chunk121.wav,Vessels,/content/drive/MyDrive/Underwater Audio Data/data/Vessels/Cargo_9.wav,3.0
/content/drive/MyDrive/Underwater Audio Data/processed/Vessels/Cargo_9_chunk122.wav,Vessels,/content/drive/MyDrive/Underwater Audio Data/data/Vessels/Cargo_9.wav,3.0
/content/drive/MyDrive/Underwater Audio Data/processed/Vessels/Cargo_9_chunk123.wav,Vessels,/content/drive/MyDrive/Underwater Audio Data/data/Vessels/Cargo_9.wav,3.0
/content/drive/MyDrive/Underwater Audio Data/processed/Vessels/Cargo_9_chunk124.wav,Vessels,/content/drive/MyDrive/Underwater Audio Data/data/Vessels/Cargo_9.wav,3.0
/content/drive/MyDrive/Underwater Audio Data/processed/Vessels/Cargo_9_chunk125.wav,Vessels,/content/drive/MyDrive/Underwater Audio Data/data/Vessels/Cargo_9.wav,3.0
/content/drive/MyDrive/Underwater Audio Data/processed/Vessels/Cargo_9_chunk126.wav,Vessels,/content/drive/MyDrive/Underwater Audio Data/data/Vessels/Cargo_9.wav,3.0
/content/drive/MyDrive/Underwater Audio Data/processed/Vessels/Cargo_9_chunk127.wav,Vessels,/content/drive/MyDrive/Underwater Audio Data/data/Vessels/Cargo_9.wav,3.0
/content/drive/MyDrive/Underwater Audio Data/processed/Vessels/Cargo_9_chunk128.wav,Vessels,/content/drive/MyDrive/Underwater Audio Data/data/Vessels/Cargo_9.wav,3.0
/content/drive/MyDrive/Underwater Audio Data/processed/Vessels/Cargo_9_chunk129.wav,Vessels,/content/drive/MyDrive/Underwater Audio Data/data/Vessels/Cargo_9.wav,3.0
/content/drive/MyDrive/Underwater Audio Data/processed/Vessels/Cargo_10_chunk0.wav,Vessels,/content/drive/MyDrive/Underwater Audio Data/data/Vessels/Cargo_10.wav,3.0
/content/drive/MyDrive/Underwater Audio Data/processed/Vessels/Cargo_10_chunk1.wav,Vessels,/content/drive/MyDrive/Underwater Audio Data/data/Vessels/Cargo_10.wav,3.0
/content/drive/MyDrive/Underwater Audio Data/processed/Vessels/Cargo_10_chunk2.wav,Vessels,/content/drive/MyDrive/Underwater Audio Data/data/Vessels/Cargo_10.wav,3.0
/content/drive/MyDrive/Underwater Audio Data/processed/Vessels/Cargo_10_chunk3.wav,Vessels,/content/drive/MyDrive/Underwater Audio Data/data/Vessels/Cargo_10.wav,3.0
/content/drive/MyDrive/Underwater Audio Data/processed/Vessels/Cargo_10_chunk4.wav,Vessels,/content/drive/MyDrive/Underwater Audio Data/data/Vessels/Cargo_10.wav,3.0
/content/drive/MyDrive/Underwater Audio Data/processed/Vessels/Cargo_10_chunk5.wav,Vessels,/content/drive/MyDrive/Underwater Audio Data/data/Vessels/Cargo_10.wav,3.0
/content/drive/MyDrive/Underwater Audio Data/processed/Vessels/Cargo_10_chunk6.wav,Vessels,/content/drive/MyDrive/Underwater Audio Data/data/Vessels/Cargo_10.wav,3.0
/content/drive/MyDrive/Underwater Audio Data/processed/Vessels/Cargo_10_chunk7.wav,Vessels,/content/drive/MyDrive/Underwater Audio Data/data/Vessels/Cargo_10.wav,3.0
/content/drive/MyDrive/Underwater Audio Data/processed/Vessels/Cargo_10_chunk8.wav,Vessels,/content/drive/MyDrive/Underwater Audio Data/data/Vessels/Cargo_10.wav,3.0
/content/drive/MyDrive/Underwater Audio Data/processed/Vessels/Cargo_10_chunk9.wav,Vessels,/content/drive/MyDrive/Underwater Audio Data/data/Vessels/Cargo_10.wav,3.0
/content/drive/MyDrive/Underwater Audio Data/processed/Vessels/Cargo_10_chunk10.wav,Vessels,/content/drive/MyDrive/Underwater Audio Data/data/Vessels/Cargo_10.wav,3.0
/content/drive/MyDrive/Underwater Audio Data/processed/Vessels/Cargo_10_chunk11.wav,Vessels,/content/drive/MyDrive/Underwater Audio Data/data/Vessels/Cargo_10.wav,3.0
/content/drive/MyDrive/Underwater Audio Data/processed/Vessels/Cargo_10_chunk12.wav,Vessels,/content/drive/MyDrive/Underwater Audio Data/data/Vessels/Cargo_10.wav,3.0
/content/drive/MyDrive/Underwater Audio Data/processed/Vessels/Cargo_10_chunk13.wav,Vessels,/content/drive/MyDrive/Underwater Audio Data/data/Vessels/Cargo_10.wav,3.0
/content/drive/MyDrive/Underwater Audio Data/processed/Vessels/Cargo_10_chunk14.wav,Vessels,/content/drive/MyDrive/Underwater Audio Data/data/Vessels/Cargo_10.wav,3.0
/content/drive/MyDrive/Underwater Audio Data/processed/Vessels/Cargo_10_chunk15.wav,Vessels,/content/drive/MyDrive/Underwater Audio Data/data/Vessels/Cargo_10.wav,3.0
/content/drive/MyDrive/Underwater Audio Data/processed/Vessels/Cargo_10_chunk16.wav,Vessels,/content/drive/MyDrive/Underwater Audio Data/data/Vessels/Cargo_10.wav,3.0
/content/drive/MyDrive/Underwater Audio Data/processed/Vessels/Cargo_10_chunk17.wav,Vessels,/content/drive/MyDrive/Underwater Audio Data/data/Vessels/Cargo_10.wav,3.0
/content/drive/MyDrive/Underwater Audio Data/processed/Vessels/Cargo_10_chunk18.wav,Vessels,/content/drive/MyDrive/Underwater Audio Data/data/Vessels/Cargo_10.wav,3.0
/content/drive/MyDrive/Underwater Audio Data/processed/Vessels/Cargo_10_chunk19.wav,Vessels,/content/drive/MyDrive/Underwater Audio Data/data/Vessels/Cargo_10.wav,3.0
/content/drive/MyDrive/Underwater Audio Data/processed/Vessels/Cargo_10_chunk20.wav,Vessels,/content/drive/MyDrive/Underwater Audio Data/data/Vessels/Cargo_10.wav,3.0
/content/drive/MyDrive/Underwater Audio Data/processed/Vessels/Cargo_10_chunk21.wav,Vessels,/content/drive/MyDrive/Underwater Audio Data/data/Vessels/Cargo_10.wav,3.0
/content/drive/MyDrive/Underwater Audio Data/processed/Vessels/Cargo_10_chunk22.wav,Vessels,/content/drive/MyDrive/Underwater Audio Data/data/Vessels/Cargo_10.wav,3.0
/content/drive/MyDrive/Underwater Audio Data/processed/Vessels/Cargo_10_chunk23.wav,Vessels,/content/drive/MyDrive/Underwater Audio Data/data/Vessels/Cargo_10.wav,3.0
/content/drive/MyDrive/Underwater Audio Data/processed/Vessels/Cargo_10_chunk24.wav,Vessels,/content/drive/MyDrive/Underwater Audio Data/data/Vessels/Cargo_10.wav,3.0
/content/drive/MyDrive/Underwater Audio Data/processed/Vessels/Cargo_10_chunk25.wav,Vessels,/content/drive/MyDrive/Underwater Audio Data/data/Vessels/Cargo_10.wav,3.0
/content/drive/MyDrive/Underwater Audio Data/processed/Vessels/Cargo_10_chunk26.wav,Vessels,/content/drive/MyDrive/Underwater Audio Data/data/Vessels/Cargo_10.wav,3.0
/content/drive/MyDrive/Underwater Audio Data/processed/Vessels/Cargo_10_chunk27.wav,Vessels,/content/drive/MyDrive/Underwater Audio Data/data/Vessels/Cargo_10.wav,3.0
/content/drive/MyDrive/Underwater Audio Data/processed/Vessels/Cargo_10_chunk28.wav,Vessels,/content/drive/MyDrive/Underwater Audio Data/data/Vessels/Cargo_10.wav,3.0
/content/drive/MyDrive/Underwater Audio Data/processed/Vessels/Cargo_10_chunk29.wav,Vessels,/content/drive/MyDrive/Underwater Audio Data/data/Vessels/Cargo_10.wav,3.0
/content/drive/MyDrive/Underwater Audio Data/processed/Vessels/Cargo_10_chunk30.wav,Vessels,/content/drive/MyDrive/Underwater Audio Data/data/Vessels/Cargo_10.wav,3.0
/content/drive/MyDrive/Underwater Audio Data/processed/Vessels/Cargo_10_chunk31.wav,Vessels,/content/drive/MyDrive/Underwater Audio Data/data/Vessels/Cargo_10.wav,3.0
/content/drive/MyDrive/Underwater Audio Data/processed/Vessels/Cargo_10_chunk32.wav,Vessels,/content/drive/MyDrive/Underwater Audio Data/data/Vessels/Cargo_10.wav,3.0
/content/drive/MyDrive/Underwater Audio Data/processed/Vessels/Cargo_10_chunk33.wav,Vessels,/content/drive/MyDrive/Underwater Audio Data/data/Vessels/Cargo_10.wav,3.0
/content/drive/MyDrive/Underwater Audio Data/processed/Vessels/Cargo_10_chunk34.wav,Vessels,/content/drive/MyDrive/Underwater Audio Data/data/Vessels/Cargo_10.wav,3.0
/content/drive/MyDrive/Underwater Audio Data/processed/Vessels/Cargo_10_chunk35.wav,Vessels,/content/drive/MyDrive/Underwater Audio Data/data/Vessels/Cargo_10.wav,3.0
/content/drive/MyDrive/Underwater Audio Data/processed/Vessels/Cargo_10_chunk36.wav,Vessels,/content/drive/MyDrive/Underwater Audio Data/data/Vessels/Cargo_10.wav,3.0
/content/drive/MyDrive/Underwater Audio Data/processed/Vessels/Cargo_10_chunk37.wav,Vessels,/content/drive/MyDrive/Underwater Audio Data/data/Vessels/Cargo_10.wav,3.0
/content/drive/MyDrive/Underwater Audio Data/processed/Vessels/Cargo_10_chunk38.wav,Vessels,/content/drive/MyDrive/Underwater Audio Data/data/Vessels/Cargo_10.wav,3.0
/content/drive/MyDrive/Underwater Audio Data/processed/Vessels/Cargo_10_chunk39.wav,Vessels,/content/drive/MyDrive/Underwater Audio Data/data/Vessels/Cargo_10.wav,3.0
/content/drive/MyDrive/Underwater Audio Data/processed/Vessels/Cargo_10_chunk40.wav,Vessels,/content/drive/MyDrive/Underwater Audio Data/data/Vessels/Cargo_10.wav,3.0
/content/drive/MyDrive/Underwater Audio Data/processed/Vessels/Cargo_10_chunk41.wav,Vessels,/content/drive/MyDrive/Underwater Audio Data/data/Vessels/Cargo_10.wav,3.0
/content/drive/MyDrive/Underwater Audio Data/processed/Vessels/Cargo_10_chunk42.wav,Vessels,/content/drive/MyDrive/Underwater Audio Data/data/Vessels/Cargo_10.wav,3.0
/content/drive/MyDrive/Underwater Audio Data/processed/Vessels/Cargo_10_chunk43.wav,Vessels,/content/drive/MyDrive/Underwater Audio Data/data/Vessels/Cargo_10.wav,3.0
/content/drive/MyDrive/Underwater Audio Data/processed/Vessels/Cargo_10_chunk44.wav,Vessels,/content/drive/MyDrive/Underwater Audio Data/data/Vessels/Cargo_10.wav,3.0
/content/drive/MyDrive/Underwater Audio Data/processed/Vessels/Cargo_10_chunk45.wav,Vessels,/content/drive/MyDrive/Underwater Audio Data/data/Vessels/Cargo_10.wav,3.0
/content/drive/MyDrive/Underwater Audio Data/processed/Vessels/Cargo_10_chunk46.wav,Vessels,/content/drive/MyDrive/Underwater Audio Data/data/Vessels/Cargo_10.wav,3.0
/content/drive/MyDrive/Underwater Audio Data/processed/Vessels/Cargo_10_chunk47.wav,Vessels,/content/drive/MyDrive/Underwater Audio Data/data/Vessels/Cargo_10.wav,3.0
/content/drive/MyDrive/Underwater Audio Data/processed/Vessels/Cargo_10_chunk48.wav,Vessels,/content/drive/MyDrive/Underwater Audio Data/data/Vessels/Cargo_10.wav,3.0
/content/drive/MyDrive/Underwater Audio Data/processed/Vessels/Cargo_10_chunk49.wav,Vessels,/content/drive/MyDrive/Underwater Audio Data/data/Vessels/Cargo_10.wav,3.0
/content/drive/MyDrive/Underwater Audio Data/processed/Vessels/Cargo_10_chunk50.wav,Vessels,/content/drive/MyDrive/Underwater Audio Data/data/Vessels/Cargo_10.wav,3.0
/content/drive/MyDrive/Underwater Audio Data/processed/Vessels/Cargo_10_chunk51.wav,Vessels,/content/drive/MyDrive/Underwater Audio Data/data/Vessels/Cargo_10.wav,3.0
/content/drive/MyDrive/Underwater Audio Data/processed/Vessels/Cargo_10_chunk52.wav,Vessels,/content/drive/MyDrive/Underwater Audio Data/data/Vessels/Cargo_10.wav,3.0
/content/drive/MyDrive/Underwater Audio Data/processed/Vessels/Cargo_10_chunk53.wav,Vessels,/content/drive/MyDrive/Underwater Audio Data/data/Vessels/Cargo_10.wav,3.0
/content/drive/MyDrive/Underwater Audio Data/processed/Vessels/Cargo_10_chunk54.wav,Vessels,/content/drive/MyDrive/Underwater Audio Data/data/Vessels/Cargo_10.wav,3.0
/content/drive/MyDrive/Underwater Audio Data/processed/Vessels/Cargo_10_chunk55.wav,Vessels,/content/drive/MyDrive/Underwater Audio Data/data/Vessels/Cargo_10.wav,3.0
/content/drive/MyDrive/Underwater Audio Data/processed/Vessels/Cargo_10_chunk56.wav,Vessels,/content/drive/MyDrive/Underwater Audio Data/data/Vessels/Cargo_10.wav,3.0
/content/drive/MyDrive/Underwater Audio Data/processed/Vessels/Cargo_10_chunk57.wav,Vessels,/content/drive/MyDrive/Underwater Audio Data/data/Vessels/Cargo_10.wav,3.0
/content/drive/MyDrive/Underwater Audio Data/processed/Vessels/Cargo_10_chunk58.wav,Vessels,/content/drive/MyDrive/Underwater Audio Data/data/Vessels/Cargo_10.wav,3.0
/content/drive/MyDrive/Underwater Audio Data/processed/Vessels/Cargo_10_chunk59.wav,Vessels,/content/drive/MyDrive/Underwater Audio Data/data/Vessels/Cargo_10.wav,3.0
/content/drive/MyDrive/Underwater Audio Data/processed/Vessels/Cargo_10_chunk60.wav,Vessels,/content/drive/MyDrive/Underwater Audio Data/data/Vessels/Cargo_10.wav,3.0
/content/drive/MyDrive/Underwater Audio Data/processed/Vessels/Cargo_10_chunk61.wav,Vessels,/content/drive/MyDrive/Underwater Audio Data/data/Vessels/Cargo_10.wav,3.0
/content/drive/MyDrive/Underwater Audio Data/processed/Vessels/Cargo_10_chunk62.wav,Vessels,/content/drive/MyDrive/Underwater Audio Data/data/Vessels/Cargo_10.wav,3.0
/content/drive/MyDrive/Underwater Audio Data/processed/Vessels/Cargo_10_chunk63.wav,Vessels,/content/drive/MyDrive/Underwater Audio Data/data/Vessels/Cargo_10.wav,3.0
/content/drive/MyDrive/Underwater Audio Data/processed/Vessels/Cargo_10_chunk64.wav,Vessels,/content/drive/MyDrive/Underwater Audio Data/data/Vessels/Cargo_10.wav,3.0
/content/drive/MyDrive/Underwater Audio Data/processed/Vessels/Cargo_10_chunk65.wav,Vessels,/content/drive/MyDrive/Underwater Audio Data/data/Vessels/Cargo_10.wav,3.0
/content/drive/MyDrive/Underwater Audio Data/processed/Vessels/Cargo_10_chunk66.wav,Vessels,/content/drive/MyDrive/Underwater Audio Data/data/Vessels/Cargo_10.wav,3.0
/content/drive/MyDrive/Underwater Audio Data/processed/Vessels/Cargo_10_chunk67.wav,Vessels,/content/drive/MyDrive/Underwater Audio Data/data/Vessels/Cargo_10.wav,3.0
/content/drive/MyDrive/Underwater Audio Data/processed/Vessels/Cargo_10_chunk68.wav,Vessels,/content/drive/MyDrive/Underwater Audio Data/data/Vessels/Cargo_10.wav,3.0
/content/drive/MyDrive/Underwater Audio Data/processed/Vessels/Cargo_10_chunk69.wav,Vessels,/content/drive/MyDrive/Underwater Audio Data/data/Vessels/Cargo_10.wav,3.0
/content/drive/MyDrive/Underwater Audio Data/processed/Vessels/Cargo_10_chunk70.wav,Vessels,/content/drive/MyDrive/Underwater Audio Data/data/Vessels/Cargo_10.wav,3.0
/content/drive/MyDrive/Underwater Audio Data/processed/Vessels/Cargo_10_chunk71.wav,Vessels,/content/drive/MyDrive/Underwater Audio Data/data/Vessels/Cargo_10.wav,3.0
/content/drive/MyDrive/Underwater Audio Data/processed/Vessels/Cargo_10_chunk72.wav,Vessels,/content/drive/MyDrive/Underwater Audio Data/data/Vessels/Cargo_10.wav,3.0
/content/drive/MyDrive/Underwater Audio Data/processed/Vessels/Cargo_10_chunk73.wav,Vessels,/content/drive/MyDrive/Underwater Audio Data/data/Vessels/Cargo_10.wav,3.0
/content/drive/MyDrive/Underwater Audio Data/processed/Vessels/Cargo_10_chunk74.wav,Vessels,/content/drive/MyDrive/Underwater Audio Data/data/Vessels/Cargo_10.wav,3.0
/content/drive/MyDrive/Underwater Audio Data/processed/Vessels/Cargo_10_chunk75.wav,Vessels,/content/drive/MyDrive/Underwater Audio Data/data/Vessels/Cargo_10.wav,3.0
/content/drive/MyDrive/Underwater Audio Data/processed/Vessels/Cargo_10_chunk76.wav,Vessels,/content/drive/MyDrive/Underwater Audio Data/data/Vessels/Cargo_10.wav,3.0
/content/drive/MyDrive/Underwater Audio Data/processed/Vessels/Cargo_10_chunk77.wav,Vessels,/content/drive/MyDrive/Underwater Audio Data/data/Vessels/Cargo_10.wav,3.0
/content/drive/MyDrive/Underwater Audio Data/processed/Vessels/Cargo_10_chunk78.wav,Vessels,/content/drive/MyDrive/Underwater Audio Data/data/Vessels/Cargo_10.wav,3.0
/content/drive/MyDrive/Underwater Audio Data/processed/Vessels/Cargo_10_chunk79.wav,Vessels,/content/drive/MyDrive/Underwater Audio Data/data/Vessels/Cargo_10.wav,3.0
/content/drive/MyDrive/Underwater Audio Data/processed/Vessels/Cargo_10_chunk80.wav,Vessels,/content/drive/MyDrive/Underwater Audio Data/data/Vessels/Cargo_10.wav,3.0
/content/drive/MyDrive/Underwater Audio Data/processed/Vessels/Cargo_10_chunk81.wav,Vessels,/content/drive/MyDrive/Underwater Audio Data/data/Vessels/Cargo_10.wav,3.0
/content/drive/MyDrive/Underwater Audio Data/processed/Vessels/Cargo_10_chunk82.wav,Vessels,/content/drive/MyDrive/Underwater Audio Data/data/Vessels/Cargo_10.wav,3.0
/content/drive/MyDrive/Underwater Audio Data/processed/Vessels/Cargo_10_chunk83.wav,Vessels,/content/drive/MyDrive/Underwater Audio Data/data/Vessels/Cargo_10.wav,3.0
/content/drive/MyDrive/Underwater Audio Data/processed/Vessels/Cargo_10_chunk84.wav,Vessels,/content/drive/MyDrive/Underwater Audio Data/data/Vessels/Cargo_10.wav,3.0
/content/drive/MyDrive/Underwater Audio Data/processed/Vessels/Cargo_10_chunk85.wav,Vessels,/content/drive/MyDrive/Underwater Audio Data/data/Vessels/Cargo_10.wav,3.0
/content/drive/MyDrive/Underwater Audio Data/processed/Vessels/Cargo_10_chunk86.wav,Vessels,/content/drive/MyDrive/Underwater Audio Data/data/Vessels/Cargo_10.wav,3.0
/content/drive/MyDrive/Underwater Audio Data/processed/Vessels/Cargo_10_chunk87.wav,Vessels,/content/drive/MyDrive/Underwater Audio Data/data/Vessels/Cargo_10.wav,3.0
/content/drive/MyDrive/Underwater Audio Data/processed/Vessels/Cargo_10_chunk88.wav,Vessels,/content/drive/MyDrive/Underwater Audio Data/data/Vessels/Cargo_10.wav,3.0
/content/drive/MyDrive/Underwater Audio Data/processed/Vessels/Cargo_10_chunk89.wav,Vessels,/content/drive/MyDrive/Underwater Audio Data/data/Vessels/Cargo_10.wav,3.0
/content/drive/MyDrive/Underwater Audio Data/processed/Vessels/Cargo_10_chunk90.wav,Vessels,/content/drive/MyDrive/Underwater Audio Data/data/Vessels/Cargo_10.wav,3.0
/content/drive/MyDrive/Underwater Audio Data/processed/Vessels/Cargo_10_chunk91.wav,Vessels,/content/drive/MyDrive/Underwater Audio Data/data/Vessels/Cargo_10.wav,3.0
/content/drive/MyDrive/Underwater Audio Data/processed/Vessels/Cargo_10_chunk92.wav,Vessels,/content/drive/MyDrive/Underwater Audio Data/data/Vessels/Cargo_10.wav,3.0
/content/drive/MyDrive/Underwater Audio Data/processed/Vessels/Cargo_10_chunk93.wav,Vessels,/content/drive/MyDrive/Underwater Audio Data/data/Vessels/Cargo_10.wav,3.0
/content/drive/MyDrive/Underwater Audio Data/processed/Vessels/Cargo_10_chunk94.wav,Vessels,/content/drive/MyDrive/Underwater Audio Data/data/Vessels/Cargo_10.wav,3.0
/content/drive/MyDrive/Underwater Audio Data/processed/Vessels/Cargo_10_chunk95.wav,Vessels,/content/drive/MyDrive/Underwater Audio Data/data/Vessels/Cargo_10.wav,3.0
/content/drive/MyDrive/Underwater Audio Data/processed/Vessels/Cargo_10_chunk96.wav,Vessels,/content/drive/MyDrive/Underwater Audio Data/data/Vessels/Cargo_10.wav,3.0
/content/drive/MyDrive/Underwater Audio Data/processed/Vessels/Cargo_10_chunk97.wav,Vessels,/content/drive/MyDrive/Underwater Audio Data/data/Vessels/Cargo_10.wav,3.0
/content/drive/MyDrive/Underwater Audio Data/processed/Vessels/Cargo_10_chunk98.wav,Vessels,/content/drive/MyDrive/Underwater Audio Data/data/Vessels/Cargo_10.wav,3.0
/content/drive/MyDrive/Underwater Audio Data/processed/Vessels/Cargo_10_chunk99.wav,Vessels,/content/drive/MyDrive/Underwater Audio Data/data/Vessels/Cargo_10.wav,3.0
/content/drive/MyDrive/Underwater Audio Data/processed/Vessels/Cargo_10_chunk100.wav,Vessels,/content/drive/MyDrive/Underwater Audio Data/data/Vessels/Cargo_10.wav,3.0
/content/drive/MyDrive/Underwater Audio Data/processed/Vessels/Cargo_10_chunk101.wav,Vessels,/content/drive/MyDrive/Underwater Audio Data/data/Vessels/Cargo_10.wav,3.0
/content/drive/MyDrive/Underwater Audio Data/processed/Vessels/Cargo_10_chunk102.wav,Vessels,/content/drive/MyDrive/Underwater Audio Data/data/Vessels/Cargo_10.wav,3.0
/content/drive/MyDrive/Underwater Audio Data/processed/Vessels/Cargo_10_chunk103.wav,Vessels,/content/drive/MyDrive/Underwater Audio Data/data/Vessels/Cargo_10.wav,3.0
/content/drive/MyDrive/Underwater Audio Data/processed/Vessels/Cargo_10_chunk104.wav,Vessels,/content/drive/MyDrive/Underwater Audio Data/data/Vessels/Cargo_10.wav,3.0
/content/drive/MyDrive/Underwater Audio Data/processed/Vessels/Cargo_10_chunk105.wav,Vessels,/content/drive/MyDrive/Underwater Audio Data/data/Vessels/Cargo_10.wav,3.0
/content/drive/MyDrive/Underwater Audio Data/processed/Vessels/Cargo_10_chunk106.wav,Vessels,/content/drive/MyDrive/Underwater Audio Data/data/Vessels/Cargo_10.wav,3.0
/content/drive/MyDrive/Underwater Audio Data/processed/Vessels/Cargo_10_chunk107.wav,Vessels,/content/drive/MyDrive/Underwater Audio Data/data/Vessels/Cargo_10.wav,3.0
/content/drive/MyDrive/Underwater Audio Data/processed/Vessels/Cargo_10_chunk108.wav,Vessels,/content/drive/MyDrive/Underwater Audio Data/data/Vessels/Cargo_10.wav,3.0
/content/drive/MyDrive/Underwater Audio Data/processed/Vessels/Cargo_10_chunk109.wav,Vessels,/content/drive/MyDrive/Underwater Audio Data/data/Vessels/Cargo_10.wav,3.0
/content/drive/MyDrive/Underwater Audio Data/processed/Vessels/Cargo_10_chunk110.wav,Vessels,/content/drive/MyDrive/Underwater Audio Data/data/Vessels/Cargo_10.wav,3.0
/content/drive/MyDrive/Underwater Audio Data/processed/Vessels/Cargo_10_chunk111.wav,Vessels,/content/drive/MyDrive/Underwater Audio Data/data/Vessels/Cargo_10.wav,3.0
/content/drive/MyDrive/Underwater Audio Data/processed/Vessels/Cargo_10_chunk112.wav,Vessels,/content/drive/MyDrive/Underwater Audio Data/data/Vessels/Cargo_10.wav,3.0
/content/drive/MyDrive/Underwater Audio Data/processed/Vessels/Cargo_10_chunk113.wav,Vessels,/content/drive/MyDrive/Underwater Audio Data/data/Vessels/Cargo_10.wav,3.0
/content/drive/MyDrive/Underwater Audio Data/processed/Vessels/Cargo_10_chunk114.wav,Vessels,/content/drive/MyDrive/Underwater Audio Data/data/Vessels/Cargo_10.wav,3.0
/content/drive/MyDrive/Underwater Audio Data/processed/Vessels/Cargo_10_chunk115.wav,Vessels,/content/drive/MyDrive/Underwater Audio Data/data/Vessels/Cargo_10.wav,3.0
/content/drive/MyDrive/Underwater Audio Data/processed/Vessels/Cargo_10_chunk116.wav,Vessels,/content/drive/MyDrive/Underwater Audio Data/data/Vessels/Cargo_10.wav,3.0
/content/drive/MyDrive/Underwater Audio Data/processed/Vessels/Cargo_10_chunk117.wav,Vessels,/content/drive/MyDrive/Underwater Audio Data/data/Vessels/Cargo_10.wav,3.0
/content/drive/MyDrive/Underwater Audio Data/processed/Vessels/Cargo_10_chunk118.wav,Vessels,/content/drive/MyDrive/Underwater Audio Data/data/Vessels/Cargo_10.wav,3.0
/content/drive/MyDrive/Underwater Audio Data/processed/Vessels/Cargo_10_chunk119.wav,Vessels,/content/drive/MyDrive/Underwater Audio Data/data/Vessels/Cargo_10.wav,3.0
/content/drive/MyDrive/Underwater Audio Data/processed/Vessels/Cargo_10_chunk120.wav,Vessels,/content/drive/MyDrive/Underwater Audio Data/data/Vessels/Cargo_10.wav,3.0
/content/drive/MyDrive/Underwater Audio Data/processed/Vessels/Cargo_10_chunk121.wav,Vessels,/content/drive/MyDrive/Underwater Audio Data/data/Vessels/Cargo_10.wav,3.0
/content/drive/MyDrive/Underwater Audio Data/processed/Vessels/Cargo_10_chunk122.wav,Vessels,/content/drive/MyDrive/Underwater Audio Data/data/Vessels/Cargo_10.wav,3.0
/content/drive/MyDrive/Underwater Audio Data/processed/Vessels/Cargo_10_chunk123.wav,Vessels,/content/drive/MyDrive/Underwater Audio Data/data/Vessels/Cargo_10.wav,3.0
/content/drive/MyDrive/Underwater Audio Data/processed/Vessels/Cargo_10_chunk124.wav,Vessels,/content/drive/MyDrive/Underwater Audio Data/data/Vessels/Cargo_10.wav,3.0
/content/drive/MyDrive/Underwater Audio Data/processed/Vessels/Cargo_10_chunk125.wav,Vessels,/content/drive/MyDrive/Underwater Audio Data/data/Vessels/Cargo_10.wav,3.0
/content/drive/MyDrive/Underwater Audio Data/processed/Vessels/Cargo_10_chunk126.wav,Vessels,/content/drive/MyDrive/Underwater Audio Data/data/Vessels/Cargo_10.wav,3.0
/content/drive/MyDrive/Underwater Audio Data/processed/Vessels/Cargo_10_chunk127.wav,Vessels,/content/drive/MyDrive/Underwater Audio Data/data/Vessels/Cargo_10.wav,3.0
/content/drive/MyDrive/Underwater Audio Data/processed/Vessels/Cargo_10_chunk128.wav,Vessels,/content/drive/MyDrive/Underwater Audio Data/data/Vessels/Cargo_10.wav,3.0
/content/drive/MyDrive/Underwater Audio Data/processed/Vessels/Cargo_10_chunk129.wav,Vessels,/content/drive/MyDrive/Underwater Audio Data/data/Vessels/Cargo_10.wav,3.0
/content/drive/MyDrive/Underwater Audio Data/processed/Vessels/Cargo_11_chunk0.wav,Vessels,/content/drive/MyDrive/Underwater Audio Data/data/Vessels/Cargo_11.wav,3.0
/content/drive/MyDrive/Underwater Audio Data/processed/Vessels/Cargo_11_chunk1.wav,Vessels,/content/drive/MyDrive/Underwater Audio Data/data/Vessels/Cargo_11.wav,3.0
/content/drive/MyDrive/Underwater Audio Data/processed/Vessels/Cargo_11_chunk2.wav,Vessels,/content/drive/MyDrive/Underwater Audio Data/data/Vessels/Cargo_11.wav,3.0
/content/drive/MyDrive/Underwater Audio Data/processed/Vessels/Cargo_11_chunk3.wav,Vessels,/content/drive/MyDrive/Underwater Audio Data/data/Vessels/Cargo_11.wav,3.0
/content/drive/MyDrive/Underwater Audio Data/processed/Vessels/Cargo_11_chunk4.wav,Vessels,/content/drive/MyDrive/Underwater Audio Data/data/Vessels/Cargo_11.wav,3.0
/content/drive/MyDrive/Underwater Audio Data/processed/Vessels/Cargo_11_chunk5.wav,Vessels,/content/drive/MyDrive/Underwater Audio Data/data/Vessels/Cargo_11.wav,3.0
/content/drive/MyDrive/Underwater Audio Data/processed/Vessels/Cargo_11_chunk6.wav,Vessels,/content/drive/MyDrive/Underwater Audio Data/data/Vessels/Cargo_11.wav,3.0
/content/drive/MyDrive/Underwater Audio Data/processed/Vessels/Cargo_11_chunk7.wav,Vessels,/content/drive/MyDrive/Underwater Audio Data/data/Vessels/Cargo_11.wav,3.0
/content/drive/MyDrive/Underwater Audio Data/processed/Vessels/Cargo_11_chunk8.wav,Vessels,/content/drive/MyDrive/Underwater Audio Data/data/Vessels/Cargo_11.wav,3.0
/content/drive/MyDrive/Underwater Audio Data/processed/Vessels/Cargo_11_chunk9.wav,Vessels,/content/drive/MyDrive/Underwater Audio Data/data/Vessels/Cargo_11.wav,3.0
/content/drive/MyDrive/Underwater Audio Data/processed/Vessels/Cargo_11_chunk10.wav,Vessels,/content/drive/MyDrive/Underwater Audio Data/data/Vessels/Cargo_11.wav,3.0
/content/drive/MyDrive/Underwater Audio Data/processed/Vessels/Cargo_11_chunk11.wav,Vessels,/content/drive/MyDrive/Underwater Audio Data/data/Vessels/Cargo_11.wav,3.0
/content/drive/MyDrive/Underwater Audio Data/processed/Vessels/Cargo_11_chunk12.wav,Vessels,/content/drive/MyDrive/Underwater Audio Data/data/Vessels/Cargo_11.wav,3.0
/content/drive/MyDrive/Underwater Audio Data/processed/Vessels/Cargo_11_chunk13.wav,Vessels,/content/drive/MyDrive/Underwater Audio Data/data/Vessels/Cargo_11.wav,3.0
/content/drive/MyDrive/Underwater Audio Data/processed/Vessels/Cargo_11_chunk14.wav,Vessels,/content/drive/MyDrive/Underwater Audio Data/data/Vessels/Cargo_11.wav,3.0
/content/drive/MyDrive/Underwater Audio Data/processed/Vessels/Cargo_11_chunk15.wav,Vessels,/content/drive/MyDrive/Underwater Audio Data/data/Vessels/Cargo_11.wav,3.0
/content/drive/MyDrive/Underwater Audio Data/processed/Vessels/Cargo_11_chunk16.wav,Vessels,/content/drive/MyDrive/Underwater Audio Data/data/Vessels/Cargo_11.wav,3.0
/content/drive/MyDrive/Underwater Audio Data/processed/Vessels/Cargo_11_chunk17.wav,Vessels,/content/drive/MyDrive/Underwater Audio Data/data/Vessels/Cargo_11.wav,3.0
/content/drive/MyDrive/Underwater Audio Data/processed/Vessels/Cargo_11_chunk18.wav,Vessels,/content/drive/MyDrive/Underwater Audio Data/data/Vessels/Cargo_11.wav,3.0
/content/drive/MyDrive/Underwater Audio Data/processed/Vessels/Cargo_11_chunk19.wav,Vessels,/content/drive/MyDrive/Underwater Audio Data/data/Vessels/Cargo_11.wav,3.0
/content/drive/MyDrive/Underwater Audio Data/processed/Vessels/Cargo_11_chunk20.wav,Vessels,/content/drive/MyDrive/Underwater Audio Data/data/Vessels/Cargo_11.wav,3.0
/content/drive/MyDrive/Underwater Audio Data/processed/Vessels/Cargo_11_chunk21.wav,Vessels,/content/drive/MyDrive/Underwater Audio Data/data/Vessels/Cargo_11.wav,3.0
/content/drive/MyDrive/Underwater Audio Data/processed/Vessels/Cargo_11_chunk22.wav,Vessels,/content/drive/MyDrive/Underwater Audio Data/data/Vessels/Cargo_11.wav,3.0
/content/drive/MyDrive/Underwater Audio Data/processed/Vessels/Cargo_11_chunk23.wav,Vessels,/content/drive/MyDrive/Underwater Audio Data/data/Vessels/Cargo_11.wav,3.0
/content/drive/MyDrive/Underwater Audio Data/processed/Vessels/Cargo_11_chunk24.wav,Vessels,/content/drive/MyDrive/Underwater Audio Data/data/Vessels/Cargo_11.wav,3.0
/content/drive/MyDrive/Underwater Audio Data/processed/Vessels/Cargo_11_chunk25.wav,Vessels,/content/drive/MyDrive/Underwater Audio Data/data/Vessels/Cargo_11.wav,3.0
/content/drive/MyDrive/Underwater Audio Data/processed/Vessels/Cargo_11_chunk26.wav,Vessels,/content/drive/MyDrive/Underwater Audio Data/data/Vessels/Cargo_11.wav,3.0
/content/drive/MyDrive/Underwater Audio Data/processed/Vessels/Cargo_11_chunk27.wav,Vessels,/content/drive/MyDrive/Underwater Audio Data/data/Vessels/Cargo_11.wav,3.0
/content/drive/MyDrive/Underwater Audio Data/processed/Vessels/Cargo_11_chunk28.wav,Vessels,/content/drive/MyDrive/Underwater Audio Data/data/Vessels/Cargo_11.wav,3.0
/content/drive/MyDrive/Underwater Audio Data/processed/Vessels/Cargo_11_chunk29.wav,Vessels,/content/drive/MyDrive/Underwater Audio Data/data/Vessels/Cargo_11.wav,3.0
/content/drive/MyDrive/Underwater Audio Data/processed/Vessels/Cargo_11_chunk30.wav,Vessels,/content/drive/MyDrive/Underwater Audio Data/data/Vessels/Cargo_11.wav,3.0
/content/drive/MyDrive/Underwater Audio Data/processed/Vessels/Cargo_11_chunk31.wav,Vessels,/content/drive/MyDrive/Underwater Audio Data/data/Vessels/Cargo_11.wav,3.0
/content/drive/MyDrive/Underwater Audio Data/processed/Vessels/Cargo_11_chunk32.wav,Vessels,/content/drive/MyDrive/Underwater Audio Data/data/Vessels/Cargo_11.wav,3.0
/content/drive/MyDrive/Underwater Audio Data/processed/Vessels/Cargo_11_chunk33.wav,Vessels,/content/drive/MyDrive/Underwater Audio Data/data/Vessels/Cargo_11.wav,3.0
/content/drive/MyDrive/Underwater Audio Data/processed/Vessels/Cargo_11_chunk34.wav,Vessels,/content/drive/MyDrive/Underwater Audio Data/data/Vessels/Cargo_11.wav,3.0
/content/drive/MyDrive/Underwater Audio Data/processed/Vessels/Cargo_11_chunk35.wav,Vessels,/content/drive/MyDrive/Underwater Audio Data/data/Vessels/Cargo_11.wav,3.0
/content/drive/MyDrive/Underwater Audio Data/processed/Vessels/Cargo_11_chunk36.wav,Vessels,/content/drive/MyDrive/Underwater Audio Data/data/Vessels/Cargo_11.wav,3.0
/content/drive/MyDrive/Underwater Audio Data/processed/Vessels/Cargo_11_chunk37.wav,Vessels,/content/drive/MyDrive/Underwater Audio Data/data/Vessels/Cargo_11.wav,3.0
/content/drive/MyDrive/Underwater Audio Data/processed/Vessels/Cargo_11_chunk38.wav,Vessels,/content/drive/MyDrive/Underwater Audio Data/data/Vessels/Cargo_11.wav,3.0
/content/drive/MyDrive/Underwater Audio Data/processed/Vessels/Cargo_11_chunk39.wav,Vessels,/content/drive/MyDrive/Underwater Audio Data/data/Vessels/Cargo_11.wav,3.0
/content/drive/MyDrive/Underwater Audio Data/processed/Vessels/Cargo_11_chunk40.wav,Vessels,/content/drive/MyDrive/Underwater Audio Data/data/Vessels/Cargo_11.wav,3.0
/content/drive/MyDrive/Underwater Audio Data/processed/Vessels/Cargo_11_chunk41.wav,Vessels,/content/drive/MyDrive/Underwater Audio Data/data/Vessels/Cargo_11.wav,3.0
/content/drive/MyDrive/Underwater Audio Data/processed/Vessels/Cargo_11_chunk42.wav,Vessels,/content/drive/MyDrive/Underwater Audio Data/data/Vessels/Cargo_11.wav,3.0
/content/drive/MyDrive/Underwater Audio Data/processed/Vessels/Cargo_11_chunk43.wav,Vessels,/content/drive/MyDrive/Underwater Audio Data/data/Vessels/Cargo_11.wav,3.0
/content/drive/MyDrive/Underwater Audio Data/processed/Vessels/Cargo_11_chunk44.wav,Vessels,/content/drive/MyDrive/Underwater Audio Data/data/Vessels/Cargo_11.wav,3.0
/content/drive/MyDrive/Underwater Audio Data/processed/Vessels/Cargo_11_chunk45.wav,Vessels,/content/drive/MyDrive/Underwater Audio Data/data/Vessels/Cargo_11.wav,3.0
/content/drive/MyDrive/Underwater Audio Data/processed/Vessels/Cargo_11_chunk46.wav,Vessels,/content/drive/MyDrive/Underwater Audio Data/data/Vessels/Cargo_11.wav,3.0
/content/drive/MyDrive/Underwater Audio Data/processed/Vessels/Cargo_11_chunk47.wav,Vessels,/content/drive/MyDrive/Underwater Audio Data/data/Vessels/Cargo_11.wav,3.0
/content/drive/MyDrive/Underwater Audio Data/processed/Vessels/Cargo_11_chunk48.wav,Vessels,/content/drive/MyDrive/Underwater Audio Data/data/Vessels/Cargo_11.wav,3.0
/content/drive/MyDrive/Underwater Audio Data/processed/Vessels/Cargo_11_chunk49.wav,Vessels,/content/drive/MyDrive/Underwater Audio Data/data/Vessels/Cargo_11.wav,3.0
/content/drive/MyDrive/Underwater Audio Data/processed/Vessels/Cargo_11_chunk50.wav,Vessels,/content/drive/MyDrive/Underwater Audio Data/data/Vessels/Cargo_11.wav,3.0
/content/drive/MyDrive/Underwater Audio Data/processed/Vessels/Cargo_11_chunk51.wav,Vessels,/content/drive/MyDrive/Underwater Audio Data/data/Vessels/Cargo_11.wav,3.0
/content/drive/MyDrive/Underwater Audio Data/processed/Vessels/Cargo_11_chunk52.wav,Vessels,/content/drive/MyDrive/Underwater Audio Data/data/Vessels/Cargo_11.wav,3.0
/content/drive/MyDrive/Underwater Audio Data/processed/Vessels/Cargo_11_chunk53.wav,Vessels,/content/drive/MyDrive/Underwater Audio Data/data/Vessels/Cargo_11.wav,3.0
/content/drive/MyDrive/Underwater Audio Data/processed/Vessels/Cargo_11_chunk54.wav,Vessels,/content/drive/MyDrive/Underwater Audio Data/data/Vessels/Cargo_11.wav,3.0
/content/drive/MyDrive/Underwater Audio Data/processed/Vessels/Cargo_11_chunk55.wav,Vessels,/content/drive/MyDrive/Underwater Audio Data/data/Vessels/Cargo_11.wav,3.0
/content/drive/MyDrive/Underwater Audio Data/processed/Vessels/Cargo_11_chunk56.wav,Vessels,/content/drive/MyDrive/Underwater Audio Data/data/Vessels/Cargo_11.wav,3.0
/content/drive/MyDrive/Underwater Audio Data/processed/Vessels/Cargo_11_chunk57.wav,Vessels,/content/drive/MyDrive/Underwater Audio Data/data/Vessels/Cargo_11.wav,3.0
/content/drive/MyDrive/Underwater Audio Data/processed/Vessels/Cargo_11_chunk58.wav,Vessels,/content/drive/MyDrive/Underwater Audio Data/data/Vessels/Cargo_11.wav,3.0
/content/drive/MyDrive/Underwater Audio Data/processed/Vessels/Cargo_11_chunk59.wav,Vessels,/content/drive/MyDrive/Underwater Audio Data/data/Vessels/Cargo_11.wav,3.0
/content/drive/MyDrive/Underwater Audio Data/processed/Vessels/Cargo_11_chunk60.wav,Vessels,/content/drive/MyDrive/Underwater Audio Data/data/Vessels/Cargo_11.wav,3.0
/content/drive/MyDrive/Underwater Audio Data/processed/Vessels/Cargo_11_chunk61.wav,Vessels,/content/drive/MyDrive/Underwater Audio Data/data/Vessels/Cargo_11.wav,3.0
/content/drive/MyDrive/Underwater Audio Data/processed/Vessels/Cargo_11_chunk62.wav,Vessels,/content/drive/MyDrive/Underwater Audio Data/data/Vessels/Cargo_11.wav,3.0
/content/drive/MyDrive/Underwater Audio Data/processed/Vessels/Cargo_11_chunk63.wav,Vessels,/content/drive/MyDrive/Underwater Audio Data/data/Vessels/Cargo_11.wav,3.0
/content/drive/MyDrive/Underwater Audio Data/processed/Vessels/Cargo_11_chunk64.wav,Vessels,/content/drive/MyDrive/Underwater Audio Data/data/Vessels/Cargo_11.wav,3.0
/content/drive/MyDrive/Underwater Audio Data/processed/Vessels/Cargo_11_chunk65.wav,Vessels,/content/drive/MyDrive/Underwater Audio Data/data/Vessels/Cargo_11.wav,3.0
/content/drive/MyDrive/Underwater Audio Data/processed/Vessels/Cargo_11_chunk66.wav,Vessels,/content/drive/MyDrive/Underwater Audio Data/data/Vessels/Cargo_11.wav,3.0
/content/drive/MyDrive/Underwater Audio Data/processed/Vessels/Cargo_11_chunk67.wav,Vessels,/content/drive/MyDrive/Underwater Audio Data/data/Vessels/Cargo_11.wav,3.0
/content/drive/MyDrive/Underwater Audio Data/processed/Vessels/Cargo_11_chunk68.wav,Vessels,/content/drive/MyDrive/Underwater Audio Data/data/Vessels/Cargo_11.wav,3.0
/content/drive/MyDrive/Underwater Audio Data/processed/Vessels/Cargo_11_chunk69.wav,Vessels,/content/drive/MyDrive/Underwater Audio Data/data/Vessels/Cargo_11.wav,3.0
/content/drive/MyDrive/Underwater Audio Data/processed/Vessels/Cargo_11_chunk70.wav,Vessels,/content/drive/MyDrive/Underwater Audio Data/data/Vessels/Cargo_11.wav,3.0
/content/drive/MyDrive/Underwater Audio Data/processed/Vessels/Cargo_11_chunk71.wav,Vessels,/content/drive/MyDrive/Underwater Audio Data/data/Vessels/Cargo_11.wav,3.0
/content/drive/MyDrive/Underwater Audio Data/processed/Vessels/Cargo_11_chunk72.wav,Vessels,/content/drive/MyDrive/Underwater Audio Data/data/Vessels/Cargo_11.wav,3.0
/content/drive/MyDrive/Underwater Audio Data/processed/Vessels/Cargo_11_chunk73.wav,Vessels,/content/drive/MyDrive/Underwater Audio Data/data/Vessels/Cargo_11.wav,3.0
/content/drive/MyDrive/Underwater Audio Data/processed/Vessels/Cargo_11_chunk74.wav,Vessels,/content/drive/MyDrive/Underwater Audio Data/data/Vessels/Cargo_11.wav,3.0
/content/drive/MyDrive/Underwater Audio Data/processed/Vessels/Cargo_11_chunk75.wav,Vessels,/content/drive/MyDrive/Underwater Audio Data/data/Vessels/Cargo_11.wav,3.0
/content/drive/MyDrive/Underwater Audio Data/processed/Vessels/Cargo_11_chunk76.wav,Vessels,/content/drive/MyDrive/Underwater Audio Data/data/Vessels/Cargo_11.wav,3.0
/content/drive/MyDrive/Underwater Audio Data/processed/Vessels/Cargo_11_chunk77.wav,Vessels,/content/drive/MyDrive/Underwater Audio Data/data/Vessels/Cargo_11.wav,3.0
/content/drive/MyDrive/Underwater Audio Data/processed/Vessels/Cargo_11_chunk78.wav,Vessels,/content/drive/MyDrive/Underwater Audio Data/data/Vessels/Cargo_11.wav,3.0
/content/drive/MyDrive/Underwater Audio Data/processed/Vessels/Cargo_11_chunk79.wav,Vessels,/content/drive/MyDrive/Underwater Audio Data/data/Vessels/Cargo_11.wav,3.0
/content/drive/MyDrive/Underwater Audio Data/processed/Vessels/Cargo_11_chunk80.wav,Vessels,/content/drive/MyDrive/Underwater Audio Data/data/Vessels/Cargo_11.wav,3.0
/content/drive/MyDrive/Underwater Audio Data/processed/Vessels/Cargo_11_chunk81.wav,Vessels,/content/drive/MyDrive/Underwater Audio Data/data/Vessels/Cargo_11.wav,3.0
/content/drive/MyDrive/Underwater Audio Data/processed/Vessels/Cargo_11_chunk82.wav,Vessels,/content/drive/MyDrive/Underwater Audio Data/data/Vessels/Cargo_11.wav,3.0
/content/drive/MyDrive/Underwater Audio Data/processed/Vessels/Cargo_11_chunk83.wav,Vessels,/content/drive/MyDrive/Underwater Audio Data/data/Vessels/Cargo_11.wav,3.0
/content/drive/MyDrive/Underwater Audio Data/processed/Vessels/Cargo_11_chunk84.wav,Vessels,/content/drive/MyDrive/Underwater Audio Data/data/Vessels/Cargo_11.wav,3.0
/content/drive/MyDrive/Underwater Audio Data/processed/Vessels/Cargo_11_chunk85.wav,Vessels,/content/drive/MyDrive/Underwater Audio Data/data/Vessels/Cargo_11.wav,3.0
/content/drive/MyDrive/Underwater Audio Data/processed/Vessels/Cargo_11_chunk86.wav,Vessels,/content/drive/MyDrive/Underwater Audio Data/data/Vessels/Cargo_11.wav,3.0
/content/drive/MyDrive/Underwater Audio Data/processed/Vessels/Cargo_11_chunk87.wav,Vessels,/content/drive/MyDrive/Underwater Audio Data/data/Vessels/Cargo_11.wav,3.0
/content/drive/MyDrive/Underwater Audio Data/processed/Vessels/Cargo_11_chunk88.wav,Vessels,/content/drive/MyDrive/Underwater Audio Data/data/Vessels/Cargo_11.wav,3.0
/content/drive/MyDrive/Underwater Audio Data/processed/Vessels/Cargo_11_chunk89.wav,Vessels,/content/drive/MyDrive/Underwater Audio Data/data/Vessels/Cargo_11.wav,3.0
/content/drive/MyDrive/Underwater Audio Data/processed/Vessels/Cargo_11_chunk90.wav,Vessels,/content/drive/MyDrive/Underwater Audio Data/data/Vessels/Cargo_11.wav,3.0
/content/drive/MyDrive/Underwater Audio Data/processed/Vessels/Cargo_11_chunk91.wav,Vessels,/content/drive/MyDrive/Underwater Audio Data/data/Vessels/Cargo_11.wav,3.0
/content/drive/MyDrive/Underwater Audio Data/processed/Vessels/Cargo_11_chunk92.wav,Vessels,/content/drive/MyDrive/Underwater Audio Data/data/Vessels/Cargo_11.wav,3.0
/content/drive/MyDrive/Underwater Audio Data/processed/Vessels/Cargo_11_chunk93.wav,Vessels,/content/drive/MyDrive/Underwater Audio Data/data/Vessels/Cargo_11.wav,3.0
/content/drive/MyDrive/Underwater Audio Data/processed/Vessels/Cargo_11_chunk94.wav,Vessels,/content/drive/MyDrive/Underwater Audio Data/data/Vessels/Cargo_11.wav,3.0
/content/drive/MyDrive/Underwater Audio Data/processed/Vessels/Cargo_11_chunk95.wav,Vessels,/content/drive/MyDrive/Underwater Audio Data/data/Vessels/Cargo_11.wav,3.0
/content/drive/MyDrive/Underwater Audio Data/processed/Vessels/Cargo_11_chunk96.wav,Vessels,/content/drive/MyDrive/Underwater Audio Data/data/Vessels/Cargo_11.wav,3.0
/content/drive/MyDrive/Underwater Audio Data/processed/Vessels/Cargo_11_chunk97.wav,Vessels,/content/drive/MyDrive/Underwater Audio Data/data/Vessels/Cargo_11.wav,3.0
/content/drive/MyDrive/Underwater Audio Data/processed/Vessels/Cargo_11_chunk98.wav,Vessels,/content/drive/MyDrive/Underwater Audio Data/data/Vessels/Cargo_11.wav,3.0
/content/drive/MyDrive/Underwater Audio Data/processed/Vessels/Cargo_11_chunk99.wav,Vessels,/content/drive/MyDrive/Underwater Audio Data/data/Vessels/Cargo_11.wav,3.0
/content/drive/MyDrive/Underwater Audio Data/processed/Vessels/Cargo_11_chunk100.wav,Vessels,/content/drive/MyDrive/Underwater Audio Data/data/Vessels/Cargo_11.wav,3.0
/content/drive/MyDrive/Underwater Audio Data/processed/Vessels/Cargo_11_chunk101.wav,Vessels,/content/drive/MyDrive/Underwater Audio Data/data/Vessels/Cargo_11.wav,3.0
/content/drive/MyDrive/Underwater Audio Data/processed/Vessels/Cargo_11_chunk102.wav,Vessels,/content/drive/MyDrive/Underwater Audio Data/data/Vessels/Cargo_11.wav,3.0
/content/drive/MyDrive/Underwater Audio Data/processed/Vessels/Cargo_11_chunk103.wav,Vessels,/content/drive/MyDrive/Underwater Audio Data/data/Vessels/Cargo_11.wav,3.0
/content/drive/MyDrive/Underwater Audio Data/processed/Vessels/Cargo_11_chunk104.wav,Vessels,/content/drive/MyDrive/Underwater Audio Data/data/Vessels/Cargo_11.wav,3.0
/content/drive/MyDrive/Underwater Audio Data/processed/Vessels/Cargo_11_chunk105.wav,Vessels,/content/drive/MyDrive/Underwater Audio Data/data/Vessels/Cargo_11.wav,3.0
/content/drive/MyDrive/Underwater Audio Data/processed/Vessels/Cargo_11_chunk106.wav,Vessels,/content/drive/MyDrive/Underwater Audio Data/data/Vessels/Cargo_11.wav,3.0
/content/drive/MyDrive/Underwater Audio Data/processed/Vessels/Cargo_11_chunk107.wav,Vessels,/content/drive/MyDrive/Underwater Audio Data/data/Vessels/Cargo_11.wav,3.0
/content/drive/MyDrive/Underwater Audio Data/processed/Vessels/Cargo_11_chunk108.wav,Vessels,/content/drive/MyDrive/Underwater Audio Data/data/Vessels/Cargo_11.wav,3.0
/content/drive/MyDrive/Underwater Audio Data/processed/Vessels/Cargo_11_chunk109.wav,Vessels,/content/drive/MyDrive/Underwater Audio Data/data/Vessels/Cargo_11.wav,3.0
/content/drive/MyDrive/Underwater Audio Data/processed/Vessels/Cargo_11_chunk110.wav,Vessels,/content/drive/MyDrive/Underwater Audio Data/data/Vessels/Cargo_11.wav,3.0
/content/drive/MyDrive/Underwater Audio Data/processed/Vessels/Cargo_11_chunk111.wav,Vessels,/content/drive/MyDrive/Underwater Audio Data/data/Vessels/Cargo_11.wav,3.0
/content/drive/MyDrive/Underwater Audio Data/processed/Vessels/Cargo_11_chunk112.wav,Vessels,/content/drive/MyDrive/Underwater Audio Data/data/Vessels/Cargo_11.wav,3.0
/content/drive/MyDrive/Underwater Audio Data/processed/Vessels/Cargo_11_chunk113.wav,Vessels,/content/drive/MyDrive/Underwater Audio Data/data/Vessels/Cargo_11.wav,3.0
/content/drive/MyDrive/Underwater Audio Data/processed/Vessels/Cargo_11_chunk114.wav,Vessels,/content/drive/MyDrive/Underwater Audio Data/data/Vessels/Cargo_11.wav,3.0
/content/drive/MyDrive/Underwater Audio Data/processed/Vessels/Cargo_11_chunk115.wav,Vessels,/content/drive/MyDrive/Underwater Audio Data/data/Vessels/Cargo_11.wav,3.0
/content/drive/MyDrive/Underwater Audio Data/processed/Vessels/Cargo_11_chunk116.wav,Vessels,/content/drive/MyDrive/Underwater Audio Data/data/Vessels/Cargo_11.wav,3.0
/content/drive/MyDrive/Underwater Audio Data/processed/Vessels/Cargo_11_chunk117.wav,Vessels,/content/drive/MyDrive/Underwater Audio Data/data/Vessels/Cargo_11.wav,3.0
/content/drive/MyDrive/Underwater Audio Data/processed/Vessels/Cargo_11_chunk118.wav,Vessels,/content/drive/MyDrive/Underwater Audio Data/data/Vessels/Cargo_11.wav,3.0
/content/drive/MyDrive/Underwater Audio Data/processed/Vessels/Cargo_11_chunk119.wav,Vessels,/content/drive/MyDrive/Underwater Audio Data/data/Vessels/Cargo_11.wav,3.0
/content/drive/MyDrive/Underwater Audio Data/processed/Vessels/Cargo_11_chunk120.wav,Vessels,/content/drive/MyDrive/Underwater Audio Data/data/Vessels/Cargo_11.wav,3.0
/content/drive/MyDrive/Underwater Audio Data/processed/Vessels/Cargo_12_chunk0.wav,Vessels,/content/drive/MyDrive/Underwater Audio Data/data/Vessels/Cargo_12.wav,3.0
/content/drive/MyDrive/Underwater Audio Data/processed/Vessels/Cargo_12_chunk1.wav,Vessels,/content/drive/MyDrive/Underwater Audio Data/data/Vessels/Cargo_12.wav,3.0
/content/drive/MyDrive/Underwater Audio Data/processed/Vessels/Cargo_12_chunk2.wav,Vessels,/content/drive/MyDrive/Underwater Audio Data/data/Vessels/Cargo_12.wav,3.0
/content/drive/MyDrive/Underwater Audio Data/processed/Vessels/Cargo_12_chunk3.wav,Vessels,/content/drive/MyDrive/Underwater Audio Data/data/Vessels/Cargo_12.wav,3.0
/content/drive/MyDrive/Underwater Audio Data/processed/Vessels/Cargo_12_chunk4.wav,Vessels,/content/drive/MyDrive/Underwater Audio Data/data/Vessels/Cargo_12.wav,3.0
/content/drive/MyDrive/Underwater Audio Data/processed/Vessels/Cargo_12_chunk5.wav,Vessels,/content/drive/MyDrive/Underwater Audio Data/data/Vessels/Cargo_12.wav,3.0
/content/drive/MyDrive/Underwater Audio Data/processed/Vessels/Cargo_12_chunk6.wav,Vessels,/content/drive/MyDrive/Underwater Audio Data/data/Vessels/Cargo_12.wav,3.0
/content/drive/MyDrive/Underwater Audio Data/processed/Vessels/Cargo_12_chunk7.wav,Vessels,/content/drive/MyDrive/Underwater Audio Data/data/Vessels/Cargo_12.wav,3.0
/content/drive/MyDrive/Underwater Audio Data/processed/Vessels/Cargo_12_chunk8.wav,Vessels,/content/drive/MyDrive/Underwater Audio Data/data/Vessels/Cargo_12.wav,3.0
/content/drive/MyDrive/Underwater Audio Data/processed/Vessels/Cargo_12_chunk9.wav,Vessels,/content/drive/MyDrive/Underwater Audio Data/data/Vessels/Cargo_12.wav,3.0
/content/drive/MyDrive/Underwater Audio Data/processed/Vessels/Cargo_12_chunk10.wav,Vessels,/content/drive/MyDrive/Underwater Audio Data/data/Vessels/Cargo_12.wav,3.0
/content/drive/MyDrive/Underwater Audio Data/processed/Vessels/Cargo_12_chunk11.wav,Vessels,/content/drive/MyDrive/Underwater Audio Data/data/Vessels/Cargo_12.wav,3.0
/content/drive/MyDrive/Underwater Audio Data/processed/Vessels/Cargo_12_chunk12.wav,Vessels,/content/drive/MyDrive/Underwater Audio Data/data/Vessels/Cargo_12.wav,3.0
/content/drive/MyDrive/Underwater Audio Data/processed/Vessels/Cargo_12_chunk13.wav,Vessels,/content/drive/MyDrive/Underwater Audio Data/data/Vessels/Cargo_12.wav,3.0
/content/drive/MyDrive/Underwater Audio Data/processed/Vessels/Cargo_12_chunk14.wav,Vessels,/content/drive/MyDrive/Underwater Audio Data/data/Vessels/Cargo_12.wav,3.0
/content/drive/MyDrive/Underwater Audio Data/processed/Vessels/Cargo_12_chunk15.wav,Vessels,/content/drive/MyDrive/Underwater Audio Data/data/Vessels/Cargo_12.wav,3.0
/content/drive/MyDrive/Underwater Audio Data/processed/Vessels/Cargo_12_chunk16.wav,Vessels,/content/drive/MyDrive/Underwater Audio Data/data/Vessels/Cargo_12.wav,3.0
/content/drive/MyDrive/Underwater Audio Data/processed/Vessels/Cargo_12_chunk17.wav,Vessels,/content/drive/MyDrive/Underwater Audio Data/data/Vessels/Cargo_12.wav,3.0
/content/drive/MyDrive/Underwater Audio Data/processed/Vessels/Cargo_12_chunk18.wav,Vessels,/content/drive/MyDrive/Underwater Audio Data/data/Vessels/Cargo_12.wav,3.0
/content/drive/MyDrive/Underwater Audio Data/processed/Vessels/Cargo_12_chunk19.wav,Vessels,/content/drive/MyDrive/Underwater Audio Data/data/Vessels/Cargo_12.wav,3.0
/content/drive/MyDrive/Underwater Audio Data/processed/Vessels/Cargo_12_chunk20.wav,Vessels,/content/drive/MyDrive/Underwater Audio Data/data/Vessels/Cargo_12.wav,3.0
/content/drive/MyDrive/Underwater Audio Data/processed/Vessels/Cargo_12_chunk21.wav,Vessels,/content/drive/MyDrive/Underwater Audio Data/data/Vessels/Cargo_12.wav,3.0
/content/drive/MyDrive/Underwater Audio Data/processed/Vessels/Cargo_12_chunk22.wav,Vessels,/content/drive/MyDrive/Underwater Audio Data/data/Vessels/Cargo_12.wav,3.0
/content/drive/MyDrive/Underwater Audio Data/processed/Vessels/Cargo_12_chunk23.wav,Vessels,/content/drive/MyDrive/Underwater Audio Data/data/Vessels/Cargo_12.wav,3.0
/content/drive/MyDrive/Underwater Audio Data/processed/Vessels/Cargo_12_chunk24.wav,Vessels,/content/drive/MyDrive/Underwater Audio Data/data/Vessels/Cargo_12.wav,3.0
/content/drive/MyDrive/Underwater Audio Data/processed/Vessels/Cargo_12_chunk25.wav,Vessels,/content/drive/MyDrive/Underwater Audio Data/data/Vessels/Cargo_12.wav,3.0
/content/drive/MyDrive/Underwater Audio Data/processed/Vessels/Cargo_12_chunk26.wav,Vessels,/content/drive/MyDrive/Underwater Audio Data/data/Vessels/Cargo_12.wav,3.0
/content/drive/MyDrive/Underwater Audio Data/processed/Vessels/Cargo_12_chunk27.wav,Vessels,/content/drive/MyDrive/Underwater Audio Data/data/Vessels/Cargo_12.wav,3.0
/content/drive/MyDrive/Underwater Audio Data/processed/Vessels/Cargo_12_chunk28.wav,Vessels,/content/drive/MyDrive/Underwater Audio Data/data/Vessels/Cargo_12.wav,3.0
/content/drive/MyDrive/Underwater Audio Data/processed/Vessels/Cargo_12_chunk29.wav,Vessels,/content/drive/MyDrive/Underwater Audio Data/data/Vessels/Cargo_12.wav,3.0
/content/drive/MyDrive/Underwater Audio Data/processed/Vessels/Cargo_12_chunk30.wav,Vessels,/content/drive/MyDrive/Underwater Audio Data/data/Vessels/Cargo_12.wav,3.0
/content/drive/MyDrive/Underwater Audio Data/processed/Vessels/Cargo_12_chunk31.wav,Vessels,/content/drive/MyDrive/Underwater Audio Data/data/Vessels/Cargo_12.wav,3.0
/content/drive/MyDrive/Underwater Audio Data/processed/Vessels/Cargo_12_chunk32.wav,Vessels,/content/drive/MyDrive/Underwater Audio Data/data/Vessels/Cargo_12.wav,3.0
/content/drive/MyDrive/Underwater Audio Data/processed/Vessels/Cargo_12_chunk33.wav,Vessels,/content/drive/MyDrive/Underwater Audio Data/data/Vessels/Cargo_12.wav,3.0
/content/drive/MyDrive/Underwater Audio Data/processed/Vessels/Cargo_12_chunk34.wav,Vessels,/content/drive/MyDrive/Underwater Audio Data/data/Vessels/Cargo_12.wav,3.0
/content/drive/MyDrive/Underwater Audio Data/processed/Vessels/Cargo_12_chunk35.wav,Vessels,/content/drive/MyDrive/Underwater Audio Data/data/Vessels/Cargo_12.wav,3.0
/content/drive/MyDrive/Underwater Audio Data/processed/Vessels/Cargo_12_chunk36.wav,Vessels,/content/drive/MyDrive/Underwater Audio Data/data/Vessels/Cargo_12.wav,3.0
/content/drive/MyDrive/Underwater Audio Data/processed/Vessels/Cargo_12_chunk37.wav,Vessels,/content/drive/MyDrive/Underwater Audio Data/data/Vessels/Cargo_12.wav,3.0
/content/drive/MyDrive/Underwater Audio Data/processed/Vessels/Cargo_12_chunk38.wav,Vessels,/content/drive/MyDrive/Underwater Audio Data/data/Vessels/Cargo_12.wav,3.0
/content/drive/MyDrive/Underwater Audio Data/processed/Vessels/Cargo_12_chunk39.wav,Vessels,/content/drive/MyDrive/Underwater Audio Data/data/Vessels/Cargo_12.wav,3.0
/content/drive/MyDrive/Underwater Audio Data/processed/Vessels/Cargo_12_chunk40.wav,Vessels,/content/drive/MyDrive/Underwater Audio Data/data/Vessels/Cargo_12.wav,3.0
/content/drive/MyDrive/Underwater Audio Data/processed/Vessels/Cargo_12_chunk41.wav,Vessels,/content/drive/MyDrive/Underwater Audio Data/data/Vessels/Cargo_12.wav,3.0
/content/drive/MyDrive/Underwater Audio Data/processed/Vessels/Cargo_12_chunk42.wav,Vessels,/content/drive/MyDrive/Underwater Audio Data/data/Vessels/Cargo_12.wav,3.0
/content/drive/MyDrive/Underwater Audio Data/processed/Vessels/Cargo_12_chunk43.wav,Vessels,/content/drive/MyDrive/Underwater Audio Data/data/Vessels/Cargo_12.wav,3.0
/content/drive/MyDrive/Underwater Audio Data/processed/Vessels/Cargo_12_chunk44.wav,Vessels,/content/drive/MyDrive/Underwater Audio Data/data/Vessels/Cargo_12.wav,3.0
/content/drive/MyDrive/Underwater Audio Data/processed/Vessels/Cargo_12_chunk45.wav,Vessels,/content/drive/MyDrive/Underwater Audio Data/data/Vessels/Cargo_12.wav,3.0
/content/drive/MyDrive/Underwater Audio Data/processed/Vessels/Cargo_12_chunk46.wav,Vessels,/content/drive/MyDrive/Underwater Audio Data/data/Vessels/Cargo_12.wav,3.0
/content/drive/MyDrive/Underwater Audio Data/processed/Vessels/Cargo_12_chunk47.wav,Vessels,/content/drive/MyDrive/Underwater Audio Data/data/Vessels/Cargo_12.wav,3.0
/content/drive/MyDrive/Underwater Audio Data/processed/Vessels/Cargo_12_chunk48.wav,Vessels,/content/drive/MyDrive/Underwater Audio Data/data/Vessels/Cargo_12.wav,3.0
/content/drive/MyDrive/Underwater Audio Data/processed/Vessels/Cargo_12_chunk49.wav,Vessels,/content/drive/MyDrive/Underwater Audio Data/data/Vessels/Cargo_12.wav,3.0
/content/drive/MyDrive/Underwater Audio Data/processed/Vessels/Cargo_12_chunk50.wav,Vessels,/content/drive/MyDrive/Underwater Audio Data/data/Vessels/Cargo_12.wav,3.0
/content/drive/MyDrive/Underwater Audio Data/processed/Vessels/Cargo_12_chunk51.wav,Vessels,/content/drive/MyDrive/Underwater Audio Data/data/Vessels/Cargo_12.wav,3.0
/content/drive/MyDrive/Underwater Audio Data/processed/Vessels/Cargo_12_chunk52.wav,Vessels,/content/drive/MyDrive/Underwater Audio Data/data/Vessels/Cargo_12.wav,3.0
/content/drive/MyDrive/Underwater Audio Data/processed/Vessels/Cargo_12_chunk53.wav,Vessels,/content/drive/MyDrive/Underwater Audio Data/data/Vessels/Cargo_12.wav,3.0
/content/drive/MyDrive/Underwater Audio Data/processed/Vessels/Cargo_12_chunk54.wav,Vessels,/content/drive/MyDrive/Underwater Audio Data/data/Vessels/Cargo_12.wav,3.0
/content/drive/MyDrive/Underwater Audio Data/processed/Vessels/Cargo_12_chunk55.wav,Vessels,/content/drive/MyDrive/Underwater Audio Data/data/Vessels/Cargo_12.wav,3.0
/content/drive/MyDrive/Underwater Audio Data/processed/Vessels/Cargo_12_chunk56.wav,Vessels,/content/drive/MyDrive/Underwater Audio Data/data/Vessels/Cargo_12.wav,3.0
/content/drive/MyDrive/Underwater Audio Data/processed/Vessels/Cargo_12_chunk57.wav,Vessels,/content/drive/MyDrive/Underwater Audio Data/data/Vessels/Cargo_12.wav,3.0
/content/drive/MyDrive/Underwater Audio Data/processed/Vessels/Cargo_12_chunk58.wav,Vessels,/content/drive/MyDrive/Underwater Audio Data/data/Vessels/Cargo_12.wav,3.0
/content/drive/MyDrive/Underwater Audio Data/processed/Vessels/Cargo_12_chunk59.wav,Vessels,/content/drive/MyDrive/Underwater Audio Data/data/Vessels/Cargo_12.wav,3.0
/content/drive/MyDrive/Underwater Audio Data/processed/Vessels/Cargo_12_chunk60.wav,Vessels,/content/drive/MyDrive/Underwater Audio Data/data/Vessels/Cargo_12.wav,3.0
/content/drive/MyDrive/Underwater Audio Data/processed/Vessels/Cargo_12_chunk61.wav,Vessels,/content/drive/MyDrive/Underwater Audio Data/data/Vessels/Cargo_12.wav,3.0
/content/drive/MyDrive/Underwater Audio Data/processed/Vessels/Cargo_12_chunk62.wav,Vessels,/content/drive/MyDrive/Underwater Audio Data/data/Vessels/Cargo_12.wav,3.0
/content/drive/MyDrive/Underwater Audio Data/processed/Vessels/Cargo_12_chunk63.wav,Vessels,/content/drive/MyDrive/Underwater Audio Data/data/Vessels/Cargo_12.wav,3.0
/content/drive/MyDrive/Underwater Audio Data/processed/Vessels/Cargo_12_chunk64.wav,Vessels,/content/drive/MyDrive/Underwater Audio Data/data/Vessels/Cargo_12.wav,3.0
/content/drive/MyDrive/Underwater Audio Data/processed/Vessels/Cargo_12_chunk65.wav,Vessels,/content/drive/MyDrive/Underwater Audio Data/data/Vessels/Cargo_12.wav,3.0
/content/drive/MyDrive/Underwater Audio Data/processed/Vessels/Cargo_12_chunk66.wav,Vessels,/content/drive/MyDrive/Underwater Audio Data/data/Vessels/Cargo_12.wav,3.0
/content/drive/MyDrive/Underwater Audio Data/processed/Vessels/Cargo_12_chunk67.wav,Vessels,/content/drive/MyDrive/Underwater Audio Data/data/Vessels/Cargo_12.wav,3.0
/content/drive/MyDrive/Underwater Audio Data/processed/Vessels/Cargo_12_chunk68.wav,Vessels,/content/drive/MyDrive/Underwater Audio Data/data/Vessels/Cargo_12.wav,3.0
/content/drive/MyDrive/Underwater Audio Data/processed/Vessels/Cargo_12_chunk69.wav,Vessels,/content/drive/MyDrive/Underwater Audio Data/data/Vessels/Cargo_12.wav,3.0
/content/drive/MyDrive/Underwater Audio Data/processed/Vessels/Cargo_12_chunk70.wav,Vessels,/content/drive/MyDrive/Underwater Audio Data/data/Vessels/Cargo_12.wav,3.0
/content/drive/MyDrive/Underwater Audio Data/processed/Vessels/Cargo_12_chunk71.wav,Vessels,/content/drive/MyDrive/Underwater Audio Data/data/Vessels/Cargo_12.wav,3.0
/content/drive/MyDrive/Underwater Audio Data/processed/Vessels/Cargo_12_chunk72.wav,Vessels,/content/drive/MyDrive/Underwater Audio Data/data/Vessels/Cargo_12.wav,3.0
/content/drive/MyDrive/Underwater Audio Data/processed/Vessels/Cargo_12_chunk73.wav,Vessels,/content/drive/MyDrive/Underwater Audio Data/data/Vessels/Cargo_12.wav,3.0
/content/drive/MyDrive/Underwater Audio Data/processed/Vessels/Cargo_12_chunk74.wav,Vessels,/content/drive/MyDrive/Underwater Audio Data/data/Vessels/Cargo_12.wav,3.0
/content/drive/MyDrive/Underwater Audio Data/processed/Vessels/Cargo_12_chunk75.wav,Vessels,/content/drive/MyDrive/Underwater Audio Data/data/Vessels/Cargo_12.wav,3.0
/content/drive/MyDrive/Underwater Audio Data/processed/Vessels/Cargo_12_chunk76.wav,Vessels,/content/drive/MyDrive/Underwater Audio Data/data/Vessels/Cargo_12.wav,3.0
/content/drive/MyDrive/Underwater Audio Data/processed/Vessels/Cargo_12_chunk77.wav,Vessels,/content/drive/MyDrive/Underwater Audio Data/data/Vessels/Cargo_12.wav,3.0
/content/drive/MyDrive/Underwater Audio Data/processed/Vessels/Cargo_12_chunk78.wav,Vessels,/content/drive/MyDrive/Underwater Audio Data/data/Vessels/Cargo_12.wav,3.0
/content/drive/MyDrive/Underwater Audio Data/processed/Vessels/Cargo_12_chunk79.wav,Vessels,/content/drive/MyDrive/Underwater Audio Data/data/Vessels/Cargo_12.wav,3.0
/content/drive/MyDrive/Underwater Audio Data/processed/Vessels/Cargo_12_chunk80.wav,Vessels,/content/drive/MyDrive/Underwater Audio Data/data/Vessels/Cargo_12.wav,3.0
/content/drive/MyDrive/Underwater Audio Data/processed/Vessels/Cargo_12_chunk81.wav,Vessels,/content/drive/MyDrive/Underwater Audio Data/data/Vessels/Cargo_12.wav,3.0
/content/drive/MyDrive/Underwater Audio Data/processed/Vessels/Cargo_12_chunk82.wav,Vessels,/content/drive/MyDrive/Underwater Audio Data/data/Vessels/Cargo_12.wav,3.0
/content/drive/MyDrive/Underwater Audio Data/processed/Vessels/Cargo_12_chunk83.wav,Vessels,/content/drive/MyDrive/Underwater Audio Data/data/Vessels/Cargo_12.wav,3.0
/content/drive/MyDrive/Underwater Audio Data/processed/Vessels/Cargo_12_chunk84.wav,Vessels,/content/drive/MyDrive/Underwater Audio Data/data/Vessels/Cargo_12.wav,3.0
/content/drive/MyDrive/Underwater Audio Data/processed/Vessels/Cargo_12_chunk85.wav,Vessels,/content/drive/MyDrive/Underwater Audio Data/data/Vessels/Cargo_12.wav,3.0
/content/drive/MyDrive/Underwater Audio Data/processed/Vessels/Cargo_12_chunk86.wav,Vessels,/content/drive/MyDrive/Underwater Audio Data/data/Vessels/Cargo_12.wav,3.0
/content/drive/MyDrive/Underwater Audio Data/processed/Vessels/Cargo_12_chunk87.wav,Vessels,/content/drive/MyDrive/Underwater Audio Data/data/Vessels/Cargo_12.wav,3.0
/content/drive/MyDrive/Underwater Audio Data/processed/Vessels/Cargo_12_chunk88.wav,Vessels,/content/drive/MyDrive/Underwater Audio Data/data/Vessels/Cargo_12.wav,3.0
/content/drive/MyDrive/Underwater Audio Data/processed/Vessels/Cargo_12_chunk89.wav,Vessels,/content/drive/MyDrive/Underwater Audio Data/data/Vessels/Cargo_12.wav,3.0
/content/drive/MyDrive/Underwater Audio Data/processed/Vessels/Cargo_12_chunk90.wav,Vessels,/content/drive/MyDrive/Underwater Audio Data/data/Vessels/Cargo_12.wav,3.0
/content/drive/MyDrive/Underwater Audio Data/processed/Vessels/Cargo_12_chunk91.wav,Vessels,/content/drive/MyDrive/Underwater Audio Data/data/Vessels/Cargo_12.wav,3.0
/content/drive/MyDrive/Underwater Audio Data/processed/Vessels/Cargo_12_chunk92.wav,Vessels,/content/drive/MyDrive/Underwater Audio Data/data/Vessels/Cargo_12.wav,3.0
/content/drive/MyDrive/Underwater Audio Data/processed/Vessels/Cargo_12_chunk93.wav,Vessels,/content/drive/MyDrive/Underwater Audio Data/data/Vessels/Cargo_12.wav,3.0
/content/drive/MyDrive/Underwater Audio Data/processed/Vessels/Cargo_12_chunk94.wav,Vessels,/content/drive/MyDrive/Underwater Audio Data/data/Vessels/Cargo_12.wav,3.0
/content/drive/MyDrive/Underwater Audio Data/processed/Vessels/Cargo_12_chunk95.wav,Vessels,/content/drive/MyDrive/Underwater Audio Data/data/Vessels/Cargo_12.wav,3.0
/content/drive/MyDrive/Underwater Audio Data/processed/Vessels/Cargo_12_chunk96.wav,Vessels,/content/drive/MyDrive/Underwater Audio Data/data/Vessels/Cargo_12.wav,3.0
/content/drive/MyDrive/Underwater Audio Data/processed/Vessels/Cargo_12_chunk97.wav,Vessels,/content/drive/MyDrive/Underwater Audio Data/data/Vessels/Cargo_12.wav,3.0
/content/drive/MyDrive/Underwater Audio Data/processed/Vessels/Cargo_12_chunk98.wav,Vessels,/content/drive/MyDrive/Underwater Audio Data/data/Vessels/Cargo_12.wav,3.0
/content/drive/MyDrive/Underwater Audio Data/processed/Vessels/Cargo_12_chunk99.wav,Vessels,/content/drive/MyDrive/Underwater Audio Data/data/Vessels/Cargo_12.wav,3.0
/content/drive/MyDrive/Underwater Audio Data/processed/Vessels/Cargo_12_chunk100.wav,Vessels,/content/drive/MyDrive/Underwater Audio Data/data/Vessels/Cargo_12.wav,3.0
/content/drive/MyDrive/Underwater Audio Data/processed/Vessels/Cargo_12_chunk101.wav,Vessels,/content/drive/MyDrive/Underwater Audio Data/data/Vessels/Cargo_12.wav,3.0
/content/drive/MyDrive/Underwater Audio Data/processed/Vessels/Cargo_12_chunk102.wav,Vessels,/content/drive/MyDrive/Underwater Audio Data/data/Vessels/Cargo_12.wav,3.0
/content/drive/MyDrive/Underwater Audio Data/processed/Vessels/Cargo_12_chunk103.wav,Vessels,/content/drive/MyDrive/Underwater Audio Data/data/Vessels/Cargo_12.wav,3.0
/content/drive/MyDrive/Underwater Audio Data/processed/Vessels/Cargo_12_chunk104.wav,Vessels,/content/drive/MyDrive/Underwater Audio Data/data/Vessels/Cargo_12.wav,3.0
/content/drive/MyDrive/Underwater Audio Data/processed/Vessels/Cargo_12_chunk105.wav,Vessels,/content/drive/MyDrive/Underwater Audio Data/data/Vessels/Cargo_12.wav,3.0
/content/drive/MyDrive/Underwater Audio Data/processed/Vessels/Cargo_12_chunk106.wav,Vessels,/content/drive/MyDrive/Underwater Audio Data/data/Vessels/Cargo_12.wav,3.0
/content/drive/MyDrive/Underwater Audio Data/processed/Vessels/Cargo_12_chunk107.wav,Vessels,/content/drive/MyDrive/Underwater Audio Data/data/Vessels/Cargo_12.wav,3.0
/content/drive/MyDrive/Underwater Audio Data/processed/Vessels/Cargo_12_chunk108.wav,Vessels,/content/drive/MyDrive/Underwater Audio Data/data/Vessels/Cargo_12.wav,3.0
/content/drive/MyDrive/Underwater Audio Data/processed/Vessels/Cargo_12_chunk109.wav,Vessels,/content/drive/MyDrive/Underwater Audio Data/data/Vessels/Cargo_12.wav,3.0
/content/drive/MyDrive/Underwater Audio Data/processed/Vessels/Cargo_12_chunk110.wav,Vessels,/content/drive/MyDrive/Underwater Audio Data/data/Vessels/Cargo_12.wav,3.0
/content/drive/MyDrive/Underwater Audio Data/processed/Vessels/Cargo_12_chunk111.wav,Vessels,/content/drive/MyDrive/Underwater Audio Data/data/Vessels/Cargo_12.wav,3.0
/content/drive/MyDrive/Underwater Audio Data/processed/Vessels/Cargo_12_chunk112.wav,Vessels,/content/drive/MyDrive/Underwater Audio Data/data/Vessels/Cargo_12.wav,3.0
/content/drive/MyDrive/Underwater Audio Data/processed/Vessels/Cargo_12_chunk113.wav,Vessels,/content/drive/MyDrive/Underwater Audio Data/data/Vessels/Cargo_12.wav,3.0
/content/drive/MyDrive/Underwater Audio Data/processed/Vessels/Cargo_12_chunk114.wav,Vessels,/content/drive/MyDrive/Underwater Audio Data/data/Vessels/Cargo_12.wav,3.0
/content/drive/MyDrive/Underwater Audio Data/processed/Vessels/Cargo_12_chunk115.wav,Vessels,/content/drive/MyDrive/Underwater Audio Data/data/Vessels/Cargo_12.wav,3.0
/content/drive/MyDrive/Underwater Audio Data/processed/Vessels/Cargo_12_chunk116.wav,Vessels,/content/drive/MyDrive/Underwater Audio Data/data/Vessels/Cargo_12.wav,3.0
/content/drive/MyDrive/Underwater Audio Data/processed/Vessels/Cargo_12_chunk117.wav,Vessels,/content/drive/MyDrive/Underwater Audio Data/data/Vessels/Cargo_12.wav,3.0
/content/drive/MyDrive/Underwater Audio Data/processed/Vessels/Cargo_12_chunk118.wav,Vessels,/content/drive/MyDrive/Underwater Audio Data/data/Vessels/Cargo_12.wav,3.0
/content/drive/MyDrive/Underwater Audio Data/processed/Vessels/Cargo_12_chunk119.wav,Vessels,/content/drive/MyDrive/Underwater Audio Data/data/Vessels/Cargo_12.wav,3.0
/content/drive/MyDrive/Underwater Audio Data/processed/Vessels/Cargo_12_chunk120.wav,Vessels,/content/drive/MyDrive/Underwater Audio Data/data/Vessels/Cargo_12.wav,3.0
/content/drive/MyDrive/Underwater Audio Data/processed/Vessels/Cargo_12_chunk121.wav,Vessels,/content/drive/MyDrive/Underwater Audio Data/data/Vessels/Cargo_12.wav,3.0
/content/drive/MyDrive/Underwater Audio Data/processed/Vessels/Cargo_12_chunk122.wav,Vessels,/content/drive/MyDrive/Underwater Audio Data/data/Vessels/Cargo_12.wav,3.0
/content/drive/MyDrive/Underwater Audio Data/processed/Vessels/Cargo_12_chunk123.wav,Vessels,/content/drive/MyDrive/Underwater Audio Data/data/Vessels/Cargo_12.wav,3.0
/content/drive/MyDrive/Underwater Audio Data/processed/Vessels/Cargo_12_chunk124.wav,Vessels,/content/drive/MyDrive/Underwater Audio Data/data/Vessels/Cargo_12.wav,3.0
/content/drive/MyDrive/Underwater Audio Data/processed/Vessels/Cargo_12_chunk125.wav,Vessels,/content/drive/MyDrive/Underwater Audio Data/data/Vessels/Cargo_12.wav,3.0
/content/drive/MyDrive/Underwater Audio Data/processed/Vessels/Cargo_12_chunk126.wav,Vessels,/content/drive/MyDrive/Underwater Audio Data/data/Vessels/Cargo_12.wav,3.0
/content/drive/MyDrive/Underwater Audio Data/processed/Vessels/Cargo_12_chunk127.wav,Vessels,/content/drive/MyDrive/Underwater Audio Data/data/Vessels/Cargo_12.wav,3.0
/content/drive/MyDrive/Underwater Audio Data/processed/Vessels/Cargo_12_chunk128.wav,Vessels,/content/drive/MyDrive/Underwater Audio Data/data/Vessels/Cargo_12.wav,3.0
/content/drive/MyDrive/Underwater Audio Data/processed/Vessels/Cargo_12_chunk129.wav,Vessels,/content/drive/MyDrive/Underwater Audio Data/data/Vessels/Cargo_12.wav,3.0
/content/drive/MyDrive/Underwater Audio Data/processed/Vessels/Cargo_12_chunk130.wav,Vessels,/content/drive/MyDrive/Underwater Audio Data/data/Vessels/Cargo_12.wav,3.0
/content/drive/MyDrive/Underwater Audio Data/processed/Vessels/Cargo_12_chunk131.wav,Vessels,/content/drive/MyDrive/Underwater Audio Data/data/Vessels/Cargo_12.wav,3.0
/content/drive/MyDrive/Underwater Audio Data/processed/Vessels/Cargo_12_chunk132.wav,Vessels,/content/drive/MyDrive/Underwater Audio Data/data/Vessels/Cargo_12.wav,3.0
/content/drive/MyDrive/Underwater Audio Data/processed/Vessels/Cargo_1_chunk0.wav,Vessels,/content/drive/MyDrive/Underwater Audio Data/data/Vessels/Cargo_1.wav,3.0
/content/drive/MyDrive/Underwater Audio Data/processed/Vessels/Cargo_1_chunk1.wav,Vessels,/content/drive/MyDrive/Underwater Audio Data/data/Vessels/Cargo_1.wav,3.0
/content/drive/MyDrive/Underwater Audio Data/processed/Vessels/Cargo_1_chunk2.wav,Vessels,/content/drive/MyDrive/Underwater Audio Data/data/Vessels/Cargo_1.wav,3.0
/content/drive/MyDrive/Underwater Audio Data/processed/Vessels/Cargo_1_chunk3.wav,Vessels,/content/drive/MyDrive/Underwater Audio Data/data/Vessels/Cargo_1.wav,3.0
/content/drive/MyDrive/Underwater Audio Data/processed/Vessels/Cargo_1_chunk4.wav,Vessels,/content/drive/MyDrive/Underwater Audio Data/data/Vessels/Cargo_1.wav,3.0
/content/drive/MyDrive/Underwater Audio Data/processed/Vessels/Cargo_1_chunk5.wav,Vessels,/content/drive/MyDrive/Underwater Audio Data/data/Vessels/Cargo_1.wav,3.0
/content/drive/MyDrive/Underwater Audio Data/processed/Vessels/Cargo_1_chunk6.wav,Vessels,/content/drive/MyDrive/Underwater Audio Data/data/Vessels/Cargo_1.wav,3.0
/content/drive/MyDrive/Underwater Audio Data/processed/Vessels/Cargo_1_chunk7.wav,Vessels,/content/drive/MyDrive/Underwater Audio Data/data/Vessels/Cargo_1.wav,3.0
/content/drive/MyDrive/Underwater Audio Data/processed/Vessels/Cargo_1_chunk8.wav,Vessels,/content/drive/MyDrive/Underwater Audio Data/data/Vessels/Cargo_1.wav,3.0
/content/drive/MyDrive/Underwater Audio Data/processed/Vessels/Cargo_1_chunk9.wav,Vessels,/content/drive/MyDrive/Underwater Audio Data/data/Vessels/Cargo_1.wav,3.0
/content/drive/MyDrive/Underwater Audio Data/processed/Vessels/Cargo_1_chunk10.wav,Vessels,/content/drive/MyDrive/Underwater Audio Data/data/Vessels/Cargo_1.wav,3.0
/content/drive/MyDrive/Underwater Audio Data/processed/Vessels/Cargo_1_chunk11.wav,Vessels,/content/drive/MyDrive/Underwater Audio Data/data/Vessels/Cargo_1.wav,3.0
/content/drive/MyDrive/Underwater Audio Data/processed/Vessels/Cargo_1_chunk12.wav,Vessels,/content/drive/MyDrive/Underwater Audio Data/data/Vessels/Cargo_1.wav,3.0
/content/drive/MyDrive/Underwater Audio Data/processed/Vessels/Cargo_1_chunk13.wav,Vessels,/content/drive/MyDrive/Underwater Audio Data/data/Vessels/Cargo_1.wav,3.0
/content/drive/MyDrive/Underwater Audio Data/processed/Vessels/Cargo_1_chunk14.wav,Vessels,/content/drive/MyDrive/Underwater Audio Data/data/Vessels/Cargo_1.wav,3.0
/content/drive/MyDrive/Underwater Audio Data/processed/Vessels/Cargo_1_chunk15.wav,Vessels,/content/drive/MyDrive/Underwater Audio Data/data/Vessels/Cargo_1.wav,3.0
/content/drive/MyDrive/Underwater Audio Data/processed/Vessels/Cargo_1_chunk16.wav,Vessels,/content/drive/MyDrive/Underwater Audio Data/data/Vessels/Cargo_1.wav,3.0
/content/drive/MyDrive/Underwater Audio Data/processed/Vessels/Cargo_1_chunk17.wav,Vessels,/content/drive/MyDrive/Underwater Audio Data/data/Vessels/Cargo_1.wav,3.0
/content/drive/MyDrive/Underwater Audio Data/processed/Vessels/Cargo_1_chunk18.wav,Vessels,/content/drive/MyDrive/Underwater Audio Data/data/Vessels/Cargo_1.wav,3.0
/content/drive/MyDrive/Underwater Audio Data/processed/Vessels/Cargo_1_chunk19.wav,Vessels,/content/drive/MyDrive/Underwater Audio Data/data/Vessels/Cargo_1.wav,3.0
/content/drive/MyDrive/Underwater Audio Data/processed/Vessels/Cargo_1_chunk20.wav,Vessels,/content/drive/MyDrive/Underwater Audio Data/data/Vessels/Cargo_1.wav,3.0
/content/drive/MyDrive/Underwater Audio Data/processed/Vessels/Cargo_1_chunk21.wav,Vessels,/content/drive/MyDrive/Underwater Audio Data/data/Vessels/Cargo_1.wav,3.0
/content/drive/MyDrive/Underwater Audio Data/processed/Vessels/Cargo_1_chunk22.wav,Vessels,/content/drive/MyDrive/Underwater Audio Data/data/Vessels/Cargo_1.wav,3.0
/content/drive/MyDrive/Underwater Audio Data/processed/Vessels/Cargo_1_chunk23.wav,Vessels,/content/drive/MyDrive/Underwater Audio Data/data/Vessels/Cargo_1.wav,3.0
/content/drive/MyDrive/Underwater Audio Data/processed/Vessels/Cargo_1_chunk24.wav,Vessels,/content/drive/MyDrive/Underwater Audio Data/data/Vessels/Cargo_1.wav,3.0
/content/drive/MyDrive/Underwater Audio Data/processed/Vessels/Cargo_1_chunk25.wav,Vessels,/content/drive/MyDrive/Underwater Audio Data/data/Vessels/Cargo_1.wav,3.0
/content/drive/MyDrive/Underwater Audio Data/processed/Vessels/Cargo_1_chunk26.wav,Vessels,/content/drive/MyDrive/Underwater Audio Data/data/Vessels/Cargo_1.wav,3.0
/content/drive/MyDrive/Underwater Audio Data/processed/Vessels/Cargo_1_chunk27.wav,Vessels,/content/drive/MyDrive/Underwater Audio Data/data/Vessels/Cargo_1.wav,3.0
/content/drive/MyDrive/Underwater Audio Data/processed/Vessels/Cargo_1_chunk28.wav,Vessels,/content/drive/MyDrive/Underwater Audio Data/data/Vessels/Cargo_1.wav,3.0
/content/drive/MyDrive/Underwater Audio Data/processed/Vessels/Cargo_1_chunk29.wav,Vessels,/content/drive/MyDrive/Underwater Audio Data/data/Vessels/Cargo_1.wav,3.0
/content/drive/MyDrive/Underwater Audio Data/processed/Vessels/Cargo_1_chunk30.wav,Vessels,/content/drive/MyDrive/Underwater Audio Data/data/Vessels/Cargo_1.wav,3.0
/content/drive/MyDrive/Underwater Audio Data/processed/Vessels/Cargo_1_chunk31.wav,Vessels,/content/drive/MyDrive/Underwater Audio Data/data/Vessels/Cargo_1.wav,3.0
/content/drive/MyDrive/Underwater Audio Data/processed/Vessels/Cargo_1_chunk32.wav,Vessels,/content/drive/MyDrive/Underwater Audio Data/data/Vessels/Cargo_1.wav,3.0
/content/drive/MyDrive/Underwater Audio Data/processed/Vessels/Cargo_1_chunk33.wav,Vessels,/content/drive/MyDrive/Underwater Audio Data/data/Vessels/Cargo_1.wav,3.0
/content/drive/MyDrive/Underwater Audio Data/processed/Vessels/Cargo_1_chunk34.wav,Vessels,/content/drive/MyDrive/Underwater Audio Data/data/Vessels/Cargo_1.wav,3.0
/content/drive/MyDrive/Underwater Audio Data/processed/Vessels/Cargo_1_chunk35.wav,Vessels,/content/drive/MyDrive/Underwater Audio Data/data/Vessels/Cargo_1.wav,3.0
/content/drive/MyDrive/Underwater Audio Data/processed/Vessels/Cargo_1_chunk36.wav,Vessels,/content/drive/MyDrive/Underwater Audio Data/data/Vessels/Cargo_1.wav,3.0
/content/drive/MyDrive/Underwater Audio Data/processed/Vessels/Cargo_1_chunk37.wav,Vessels,/content/drive/MyDrive/Underwater Audio Data/data/Vessels/Cargo_1.wav,3.0
/content/drive/MyDrive/Underwater Audio Data/processed/Vessels/Cargo_1_chunk38.wav,Vessels,/content/drive/MyDrive/Underwater Audio Data/data/Vessels/Cargo_1.wav,3.0
/content/drive/MyDrive/Underwater Audio Data/processed/Vessels/Cargo_1_chunk39.wav,Vessels,/content/drive/MyDrive/Underwater Audio Data/data/Vessels/Cargo_1.wav,3.0
/content/drive/MyDrive/Underwater Audio Data/processed/Vessels/Cargo_1_chunk40.wav,Vessels,/content/drive/MyDrive/Underwater Audio Data/data/Vessels/Cargo_1.wav,3.0
/content/drive/MyDrive/Underwater Audio Data/processed/Vessels/Cargo_1_chunk41.wav,Vessels,/content/drive/MyDrive/Underwater Audio Data/data/Vessels/Cargo_1.wav,3.0
/content/drive/MyDrive/Underwater Audio Data/processed/Vessels/Cargo_1_chunk42.wav,Vessels,/content/drive/MyDrive/Underwater Audio Data/data/Vessels/Cargo_1.wav,3.0
/content/drive/MyDrive/Underwater Audio Data/processed/Vessels/Cargo_1_chunk43.wav,Vessels,/content/drive/MyDrive/Underwater Audio Data/data/Vessels/Cargo_1.wav,3.0
/content/drive/MyDrive/Underwater Audio Data/processed/Vessels/Cargo_1_chunk44.wav,Vessels,/content/drive/MyDrive/Underwater Audio Data/data/Vessels/Cargo_1.wav,3.0
/content/drive/MyDrive/Underwater Audio Data/processed/Vessels/Cargo_1_chunk45.wav,Vessels,/content/drive/MyDrive/Underwater Audio Data/data/Vessels/Cargo_1.wav,3.0
/content/drive/MyDrive/Underwater Audio Data/processed/Vessels/Cargo_1_chunk46.wav,Vessels,/content/drive/MyDrive/Underwater Audio Data/data/Vessels/Cargo_1.wav,3.0
/content/drive/MyDrive/Underwater Audio Data/processed/Vessels/Cargo_1_chunk47.wav,Vessels,/content/drive/MyDrive/Underwater Audio Data/data/Vessels/Cargo_1.wav,3.0
/content/drive/MyDrive/Underwater Audio Data/processed/Vessels/Cargo_1_chunk48.wav,Vessels,/content/drive/MyDrive/Underwater Audio Data/data/Vessels/Cargo_1.wav,3.0
/content/drive/MyDrive/Underwater Audio Data/processed/Vessels/Cargo_1_chunk49.wav,Vessels,/content/drive/MyDrive/Underwater Audio Data/data/Vessels/Cargo_1.wav,3.0
/content/drive/MyDrive/Underwater Audio Data/processed/Vessels/Cargo_1_chunk50.wav,Vessels,/content/drive/MyDrive/Underwater Audio Data/data/Vessels/Cargo_1.wav,3.0
/content/drive/MyDrive/Underwater Audio Data/processed/Vessels/Cargo_1_chunk51.wav,Vessels,/content/drive/MyDrive/Underwater Audio Data/data/Vessels/Cargo_1.wav,3.0
/content/drive/MyDrive/Underwater Audio Data/processed/Vessels/Cargo_1_chunk52.wav,Vessels,/content/drive/MyDrive/Underwater Audio Data/data/Vessels/Cargo_1.wav,3.0
/content/drive/MyDrive/Underwater Audio Data/processed/Vessels/Cargo_1_chunk53.wav,Vessels,/content/drive/MyDrive/Underwater Audio Data/data/Vessels/Cargo_1.wav,3.0
/content/drive/MyDrive/Underwater Audio Data/processed/Vessels/Cargo_1_chunk54.wav,Vessels,/content/drive/MyDrive/Underwater Audio Data/data/Vessels/Cargo_1.wav,3.0
/content/drive/MyDrive/Underwater Audio Data/processed/Vessels/Cargo_1_chunk55.wav,Vessels,/content/drive/MyDrive/Underwater Audio Data/data/Vessels/Cargo_1.wav,3.0
/content/drive/MyDrive/Underwater Audio Data/processed/Vessels/Cargo_1_chunk56.wav,Vessels,/content/drive/MyDrive/Underwater Audio Data/data/Vessels/Cargo_1.wav,3.0
/content/drive/MyDrive/Underwater Audio Data/processed/Vessels/Cargo_1_chunk57.wav,Vessels,/content/drive/MyDrive/Underwater Audio Data/data/Vessels/Cargo_1.wav,3.0
/content/drive/MyDrive/Underwater Audio Data/processed/Vessels/Cargo_1_chunk58.wav,Vessels,/content/drive/MyDrive/Underwater Audio Data/data/Vessels/Cargo_1.wav,3.0
/content/drive/MyDrive/Underwater Audio Data/processed/Vessels/Cargo_1_chunk59.wav,Vessels,/content/drive/MyDrive/Underwater Audio Data/data/Vessels/Cargo_1.wav,3.0
/content/drive/MyDrive/Underwater Audio Data/processed/Vessels/Cargo_1_chunk60.wav,Vessels,/content/drive/MyDrive/Underwater Audio Data/data/Vessels/Cargo_1.wav,3.0
/content/drive/MyDrive/Underwater Audio Data/processed/Vessels/Cargo_1_chunk61.wav,Vessels,/content/drive/MyDrive/Underwater Audio Data/data/Vessels/Cargo_1.wav,3.0
/content/drive/MyDrive/Underwater Audio Data/processed/Vessels/Cargo_1_chunk62.wav,Vessels,/content/drive/MyDrive/Underwater Audio Data/data/Vessels/Cargo_1.wav,3.0
/content/drive/MyDrive/Underwater Audio Data/processed/Vessels/Cargo_1_chunk63.wav,Vessels,/content/drive/MyDrive/Underwater Audio Data/data/Vessels/Cargo_1.wav,3.0
/content/drive/MyDrive/Underwater Audio Data/processed/Vessels/Cargo_1_chunk64.wav,Vessels,/content/drive/MyDrive/Underwater Audio Data/data/Vessels/Cargo_1.wav,3.0
/content/drive/MyDrive/Underwater Audio Data/processed/Vessels/Cargo_1_chunk65.wav,Vessels,/content/drive/MyDrive/Underwater Audio Data/data/Vessels/Cargo_1.wav,3.0
/content/drive/MyDrive/Underwater Audio Data/processed/Vessels/Cargo_1_chunk66.wav,Vessels,/content/drive/MyDrive/Underwater Audio Data/data/Vessels/Cargo_1.wav,3.0
/content/drive/MyDrive/Underwater Audio Data/processed/Vessels/Cargo_1_chunk67.wav,Vessels,/content/drive/MyDrive/Underwater Audio Data/data/Vessels/Cargo_1.wav,3.0
/content/drive/MyDrive/Underwater Audio Data/processed/Vessels/Cargo_1_chunk68.wav,Vessels,/content/drive/MyDrive/Underwater Audio Data/data/Vessels/Cargo_1.wav,3.0
/content/drive/MyDrive/Underwater Audio Data/processed/Vessels/Cargo_1_chunk69.wav,Vessels,/content/drive/MyDrive/Underwater Audio Data/data/Vessels/Cargo_1.wav,3.0
/content/drive/MyDrive/Underwater Audio Data/processed/Vessels/Cargo_1_chunk70.wav,Vessels,/content/drive/MyDrive/Underwater Audio Data/data/Vessels/Cargo_1.wav,3.0
/content/drive/MyDrive/Underwater Audio Data/processed/Vessels/Cargo_1_chunk71.wav,Vessels,/content/drive/MyDrive/Underwater Audio Data/data/Vessels/Cargo_1.wav,3.0
/content/drive/MyDrive/Underwater Audio Data/processed/Vessels/Cargo_1_chunk72.wav,Vessels,/content/drive/MyDrive/Underwater Audio Data/data/Vessels/Cargo_1.wav,3.0
/content/drive/MyDrive/Underwater Audio Data/processed/Vessels/Cargo_1_chunk73.wav,Vessels,/content/drive/MyDrive/Underwater Audio Data/data/Vessels/Cargo_1.wav,3.0
/content/drive/MyDrive/Underwater Audio Data/processed/Vessels/Cargo_1_chunk74.wav,Vessels,/content/drive/MyDrive/Underwater Audio Data/data/Vessels/Cargo_1.wav,3.0
/content/drive/MyDrive/Underwater Audio Data/processed/Vessels/Cargo_1_chunk75.wav,Vessels,/content/drive/MyDrive/Underwater Audio Data/data/Vessels/Cargo_1.wav,3.0
/content/drive/MyDrive/Underwater Audio Data/processed/Vessels/Cargo_1_chunk76.wav,Vessels,/content/drive/MyDrive/Underwater Audio Data/data/Vessels/Cargo_1.wav,3.0
/content/drive/MyDrive/Underwater Audio Data/processed/Vessels/Cargo_1_chunk77.wav,Vessels,/content/drive/MyDrive/Underwater Audio Data/data/Vessels/Cargo_1.wav,3.0
/content/drive/MyDrive/Underwater Audio Data/processed/Vessels/Cargo_1_chunk78.wav,Vessels,/content/drive/MyDrive/Underwater Audio Data/data/Vessels/Cargo_1.wav,3.0
/content/drive/MyDrive/Underwater Audio Data/processed/Vessels/Cargo_1_chunk79.wav,Vessels,/content/drive/MyDrive/Underwater Audio Data/data/Vessels/Cargo_1.wav,3.0
/content/drive/MyDrive/Underwater Audio Data/processed/Vessels/Cargo_1_chunk80.wav,Vessels,/content/drive/MyDrive/Underwater Audio Data/data/Vessels/Cargo_1.wav,3.0
/content/drive/MyDrive/Underwater Audio Data/processed/Vessels/Cargo_1_chunk81.wav,Vessels,/content/drive/MyDrive/Underwater Audio Data/data/Vessels/Cargo_1.wav,3.0
/content/drive/MyDrive/Underwater Audio Data/processed/Vessels/Cargo_1_chunk82.wav,Vessels,/content/drive/MyDrive/Underwater Audio Data/data/Vessels/Cargo_1.wav,3.0
/content/drive/MyDrive/Underwater Audio Data/processed/Vessels/Cargo_1_chunk83.wav,Vessels,/content/drive/MyDrive/Underwater Audio Data/data/Vessels/Cargo_1.wav,3.0
/content/drive/MyDrive/Underwater Audio Data/processed/Vessels/Cargo_1_chunk84.wav,Vessels,/content/drive/MyDrive/Underwater Audio Data/data/Vessels/Cargo_1.wav,3.0
/content/drive/MyDrive/Underwater Audio Data/processed/Vessels/Cargo_1_chunk85.wav,Vessels,/content/drive/MyDrive/Underwater Audio Data/data/Vessels/Cargo_1.wav,3.0
/content/drive/MyDrive/Underwater Audio Data/processed/Vessels/Cargo_1_chunk86.wav,Vessels,/content/drive/MyDrive/Underwater Audio Data/data/Vessels/Cargo_1.wav,3.0
/content/drive/MyDrive/Underwater Audio Data/processed/Vessels/Cargo_1_chunk87.wav,Vessels,/content/drive/MyDrive/Underwater Audio Data/data/Vessels/Cargo_1.wav,3.0
/content/drive/MyDrive/Underwater Audio Data/processed/Vessels/Cargo_1_chunk88.wav,Vessels,/content/drive/MyDrive/Underwater Audio Data/data/Vessels/Cargo_1.wav,3.0
/content/drive/MyDrive/Underwater Audio Data/processed/Vessels/Cargo_1_chunk89.wav,Vessels,/content/drive/MyDrive/Underwater Audio Data/data/Vessels/Cargo_1.wav,3.0
/content/drive/MyDrive/Underwater Audio Data/processed/Vessels/Cargo_1_chunk90.wav,Vessels,/content/drive/MyDrive/Underwater Audio Data/data/Vessels/Cargo_1.wav,3.0
/content/drive/MyDrive/Underwater Audio Data/processed/Vessels/Cargo_1_chunk91.wav,Vessels,/content/drive/MyDrive/Underwater Audio Data/data/Vessels/Cargo_1.wav,3.0
/content/drive/MyDrive/Underwater Audio Data/processed/Vessels/Cargo_1_chunk92.wav,Vessels,/content/drive/MyDrive/Underwater Audio Data/data/Vessels/Cargo_1.wav,3.0
/content/drive/MyDrive/Underwater Audio Data/processed/Vessels/Cargo_1_chunk93.wav,Vessels,/content/drive/MyDrive/Underwater Audio Data/data/Vessels/Cargo_1.wav,3.0
/content/drive/MyDrive/Underwater Audio Data/processed/Vessels/Cargo_1_chunk94.wav,Vessels,/content/drive/MyDrive/Underwater Audio Data/data/Vessels/Cargo_1.wav,3.0
/content/drive/MyDrive/Underwater Audio Data/processed/Vessels/Cargo_1_chunk95.wav,Vessels,/content/drive/MyDrive/Underwater Audio Data/data/Vessels/Cargo_1.wav,3.0
/content/drive/MyDrive/Underwater Audio Data/processed/Vessels/Cargo_1_chunk96.wav,Vessels,/content/drive/MyDrive/Underwater Audio Data/data/Vessels/Cargo_1.wav,3.0
/content/drive/MyDrive/Underwater Audio Data/processed/Vessels/Cargo_1_chunk97.wav,Vessels,/content/drive/MyDrive/Underwater Audio Data/data/Vessels/Cargo_1.wav,3.0
/content/drive/MyDrive/Underwater Audio Data/processed/Vessels/Cargo_1_chunk98.wav,Vessels,/content/drive/MyDrive/Underwater Audio Data/data/Vessels/Cargo_1.wav,3.0
/content/drive/MyDrive/Underwater Audio Data/processed/Vessels/Cargo_1_chunk99.wav,Vessels,/content/drive/MyDrive/Underwater Audio Data/data/Vessels/Cargo_1.wav,3.0
/content/drive/MyDrive/Underwater Audio Data/processed/Vessels/Cargo_1_chunk100.wav,Vessels,/content/drive/MyDrive/Underwater Audio Data/data/Vessels/Cargo_1.wav,3.0
/content/drive/MyDrive/Underwater Audio Data/processed/Vessels/Cargo_1_chunk101.wav,Vessels,/content/drive/MyDrive/Underwater Audio Data/data/Vessels/Cargo_1.wav,3.0
/content/drive/MyDrive/Underwater Audio Data/processed/Vessels/Cargo_1_chunk102.wav,Vessels,/content/drive/MyDrive/Underwater Audio Data/data/Vessels/Cargo_1.wav,3.0
/content/drive/MyDrive/Underwater Audio Data/processed/Vessels/Cargo_1_chunk103.wav,Vessels,/content/drive/MyDrive/Underwater Audio Data/data/Vessels/Cargo_1.wav,3.0
/content/drive/MyDrive/Underwater Audio Data/processed/Vessels/Cargo_1_chunk104.wav,Vessels,/content/drive/MyDrive/Underwater Audio Data/data/Vessels/Cargo_1.wav,3.0
/content/drive/MyDrive/Underwater Audio Data/processed/Vessels/Cargo_1_chunk105.wav,Vessels,/content/drive/MyDrive/Underwater Audio Data/data/Vessels/Cargo_1.wav,3.0
/content/drive/MyDrive/Underwater Audio Data/processed/Vessels/Cargo_1_chunk106.wav,Vessels,/content/drive/MyDrive/Underwater Audio Data/data/Vessels/Cargo_1.wav,3.0
/content/drive/MyDrive/Underwater Audio Data/processed/Vessels/Cargo_1_chunk107.wav,Vessels,/content/drive/MyDrive/Underwater Audio Data/data/Vessels/Cargo_1.wav,3.0
/content/drive/MyDrive/Underwater Audio Data/processed/Vessels/Cargo_1_chunk108.wav,Vessels,/content/drive/MyDrive/Underwater Audio Data/data/Vessels/Cargo_1.wav,3.0
/content/drive/MyDrive/Underwater Audio Data/processed/Vessels/Cargo_1_chunk109.wav,Vessels,/content/drive/MyDrive/Underwater Audio Data/data/Vessels/Cargo_1.wav,3.0
/content/drive/MyDrive/Underwater Audio Data/processed/Vessels/Cargo_1_chunk110.wav,Vessels,/content/drive/MyDrive/Underwater Audio Data/data/Vessels/Cargo_1.wav,3.0
/content/drive/MyDrive/Underwater Audio Data/processed/Vessels/Cargo_1_chunk111.wav,Vessels,/content/drive/MyDrive/Underwater Audio Data/data/Vessels/Cargo_1.wav,3.0
/content/drive/MyDrive/Underwater Audio Data/processed/Vessels/Cargo_1_chunk112.wav,Vessels,/content/drive/MyDrive/Underwater Audio Data/data/Vessels/Cargo_1.wav,3.0
/content/drive/MyDrive/Underwater Audio Data/processed/Vessels/Cargo_1_chunk113.wav,Vessels,/content/drive/MyDrive/Underwater Audio Data/data/Vessels/Cargo_1.wav,3.0
/content/drive/MyDrive/Underwater Audio Data/processed/Vessels/Cargo_1_chunk114.wav,Vessels,/content/drive/MyDrive/Underwater Audio Data/data/Vessels/Cargo_1.wav,3.0
/content/drive/MyDrive/Underwater Audio Data/processed/Vessels/Cargo_1_chunk115.wav,Vessels,/content/drive/MyDrive/Underwater Audio Data/data/Vessels/Cargo_1.wav,3.0
/content/drive/MyDrive/Underwater Audio Data/processed/Vessels/Cargo_1_chunk116.wav,Vessels,/content/drive/MyDrive/Underwater Audio Data/data/Vessels/Cargo_1.wav,3.0
/content/drive/MyDrive/Underwater Audio Data/processed/Vessels/Cargo_1_chunk117.wav,Vessels,/content/drive/MyDrive/Underwater Audio Data/data/Vessels/Cargo_1.wav,3.0
/content/drive/MyDrive/Underwater Audio Data/processed/Vessels/Cargo_1_chunk118.wav,Vessels,/content/drive/MyDrive/Underwater Audio Data/data/Vessels/Cargo_1.wav,3.0
/content/drive/MyDrive/Underwater Audio Data/processed/Vessels/Cargo_1_chunk119.wav,Vessels,/content/drive/MyDrive/Underwater Audio Data/data/Vessels/Cargo_1.wav,3.0
/content/drive/MyDrive/Underwater Audio Data/processed/Vessels/Cargo_1_chunk120.wav,Vessels,/content/drive/MyDrive/Underwater Audio Data/data/Vessels/Cargo_1.wav,3.0
/content/drive/MyDrive/Underwater Audio Data/processed/Vessels/Cargo_1_chunk121.wav,Vessels,/content/drive/MyDrive/Underwater Audio Data/data/Vessels/Cargo_1.wav,3.0
/content/drive/MyDrive/Underwater Audio Data/processed/Vessels/Cargo_1_chunk122.wav,Vessels,/content/drive/MyDrive/Underwater Audio Data/data/Vessels/Cargo_1.wav,3.0
/content/drive/MyDrive/Underwater Audio Data/processed/Vessels/Cargo_1_chunk123.wav,Vessels,/content/drive/MyDrive/Underwater Audio Data/data/Vessels/Cargo_1.wav,3.0
/content/drive/MyDrive/Underwater Audio Data/processed/Vessels/Cargo_1_chunk124.wav,Vessels,/content/drive/MyDrive/Underwater Audio Data/data/Vessels/Cargo_1.wav,3.0
/content/drive/MyDrive/Underwater Audio Data/processed/Vessels/Cargo_1_chunk125.wav,Vessels,/content/drive/MyDrive/Underwater Audio Data/data/Vessels/Cargo_1.wav,3.0
/content/drive/MyDrive/Underwater Audio Data/processed/Vessels/Cargo_1_chunk126.wav,Vessels,/content/drive/MyDrive/Underwater Audio Data/data/Vessels/Cargo_1.wav,3.0
/content/drive/MyDrive/Underwater Audio Data/processed/Vessels/Cargo_1_chunk127.wav,Vessels,/content/drive/MyDrive/Underwater Audio Data/data/Vessels/Cargo_1.wav,3.0
/content/drive/MyDrive/Underwater Audio Data/processed/Vessels/Cargo_1_chunk128.wav,Vessels,/content/drive/MyDrive/Underwater Audio Data/data/Vessels/Cargo_1.wav,3.0
/content/drive/MyDrive/Underwater Audio Data/processed/Vessels/Cargo_1_chunk129.wav,Vessels,/content/drive/MyDrive/Underwater Audio Data/data/Vessels/Cargo_1.wav,3.0
/content/drive/MyDrive/Underwater Audio Data/processed/Vessels/Cargo_1_chunk130.wav,Vessels,/content/drive/MyDrive/Underwater Audio Data/data/Vessels/Cargo_1.wav,3.0
/content/drive/MyDrive/Underwater Audio Data/processed/Vessels/Cargo_2_chunk0.wav,Vessels,/content/drive/MyDrive/Underwater Audio Data/data/Vessels/Cargo_2.wav,3.0
/content/drive/MyDrive/Underwater Audio Data/processed/Vessels/Cargo_2_chunk1.wav,Vessels,/content/drive/MyDrive/Underwater Audio Data/data/Vessels/Cargo_2.wav,3.0
/content/drive/MyDrive/Underwater Audio Data/processed/Vessels/Cargo_2_chunk2.wav,Vessels,/content/drive/MyDrive/Underwater Audio Data/data/Vessels/Cargo_2.wav,3.0
/content/drive/MyDrive/Underwater Audio Data/processed/Vessels/Cargo_2_chunk3.wav,Vessels,/content/drive/MyDrive/Underwater Audio Data/data/Vessels/Cargo_2.wav,3.0
/content/drive/MyDrive/Underwater Audio Data/processed/Vessels/Cargo_2_chunk4.wav,Vessels,/content/drive/MyDrive/Underwater Audio Data/data/Vessels/Cargo_2.wav,3.0
/content/drive/MyDrive/Underwater Audio Data/processed/Vessels/Cargo_2_chunk5.wav,Vessels,/content/drive/MyDrive/Underwater Audio Data/data/Vessels/Cargo_2.wav,3.0
/content/drive/MyDrive/Underwater Audio Data/processed/Vessels/Cargo_2_chunk6.wav,Vessels,/content/drive/MyDrive/Underwater Audio Data/data/Vessels/Cargo_2.wav,3.0
/content/drive/MyDrive/Underwater Audio Data/processed/Vessels/Cargo_2_chunk7.wav,Vessels,/content/drive/MyDrive/Underwater Audio Data/data/Vessels/Cargo_2.wav,3.0
/content/drive/MyDrive/Underwater Audio Data/processed/Vessels/Cargo_2_chunk8.wav,Vessels,/content/drive/MyDrive/Underwater Audio Data/data/Vessels/Cargo_2.wav,3.0
/content/drive/MyDrive/Underwater Audio Data/processed/Vessels/Cargo_2_chunk9.wav,Vessels,/content/drive/MyDrive/Underwater Audio Data/data/Vessels/Cargo_2.wav,3.0
/content/drive/MyDrive/Underwater Audio Data/processed/Vessels/Cargo_2_chunk10.wav,Vessels,/content/drive/MyDrive/Underwater Audio Data/data/Vessels/Cargo_2.wav,3.0
/content/drive/MyDrive/Underwater Audio Data/processed/Vessels/Cargo_2_chunk11.wav,Vessels,/content/drive/MyDrive/Underwater Audio Data/data/Vessels/Cargo_2.wav,3.0
/content/drive/MyDrive/Underwater Audio Data/processed/Vessels/Cargo_2_chunk12.wav,Vessels,/content/drive/MyDrive/Underwater Audio Data/data/Vessels/Cargo_2.wav,3.0
/content/drive/MyDrive/Underwater Audio Data/processed/Vessels/Cargo_2_chunk13.wav,Vessels,/content/drive/MyDrive/Underwater Audio Data/data/Vessels/Cargo_2.wav,3.0
/content/drive/MyDrive/Underwater Audio Data/processed/Vessels/Cargo_2_chunk14.wav,Vessels,/content/drive/MyDrive/Underwater Audio Data/data/Vessels/Cargo_2.wav,3.0
/content/drive/MyDrive/Underwater Audio Data/processed/Vessels/Cargo_2_chunk15.wav,Vessels,/content/drive/MyDrive/Underwater Audio Data/data/Vessels/Cargo_2.wav,3.0
/content/drive/MyDrive/Underwater Audio Data/processed/Vessels/Cargo_2_chunk16.wav,Vessels,/content/drive/MyDrive/Underwater Audio Data/data/Vessels/Cargo_2.wav,3.0
/content/drive/MyDrive/Underwater Audio Data/processed/Vessels/Cargo_2_chunk17.wav,Vessels,/content/drive/MyDrive/Underwater Audio Data/data/Vessels/Cargo_2.wav,3.0
/content/drive/MyDrive/Underwater Audio Data/processed/Vessels/Cargo_2_chunk18.wav,Vessels,/content/drive/MyDrive/Underwater Audio Data/data/Vessels/Cargo_2.wav,3.0
/content/drive/MyDrive/Underwater Audio Data/processed/Vessels/Cargo_2_chunk19.wav,Vessels,/content/drive/MyDrive/Underwater Audio Data/data/Vessels/Cargo_2.wav,3.0
/content/drive/MyDrive/Underwater Audio Data/processed/Vessels/Cargo_2_chunk20.wav,Vessels,/content/drive/MyDrive/Underwater Audio Data/data/Vessels/Cargo_2.wav,3.0
/content/drive/MyDrive/Underwater Audio Data/processed/Vessels/Cargo_2_chunk21.wav,Vessels,/content/drive/MyDrive/Underwater Audio Data/data/Vessels/Cargo_2.wav,3.0
/content/drive/MyDrive/Underwater Audio Data/processed/Vessels/Cargo_2_chunk22.wav,Vessels,/content/drive/MyDrive/Underwater Audio Data/data/Vessels/Cargo_2.wav,3.0
/content/drive/MyDrive/Underwater Audio Data/processed/Vessels/Cargo_2_chunk23.wav,Vessels,/content/drive/MyDrive/Underwater Audio Data/data/Vessels/Cargo_2.wav,3.0
/content/drive/MyDrive/Underwater Audio Data/processed/Vessels/Cargo_2_chunk24.wav,Vessels,/content/drive/MyDrive/Underwater Audio Data/data/Vessels/Cargo_2.wav,3.0
/content/drive/MyDrive/Underwater Audio Data/processed/Vessels/Cargo_2_chunk25.wav,Vessels,/content/drive/MyDrive/Underwater Audio Data/data/Vessels/Cargo_2.wav,3.0
/content/drive/MyDrive/Underwater Audio Data/processed/Vessels/Cargo_2_chunk26.wav,Vessels,/content/drive/MyDrive/Underwater Audio Data/data/Vessels/Cargo_2.wav,3.0
/content/drive/MyDrive/Underwater Audio Data/processed/Vessels/Cargo_2_chunk27.wav,Vessels,/content/drive/MyDrive/Underwater Audio Data/data/Vessels/Cargo_2.wav,3.0
/content/drive/MyDrive/Underwater Audio Data/processed/Vessels/Cargo_2_chunk28.wav,Vessels,/content/drive/MyDrive/Underwater Audio Data/data/Vessels/Cargo_2.wav,3.0
/content/drive/MyDrive/Underwater Audio Data/processed/Vessels/Cargo_2_chunk29.wav,Vessels,/content/drive/MyDrive/Underwater Audio Data/data/Vessels/Cargo_2.wav,3.0
/content/drive/MyDrive/Underwater Audio Data/processed/Vessels/Cargo_2_chunk30.wav,Vessels,/content/drive/MyDrive/Underwater Audio Data/data/Vessels/Cargo_2.wav,3.0
/content/drive/MyDrive/Underwater Audio Data/processed/Vessels/Cargo_2_chunk31.wav,Vessels,/content/drive/MyDrive/Underwater Audio Data/data/Vessels/Cargo_2.wav,3.0
/content/drive/MyDrive/Underwater Audio Data/processed/Vessels/Cargo_2_chunk32.wav,Vessels,/content/drive/MyDrive/Underwater Audio Data/data/Vessels/Cargo_2.wav,3.0
/content/drive/MyDrive/Underwater Audio Data/processed/Vessels/Cargo_2_chunk33.wav,Vessels,/content/drive/MyDrive/Underwater Audio Data/data/Vessels/Cargo_2.wav,3.0
/content/drive/MyDrive/Underwater Audio Data/processed/Vessels/Cargo_2_chunk34.wav,Vessels,/content/drive/MyDrive/Underwater Audio Data/data/Vessels/Cargo_2.wav,3.0
/content/drive/MyDrive/Underwater Audio Data/processed/Vessels/Cargo_2_chunk35.wav,Vessels,/content/drive/MyDrive/Underwater Audio Data/data/Vessels/Cargo_2.wav,3.0
/content/drive/MyDrive/Underwater Audio Data/processed/Vessels/Cargo_2_chunk36.wav,Vessels,/content/drive/MyDrive/Underwater Audio Data/data/Vessels/Cargo_2.wav,3.0
/content/drive/MyDrive/Underwater Audio Data/processed/Vessels/Cargo_2_chunk37.wav,Vessels,/content/drive/MyDrive/Underwater Audio Data/data/Vessels/Cargo_2.wav,3.0
/content/drive/MyDrive/Underwater Audio Data/processed/Vessels/Cargo_2_chunk38.wav,Vessels,/content/drive/MyDrive/Underwater Audio Data/data/Vessels/Cargo_2.wav,3.0
/content/drive/MyDrive/Underwater Audio Data/processed/Vessels/Cargo_2_chunk39.wav,Vessels,/content/drive/MyDrive/Underwater Audio Data/data/Vessels/Cargo_2.wav,3.0
/content/drive/MyDrive/Underwater Audio Data/processed/Vessels/Cargo_2_chunk40.wav,Vessels,/content/drive/MyDrive/Underwater Audio Data/data/Vessels/Cargo_2.wav,3.0
/content/drive/MyDrive/Underwater Audio Data/processed/Vessels/Cargo_2_chunk41.wav,Vessels,/content/drive/MyDrive/Underwater Audio Data/data/Vessels/Cargo_2.wav,3.0
/content/drive/MyDrive/Underwater Audio Data/processed/Vessels/Cargo_2_chunk42.wav,Vessels,/content/drive/MyDrive/Underwater Audio Data/data/Vessels/Cargo_2.wav,3.0
/content/drive/MyDrive/Underwater Audio Data/processed/Vessels/Cargo_2_chunk43.wav,Vessels,/content/drive/MyDrive/Underwater Audio Data/data/Vessels/Cargo_2.wav,3.0
/content/drive/MyDrive/Underwater Audio Data/processed/Vessels/Cargo_2_chunk44.wav,Vessels,/content/drive/MyDrive/Underwater Audio Data/data/Vessels/Cargo_2.wav,3.0
/content/drive/MyDrive/Underwater Audio Data/processed/Vessels/Cargo_2_chunk45.wav,Vessels,/content/drive/MyDrive/Underwater Audio Data/data/Vessels/Cargo_2.wav,3.0
/content/drive/MyDrive/Underwater Audio Data/processed/Vessels/Cargo_2_chunk46.wav,Vessels,/content/drive/MyDrive/Underwater Audio Data/data/Vessels/Cargo_2.wav,3.0
/content/drive/MyDrive/Underwater Audio Data/processed/Vessels/Cargo_2_chunk47.wav,Vessels,/content/drive/MyDrive/Underwater Audio Data/data/Vessels/Cargo_2.wav,3.0
/content/drive/MyDrive/Underwater Audio Data/processed/Vessels/Cargo_2_chunk48.wav,Vessels,/content/drive/MyDrive/Underwater Audio Data/data/Vessels/Cargo_2.wav,3.0
/content/drive/MyDrive/Underwater Audio Data/processed/Vessels/Cargo_2_chunk49.wav,Vessels,/content/drive/MyDrive/Underwater Audio Data/data/Vessels/Cargo_2.wav,3.0
/content/drive/MyDrive/Underwater Audio Data/processed/Vessels/Cargo_2_chunk50.wav,Vessels,/content/drive/MyDrive/Underwater Audio Data/data/Vessels/Cargo_2.wav,3.0
/content/drive/MyDrive/Underwater Audio Data/processed/Vessels/Cargo_2_chunk51.wav,Vessels,/content/drive/MyDrive/Underwater Audio Data/data/Vessels/Cargo_2.wav,3.0
/content/drive/MyDrive/Underwater Audio Data/processed/Vessels/Cargo_2_chunk52.wav,Vessels,/content/drive/MyDrive/Underwater Audio Data/data/Vessels/Cargo_2.wav,3.0
/content/drive/MyDrive/Underwater Audio Data/processed/Vessels/Cargo_2_chunk53.wav,Vessels,/content/drive/MyDrive/Underwater Audio Data/data/Vessels/Cargo_2.wav,3.0
/content/drive/MyDrive/Underwater Audio Data/processed/Vessels/Cargo_2_chunk54.wav,Vessels,/content/drive/MyDrive/Underwater Audio Data/data/Vessels/Cargo_2.wav,3.0
/content/drive/MyDrive/Underwater Audio Data/processed/Vessels/Cargo_2_chunk55.wav,Vessels,/content/drive/MyDrive/Underwater Audio Data/data/Vessels/Cargo_2.wav,3.0
/content/drive/MyDrive/Underwater Audio Data/processed/Vessels/Cargo_2_chunk56.wav,Vessels,/content/drive/MyDrive/Underwater Audio Data/data/Vessels/Cargo_2.wav,3.0
/content/drive/MyDrive/Underwater Audio Data/processed/Vessels/Cargo_2_chunk57.wav,Vessels,/content/drive/MyDrive/Underwater Audio Data/data/Vessels/Cargo_2.wav,3.0
/content/drive/MyDrive/Underwater Audio Data/processed/Vessels/Cargo_2_chunk58.wav,Vessels,/content/drive/MyDrive/Underwater Audio Data/data/Vessels/Cargo_2.wav,3.0
/content/drive/MyDrive/Underwater Audio Data/processed/Vessels/Cargo_2_chunk59.wav,Vessels,/content/drive/MyDrive/Underwater Audio Data/data/Vessels/Cargo_2.wav,3.0
/content/drive/MyDrive/Underwater Audio Data/processed/Vessels/Cargo_2_chunk60.wav,Vessels,/content/drive/MyDrive/Underwater Audio Data/data/Vessels/Cargo_2.wav,3.0
/content/drive/MyDrive/Underwater Audio Data/processed/Vessels/Cargo_2_chunk61.wav,Vessels,/content/drive/MyDrive/Underwater Audio Data/data/Vessels/Cargo_2.wav,3.0
/content/drive/MyDrive/Underwater Audio Data/processed/Vessels/Cargo_2_chunk62.wav,Vessels,/content/drive/MyDrive/Underwater Audio Data/data/Vessels/Cargo_2.wav,3.0
/content/drive/MyDrive/Underwater Audio Data/processed/Vessels/Cargo_2_chunk63.wav,Vessels,/content/drive/MyDrive/Underwater Audio Data/data/Vessels/Cargo_2.wav,3.0
/content/drive/MyDrive/Underwater Audio Data/processed/Vessels/Cargo_2_chunk64.wav,Vessels,/content/drive/MyDrive/Underwater Audio Data/data/Vessels/Cargo_2.wav,3.0
/content/drive/MyDrive/Underwater Audio Data/processed/Vessels/Cargo_2_chunk65.wav,Vessels,/content/drive/MyDrive/Underwater Audio Data/data/Vessels/Cargo_2.wav,3.0
/content/drive/MyDrive/Underwater Audio Data/processed/Vessels/Cargo_2_chunk66.wav,Vessels,/content/drive/MyDrive/Underwater Audio Data/data/Vessels/Cargo_2.wav,3.0
/content/drive/MyDrive/Underwater Audio Data/processed/Vessels/Cargo_2_chunk67.wav,Vessels,/content/drive/MyDrive/Underwater Audio Data/data/Vessels/Cargo_2.wav,3.0
/content/drive/MyDrive/Underwater Audio Data/processed/Vessels/Cargo_2_chunk68.wav,Vessels,/content/drive/MyDrive/Underwater Audio Data/data/Vessels/Cargo_2.wav,3.0
/content/drive/MyDrive/Underwater Audio Data/processed/Vessels/Cargo_2_chunk69.wav,Vessels,/content/drive/MyDrive/Underwater Audio Data/data/Vessels/Cargo_2.wav,3.0
/content/drive/MyDrive/Underwater Audio Data/processed/Vessels/Cargo_2_chunk70.wav,Vessels,/content/drive/MyDrive/Underwater Audio Data/data/Vessels/Cargo_2.wav,3.0
/content/drive/MyDrive/Underwater Audio Data/processed/Vessels/Cargo_2_chunk71.wav,Vessels,/content/drive/MyDrive/Underwater Audio Data/data/Vessels/Cargo_2.wav,3.0
/content/drive/MyDrive/Underwater Audio Data/processed/Vessels/Cargo_2_chunk72.wav,Vessels,/content/drive/MyDrive/Underwater Audio Data/data/Vessels/Cargo_2.wav,3.0
/content/drive/MyDrive/Underwater Audio Data/processed/Vessels/Cargo_2_chunk73.wav,Vessels,/content/drive/MyDrive/Underwater Audio Data/data/Vessels/Cargo_2.wav,3.0
/content/drive/MyDrive/Underwater Audio Data/processed/Vessels/Cargo_2_chunk74.wav,Vessels,/content/drive/MyDrive/Underwater Audio Data/data/Vessels/Cargo_2.wav,3.0
/content/drive/MyDrive/Underwater Audio Data/processed/Vessels/Cargo_2_chunk75.wav,Vessels,/content/drive/MyDrive/Underwater Audio Data/data/Vessels/Cargo_2.wav,3.0
/content/drive/MyDrive/Underwater Audio Data/processed/Vessels/Cargo_2_chunk76.wav,Vessels,/content/drive/MyDrive/Underwater Audio Data/data/Vessels/Cargo_2.wav,3.0
/content/drive/MyDrive/Underwater Audio Data/processed/Vessels/Cargo_2_chunk77.wav,Vessels,/content/drive/MyDrive/Underwater Audio Data/data/Vessels/Cargo_2.wav,3.0
/content/drive/MyDrive/Underwater Audio Data/processed/Vessels/Cargo_2_chunk78.wav,Vessels,/content/drive/MyDrive/Underwater Audio Data/data/Vessels/Cargo_2.wav,3.0
/content/drive/MyDrive/Underwater Audio Data/processed/Vessels/Cargo_2_chunk79.wav,Vessels,/content/drive/MyDrive/Underwater Audio Data/data/Vessels/Cargo_2.wav,3.0
/content/drive/MyDrive/Underwater Audio Data/processed/Vessels/Cargo_2_chunk80.wav,Vessels,/content/drive/MyDrive/Underwater Audio Data/data/Vessels/Cargo_2.wav,3.0
/content/drive/MyDrive/Underwater Audio Data/processed/Vessels/Cargo_2_chunk81.wav,Vessels,/content/drive/MyDrive/Underwater Audio Data/data/Vessels/Cargo_2.wav,3.0
/content/drive/MyDrive/Underwater Audio Data/processed/Vessels/Cargo_2_chunk82.wav,Vessels,/content/drive/MyDrive/Underwater Audio Data/data/Vessels/Cargo_2.wav,3.0
/content/drive/MyDrive/Underwater Audio Data/processed/Vessels/Cargo_2_chunk83.wav,Vessels,/content/drive/MyDrive/Underwater Audio Data/data/Vessels/Cargo_2.wav,3.0
/content/drive/MyDrive/Underwater Audio Data/processed/Vessels/Cargo_2_chunk84.wav,Vessels,/content/drive/MyDrive/Underwater Audio Data/data/Vessels/Cargo_2.wav,3.0
/content/drive/MyDrive/Underwater Audio Data/processed/Vessels/Cargo_2_chunk85.wav,Vessels,/content/drive/MyDrive/Underwater Audio Data/data/Vessels/Cargo_2.wav,3.0
/content/drive/MyDrive/Underwater Audio Data/processed/Vessels/Cargo_2_chunk86.wav,Vessels,/content/drive/MyDrive/Underwater Audio Data/data/Vessels/Cargo_2.wav,3.0
/content/drive/MyDrive/Underwater Audio Data/processed/Vessels/Cargo_2_chunk87.wav,Vessels,/content/drive/MyDrive/Underwater Audio Data/data/Vessels/Cargo_2.wav,3.0
/content/drive/MyDrive/Underwater Audio Data/processed/Vessels/Cargo_2_chunk88.wav,Vessels,/content/drive/MyDrive/Underwater Audio Data/data/Vessels/Cargo_2.wav,3.0
/content/drive/MyDrive/Underwater Audio Data/processed/Vessels/Cargo_2_chunk89.wav,Vessels,/content/drive/MyDrive/Underwater Audio Data/data/Vessels/Cargo_2.wav,3.0
/content/drive/MyDrive/Underwater Audio Data/processed/Vessels/Cargo_2_chunk90.wav,Vessels,/content/drive/MyDrive/Underwater Audio Data/data/Vessels/Cargo_2.wav,3.0
/content/drive/MyDrive/Underwater Audio Data/processed/Vessels/Cargo_2_chunk91.wav,Vessels,/content/drive/MyDrive/Underwater Audio Data/data/Vessels/Cargo_2.wav,3.0
/content/drive/MyDrive/Underwater Audio Data/processed/Vessels/Cargo_2_chunk92.wav,Vessels,/content/drive/MyDrive/Underwater Audio Data/data/Vessels/Cargo_2.wav,3.0
/content/drive/MyDrive/Underwater Audio Data/processed/Vessels/Cargo_2_chunk93.wav,Vessels,/content/drive/MyDrive/Underwater Audio Data/data/Vessels/Cargo_2.wav,3.0
/content/drive/MyDrive/Underwater Audio Data/processed/Vessels/Cargo_2_chunk94.wav,Vessels,/content/drive/MyDrive/Underwater Audio Data/data/Vessels/Cargo_2.wav,3.0
/content/drive/MyDrive/Underwater Audio Data/processed/Vessels/Cargo_2_chunk95.wav,Vessels,/content/drive/MyDrive/Underwater Audio Data/data/Vessels/Cargo_2.wav,3.0
/content/drive/MyDrive/Underwater Audio Data/processed/Vessels/Cargo_2_chunk96.wav,Vessels,/content/drive/MyDrive/Underwater Audio Data/data/Vessels/Cargo_2.wav,3.0
/content/drive/MyDrive/Underwater Audio Data/processed/Vessels/Cargo_2_chunk97.wav,Vessels,/content/drive/MyDrive/Underwater Audio Data/data/Vessels/Cargo_2.wav,3.0
/content/drive/MyDrive/Underwater Audio Data/processed/Vessels/Cargo_2_chunk98.wav,Vessels,/content/drive/MyDrive/Underwater Audio Data/data/Vessels/Cargo_2.wav,3.0
/content/drive/MyDrive/Underwater Audio Data/processed/Vessels/Cargo_2_chunk99.wav,Vessels,/content/drive/MyDrive/Underwater Audio Data/data/Vessels/Cargo_2.wav,3.0
/content/drive/MyDrive/Underwater Audio Data/processed/Vessels/Cargo_2_chunk100.wav,Vessels,/content/drive/MyDrive/Underwater Audio Data/data/Vessels/Cargo_2.wav,3.0
/content/drive/MyDrive/Underwater Audio Data/processed/Vessels/Cargo_2_chunk101.wav,Vessels,/content/drive/MyDrive/Underwater Audio Data/data/Vessels/Cargo_2.wav,3.0
/content/drive/MyDrive/Underwater Audio Data/processed/Vessels/Cargo_2_chunk102.wav,Vessels,/content/drive/MyDrive/Underwater Audio Data/data/Vessels/Cargo_2.wav,3.0
/content/drive/MyDrive/Underwater Audio Data/processed/Vessels/Cargo_2_chunk103.wav,Vessels,/content/drive/MyDrive/Underwater Audio Data/data/Vessels/Cargo_2.wav,3.0
/content/drive/MyDrive/Underwater Audio Data/processed/Vessels/Cargo_2_chunk104.wav,Vessels,/content/drive/MyDrive/Underwater Audio Data/data/Vessels/Cargo_2.wav,3.0
/content/drive/MyDrive/Underwater Audio Data/processed/Vessels/Cargo_2_chunk105.wav,Vessels,/content/drive/MyDrive/Underwater Audio Data/data/Vessels/Cargo_2.wav,3.0
/content/drive/MyDrive/Underwater Audio Data/processed/Vessels/Cargo_2_chunk106.wav,Vessels,/content/drive/MyDrive/Underwater Audio Data/data/Vessels/Cargo_2.wav,3.0
/content/drive/MyDrive/Underwater Audio Data/processed/Vessels/Cargo_2_chunk107.wav,Vessels,/content/drive/MyDrive/Underwater Audio Data/data/Vessels/Cargo_2.wav,3.0
/content/drive/MyDrive/Underwater Audio Data/processed/Vessels/Cargo_2_chunk108.wav,Vessels,/content/drive/MyDrive/Underwater Audio Data/data/Vessels/Cargo_2.wav,3.0
/content/drive/MyDrive/Underwater Audio Data/processed/Vessels/Cargo_2_chunk109.wav,Vessels,/content/drive/MyDrive/Underwater Audio Data/data/Vessels/Cargo_2.wav,3.0
/content/drive/MyDrive/Underwater Audio Data/processed/Vessels/Cargo_2_chunk110.wav,Vessels,/content/drive/MyDrive/Underwater Audio Data/data/Vessels/Cargo_2.wav,3.0
/content/drive/MyDrive/Underwater Audio Data/processed/Vessels/Cargo_2_chunk111.wav,Vessels,/content/drive/MyDrive/Underwater Audio Data/data/Vessels/Cargo_2.wav,3.0
/content/drive/MyDrive/Underwater Audio Data/processed/Vessels/Cargo_2_chunk112.wav,Vessels,/content/drive/MyDrive/Underwater Audio Data/data/Vessels/Cargo_2.wav,3.0
/content/drive/MyDrive/Underwater Audio Data/processed/Vessels/Cargo_2_chunk113.wav,Vessels,/content/drive/MyDrive/Underwater Audio Data/data/Vessels/Cargo_2.wav,3.0
/content/drive/MyDrive/Underwater Audio Data/processed/Vessels/Cargo_2_chunk114.wav,Vessels,/content/drive/MyDrive/Underwater Audio Data/data/Vessels/Cargo_2.wav,3.0
/content/drive/MyDrive/Underwater Audio Data/processed/Vessels/Cargo_2_chunk115.wav,Vessels,/content/drive/MyDrive/Underwater Audio Data/data/Vessels/Cargo_2.wav,3.0
/content/drive/MyDrive/Underwater Audio Data/processed/Vessels/Cargo_2_chunk116.wav,Vessels,/content/drive/MyDrive/Underwater Audio Data/data/Vessels/Cargo_2.wav,3.0
/content/drive/MyDrive/Underwater Audio Data/processed/Vessels/Cargo_2_chunk117.wav,Vessels,/content/drive/MyDrive/Underwater Audio Data/data/Vessels/Cargo_2.wav,3.0
/content/drive/MyDrive/Underwater Audio Data/processed/Vessels/Cargo_2_chunk118.wav,Vessels,/content/drive/MyDrive/Underwater Audio Data/data/Vessels/Cargo_2.wav,3.0
/content/drive/MyDrive/Underwater Audio Data/processed/Vessels/Cargo_2_chunk119.wav,Vessels,/content/drive/MyDrive/Underwater Audio Data/data/Vessels/Cargo_2.wav,3.0
/content/drive/MyDrive/Underwater Audio Data/processed/Vessels/Cargo_2_chunk120.wav,Vessels,/content/drive/MyDrive/Underwater Audio Data/data/Vessels/Cargo_2.wav,3.0
/content/drive/MyDrive/Underwater Audio Data/processed/Vessels/Cargo_2_chunk121.wav,Vessels,/content/drive/MyDrive/Underwater Audio Data/data/Vessels/Cargo_2.wav,3.0
/content/drive/MyDrive/Underwater Audio Data/processed/Vessels/Cargo_3_chunk0.wav,Vessels,/content/drive/MyDrive/Underwater Audio Data/data/Vessels/Cargo_3.wav,3.0
/content/drive/MyDrive/Underwater Audio Data/processed/Vessels/Cargo_3_chunk1.wav,Vessels,/content/drive/MyDrive/Underwater Audio Data/data/Vessels/Cargo_3.wav,3.0
/content/drive/MyDrive/Underwater Audio Data/processed/Vessels/Cargo_3_chunk2.wav,Vessels,/content/drive/MyDrive/Underwater Audio Data/data/Vessels/Cargo_3.wav,3.0
/content/drive/MyDrive/Underwater Audio Data/processed/Vessels/Cargo_3_chunk3.wav,Vessels,/content/drive/MyDrive/Underwater Audio Data/data/Vessels/Cargo_3.wav,3.0
/content/drive/MyDrive/Underwater Audio Data/processed/Vessels/Cargo_3_chunk4.wav,Vessels,/content/drive/MyDrive/Underwater Audio Data/data/Vessels/Cargo_3.wav,3.0
/content/drive/MyDrive/Underwater Audio Data/processed/Vessels/Cargo_3_chunk5.wav,Vessels,/content/drive/MyDrive/Underwater Audio Data/data/Vessels/Cargo_3.wav,3.0
/content/drive/MyDrive/Underwater Audio Data/processed/Vessels/Cargo_3_chunk6.wav,Vessels,/content/drive/MyDrive/Underwater Audio Data/data/Vessels/Cargo_3.wav,3.0
/content/drive/MyDrive/Underwater Audio Data/processed/Vessels/Cargo_3_chunk7.wav,Vessels,/content/drive/MyDrive/Underwater Audio Data/data/Vessels/Cargo_3.wav,3.0
/content/drive/MyDrive/Underwater Audio Data/processed/Vessels/Cargo_3_chunk8.wav,Vessels,/content/drive/MyDrive/Underwater Audio Data/data/Vessels/Cargo_3.wav,3.0
/content/drive/MyDrive/Underwater Audio Data/processed/Vessels/Cargo_3_chunk9.wav,Vessels,/content/drive/MyDrive/Underwater Audio Data/data/Vessels/Cargo_3.wav,3.0
/content/drive/MyDrive/Underwater Audio Data/processed/Vessels/Cargo_3_chunk10.wav,Vessels,/content/drive/MyDrive/Underwater Audio Data/data/Vessels/Cargo_3.wav,3.0
/content/drive/MyDrive/Underwater Audio Data/processed/Vessels/Cargo_3_chunk11.wav,Vessels,/content/drive/MyDrive/Underwater Audio Data/data/Vessels/Cargo_3.wav,3.0
/content/drive/MyDrive/Underwater Audio Data/processed/Vessels/Cargo_3_chunk12.wav,Vessels,/content/drive/MyDrive/Underwater Audio Data/data/Vessels/Cargo_3.wav,3.0
/content/drive/MyDrive/Underwater Audio Data/processed/Vessels/Cargo_3_chunk13.wav,Vessels,/content/drive/MyDrive/Underwater Audio Data/data/Vessels/Cargo_3.wav,3.0
/content/drive/MyDrive/Underwater Audio Data/processed/Vessels/Cargo_3_chunk14.wav,Vessels,/content/drive/MyDrive/Underwater Audio Data/data/Vessels/Cargo_3.wav,3.0
/content/drive/MyDrive/Underwater Audio Data/processed/Vessels/Cargo_3_chunk15.wav,Vessels,/content/drive/MyDrive/Underwater Audio Data/data/Vessels/Cargo_3.wav,3.0
/content/drive/MyDrive/Underwater Audio Data/processed/Vessels/Cargo_3_chunk16.wav,Vessels,/content/drive/MyDrive/Underwater Audio Data/data/Vessels/Cargo_3.wav,3.0
/content/drive/MyDrive/Underwater Audio Data/processed/Vessels/Cargo_3_chunk17.wav,Vessels,/content/drive/MyDrive/Underwater Audio Data/data/Vessels/Cargo_3.wav,3.0
/content/drive/MyDrive/Underwater Audio Data/processed/Vessels/Cargo_3_chunk18.wav,Vessels,/content/drive/MyDrive/Underwater Audio Data/data/Vessels/Cargo_3.wav,3.0
/content/drive/MyDrive/Underwater Audio Data/processed/Vessels/Cargo_3_chunk19.wav,Vessels,/content/drive/MyDrive/Underwater Audio Data/data/Vessels/Cargo_3.wav,3.0
/content/drive/MyDrive/Underwater Audio Data/processed/Vessels/Cargo_3_chunk20.wav,Vessels,/content/drive/MyDrive/Underwater Audio Data/data/Vessels/Cargo_3.wav,3.0
/content/drive/MyDrive/Underwater Audio Data/processed/Vessels/Cargo_3_chunk21.wav,Vessels,/content/drive/MyDrive/Underwater Audio Data/data/Vessels/Cargo_3.wav,3.0
/content/drive/MyDrive/Underwater Audio Data/processed/Vessels/Cargo_3_chunk22.wav,Vessels,/content/drive/MyDrive/Underwater Audio Data/data/Vessels/Cargo_3.wav,3.0
/content/drive/MyDrive/Underwater Audio Data/processed/Vessels/Cargo_3_chunk23.wav,Vessels,/content/drive/MyDrive/Underwater Audio Data/data/Vessels/Cargo_3.wav,3.0
/content/drive/MyDrive/Underwater Audio Data/processed/Vessels/Cargo_3_chunk24.wav,Vessels,/content/drive/MyDrive/Underwater Audio Data/data/Vessels/Cargo_3.wav,3.0
/content/drive/MyDrive/Underwater Audio Data/processed/Vessels/Cargo_3_chunk25.wav,Vessels,/content/drive/MyDrive/Underwater Audio Data/data/Vessels/Cargo_3.wav,3.0
/content/drive/MyDrive/Underwater Audio Data/processed/Vessels/Cargo_3_chunk26.wav,Vessels,/content/drive/MyDrive/Underwater Audio Data/data/Vessels/Cargo_3.wav,3.0
/content/drive/MyDrive/Underwater Audio Data/processed/Vessels/Cargo_3_chunk27.wav,Vessels,/content/drive/MyDrive/Underwater Audio Data/data/Vessels/Cargo_3.wav,3.0
/content/drive/MyDrive/Underwater Audio Data/processed/Vessels/Cargo_3_chunk28.wav,Vessels,/content/drive/MyDrive/Underwater Audio Data/data/Vessels/Cargo_3.wav,3.0
/content/drive/MyDrive/Underwater Audio Data/processed/Vessels/Cargo_3_chunk29.wav,Vessels,/content/drive/MyDrive/Underwater Audio Data/data/Vessels/Cargo_3.wav,3.0
/content/drive/MyDrive/Underwater Audio Data/processed/Vessels/Cargo_3_chunk30.wav,Vessels,/content/drive/MyDrive/Underwater Audio Data/data/Vessels/Cargo_3.wav,3.0
/content/drive/MyDrive/Underwater Audio Data/processed/Vessels/Cargo_3_chunk31.wav,Vessels,/content/drive/MyDrive/Underwater Audio Data/data/Vessels/Cargo_3.wav,3.0
/content/drive/MyDrive/Underwater Audio Data/processed/Vessels/Cargo_3_chunk32.wav,Vessels,/content/drive/MyDrive/Underwater Audio Data/data/Vessels/Cargo_3.wav,3.0
/content/drive/MyDrive/Underwater Audio Data/processed/Vessels/Cargo_3_chunk33.wav,Vessels,/content/drive/MyDrive/Underwater Audio Data/data/Vessels/Cargo_3.wav,3.0
/content/drive/MyDrive/Underwater Audio Data/processed/Vessels/Cargo_3_chunk34.wav,Vessels,/content/drive/MyDrive/Underwater Audio Data/data/Vessels/Cargo_3.wav,3.0
/content/drive/MyDrive/Underwater Audio Data/processed/Vessels/Cargo_3_chunk35.wav,Vessels,/content/drive/MyDrive/Underwater Audio Data/data/Vessels/Cargo_3.wav,3.0
/content/drive/MyDrive/Underwater Audio Data/processed/Vessels/Cargo_3_chunk36.wav,Vessels,/content/drive/MyDrive/Underwater Audio Data/data/Vessels/Cargo_3.wav,3.0
/content/drive/MyDrive/Underwater Audio Data/processed/Vessels/Cargo_3_chunk37.wav,Vessels,/content/drive/MyDrive/Underwater Audio Data/data/Vessels/Cargo_3.wav,3.0
/content/drive/MyDrive/Underwater Audio Data/processed/Vessels/Cargo_3_chunk38.wav,Vessels,/content/drive/MyDrive/Underwater Audio Data/data/Vessels/Cargo_3.wav,3.0
/content/drive/MyDrive/Underwater Audio Data/processed/Vessels/Cargo_3_chunk39.wav,Vessels,/content/drive/MyDrive/Underwater Audio Data/data/Vessels/Cargo_3.wav,3.0
/content/drive/MyDrive/Underwater Audio Data/processed/Vessels/Cargo_3_chunk40.wav,Vessels,/content/drive/MyDrive/Underwater Audio Data/data/Vessels/Cargo_3.wav,3.0
/content/drive/MyDrive/Underwater Audio Data/processed/Vessels/Cargo_3_chunk41.wav,Vessels,/content/drive/MyDrive/Underwater Audio Data/data/Vessels/Cargo_3.wav,3.0
/content/drive/MyDrive/Underwater Audio Data/processed/Vessels/Cargo_3_chunk42.wav,Vessels,/content/drive/MyDrive/Underwater Audio Data/data/Vessels/Cargo_3.wav,3.0
/content/drive/MyDrive/Underwater Audio Data/processed/Vessels/Cargo_3_chunk43.wav,Vessels,/content/drive/MyDrive/Underwater Audio Data/data/Vessels/Cargo_3.wav,3.0
/content/drive/MyDrive/Underwater Audio Data/processed/Vessels/Cargo_3_chunk44.wav,Vessels,/content/drive/MyDrive/Underwater Audio Data/data/Vessels/Cargo_3.wav,3.0
/content/drive/MyDrive/Underwater Audio Data/processed/Vessels/Cargo_3_chunk45.wav,Vessels,/content/drive/MyDrive/Underwater Audio Data/data/Vessels/Cargo_3.wav,3.0
/content/drive/MyDrive/Underwater Audio Data/processed/Vessels/Cargo_3_chunk46.wav,Vessels,/content/drive/MyDrive/Underwater Audio Data/data/Vessels/Cargo_3.wav,3.0
/content/drive/MyDrive/Underwater Audio Data/processed/Vessels/Cargo_3_chunk47.wav,Vessels,/content/drive/MyDrive/Underwater Audio Data/data/Vessels/Cargo_3.wav,3.0
/content/drive/MyDrive/Underwater Audio Data/processed/Vessels/Cargo_3_chunk48.wav,Vessels,/content/drive/MyDrive/Underwater Audio Data/data/Vessels/Cargo_3.wav,3.0
/content/drive/MyDrive/Underwater Audio Data/processed/Vessels/Cargo_3_chunk49.wav,Vessels,/content/drive/MyDrive/Underwater Audio Data/data/Vessels/Cargo_3.wav,3.0
/content/drive/MyDrive/Underwater Audio Data/processed/Vessels/Cargo_3_chunk50.wav,Vessels,/content/drive/MyDrive/Underwater Audio Data/data/Vessels/Cargo_3.wav,3.0
/content/drive/MyDrive/Underwater Audio Data/processed/Vessels/Cargo_3_chunk51.wav,Vessels,/content/drive/MyDrive/Underwater Audio Data/data/Vessels/Cargo_3.wav,3.0
/content/drive/MyDrive/Underwater Audio Data/processed/Vessels/Cargo_3_chunk52.wav,Vessels,/content/drive/MyDrive/Underwater Audio Data/data/Vessels/Cargo_3.wav,3.0
/content/drive/MyDrive/Underwater Audio Data/processed/Vessels/Cargo_3_chunk53.wav,Vessels,/content/drive/MyDrive/Underwater Audio Data/data/Vessels/Cargo_3.wav,3.0
/content/drive/MyDrive/Underwater Audio Data/processed/Vessels/Cargo_3_chunk54.wav,Vessels,/content/drive/MyDrive/Underwater Audio Data/data/Vessels/Cargo_3.wav,3.0
/content/drive/MyDrive/Underwater Audio Data/processed/Vessels/Cargo_3_chunk55.wav,Vessels,/content/drive/MyDrive/Underwater Audio Data/data/Vessels/Cargo_3.wav,3.0
/content/drive/MyDrive/Underwater Audio Data/processed/Vessels/Cargo_3_chunk56.wav,Vessels,/content/drive/MyDrive/Underwater Audio Data/data/Vessels/Cargo_3.wav,3.0
/content/drive/MyDrive/Underwater Audio Data/processed/Vessels/Cargo_3_chunk57.wav,Vessels,/content/drive/MyDrive/Underwater Audio Data/data/Vessels/Cargo_3.wav,3.0
/content/drive/MyDrive/Underwater Audio Data/processed/Vessels/Cargo_3_chunk58.wav,Vessels,/content/drive/MyDrive/Underwater Audio Data/data/Vessels/Cargo_3.wav,3.0
/content/drive/MyDrive/Underwater Audio Data/processed/Vessels/Cargo_3_chunk59.wav,Vessels,/content/drive/MyDrive/Underwater Audio Data/data/Vessels/Cargo_3.wav,3.0
/content/drive/MyDrive/Underwater Audio Data/processed/Vessels/Cargo_3_chunk60.wav,Vessels,/content/drive/MyDrive/Underwater Audio Data/data/Vessels/Cargo_3.wav,3.0
/content/drive/MyDrive/Underwater Audio Data/processed/Vessels/Cargo_3_chunk61.wav,Vessels,/content/drive/MyDrive/Underwater Audio Data/data/Vessels/Cargo_3.wav,3.0
/content/drive/MyDrive/Underwater Audio Data/processed/Vessels/Cargo_3_chunk62.wav,Vessels,/content/drive/MyDrive/Underwater Audio Data/data/Vessels/Cargo_3.wav,3.0
/content/drive/MyDrive/Underwater Audio Data/processed/Vessels/Cargo_3_chunk63.wav,Vessels,/content/drive/MyDrive/Underwater Audio Data/data/Vessels/Cargo_3.wav,3.0
/content/drive/MyDrive/Underwater Audio Data/processed/Vessels/Cargo_3_chunk64.wav,Vessels,/content/drive/MyDrive/Underwater Audio Data/data/Vessels/Cargo_3.wav,3.0
/content/drive/MyDrive/Underwater Audio Data/processed/Vessels/Cargo_3_chunk65.wav,Vessels,/content/drive/MyDrive/Underwater Audio Data/data/Vessels/Cargo_3.wav,3.0
/content/drive/MyDrive/Underwater Audio Data/processed/Vessels/Cargo_3_chunk66.wav,Vessels,/content/drive/MyDrive/Underwater Audio Data/data/Vessels/Cargo_3.wav,3.0
/content/drive/MyDrive/Underwater Audio Data/processed/Vessels/Cargo_3_chunk67.wav,Vessels,/content/drive/MyDrive/Underwater Audio Data/data/Vessels/Cargo_3.wav,3.0
/content/drive/MyDrive/Underwater Audio Data/processed/Vessels/Cargo_3_chunk68.wav,Vessels,/content/drive/MyDrive/Underwater Audio Data/data/Vessels/Cargo_3.wav,3.0
/content/drive/MyDrive/Underwater Audio Data/processed/Vessels/Cargo_3_chunk69.wav,Vessels,/content/drive/MyDrive/Underwater Audio Data/data/Vessels/Cargo_3.wav,3.0
/content/drive/MyDrive/Underwater Audio Data/processed/Vessels/Cargo_3_chunk70.wav,Vessels,/content/drive/MyDrive/Underwater Audio Data/data/Vessels/Cargo_3.wav,3.0
/content/drive/MyDrive/Underwater Audio Data/processed/Vessels/Cargo_3_chunk71.wav,Vessels,/content/drive/MyDrive/Underwater Audio Data/data/Vessels/Cargo_3.wav,3.0
/content/drive/MyDrive/Underwater Audio Data/processed/Vessels/Cargo_3_chunk72.wav,Vessels,/content/drive/MyDrive/Underwater Audio Data/data/Vessels/Cargo_3.wav,3.0
/content/drive/MyDrive/Underwater Audio Data/processed/Vessels/Cargo_3_chunk73.wav,Vessels,/content/drive/MyDrive/Underwater Audio Data/data/Vessels/Cargo_3.wav,3.0
/content/drive/MyDrive/Underwater Audio Data/processed/Vessels/Cargo_3_chunk74.wav,Vessels,/content/drive/MyDrive/Underwater Audio Data/data/Vessels/Cargo_3.wav,3.0
/content/drive/MyDrive/Underwater Audio Data/processed/Vessels/Cargo_3_chunk75.wav,Vessels,/content/drive/MyDrive/Underwater Audio Data/data/Vessels/Cargo_3.wav,3.0
/content/drive/MyDrive/Underwater Audio Data/processed/Vessels/Cargo_3_chunk76.wav,Vessels,/content/drive/MyDrive/Underwater Audio Data/data/Vessels/Cargo_3.wav,3.0
/content/drive/MyDrive/Underwater Audio Data/processed/Vessels/Cargo_3_chunk77.wav,Vessels,/content/drive/MyDrive/Underwater Audio Data/data/Vessels/Cargo_3.wav,3.0
/content/drive/MyDrive/Underwater Audio Data/processed/Vessels/Cargo_3_chunk78.wav,Vessels,/content/drive/MyDrive/Underwater Audio Data/data/Vessels/Cargo_3.wav,3.0
/content/drive/MyDrive/Underwater Audio Data/processed/Vessels/Cargo_3_chunk79.wav,Vessels,/content/drive/MyDrive/Underwater Audio Data/data/Vessels/Cargo_3.wav,3.0
/content/drive/MyDrive/Underwater Audio Data/processed/Vessels/Cargo_3_chunk80.wav,Vessels,/content/drive/MyDrive/Underwater Audio Data/data/Vessels/Cargo_3.wav,3.0
/content/drive/MyDrive/Underwater Audio Data/processed/Vessels/Cargo_3_chunk81.wav,Vessels,/content/drive/MyDrive/Underwater Audio Data/data/Vessels/Cargo_3.wav,3.0
/content/drive/MyDrive/Underwater Audio Data/processed/Vessels/Cargo_3_chunk82.wav,Vessels,/content/drive/MyDrive/Underwater Audio Data/data/Vessels/Cargo_3.wav,3.0
/content/drive/MyDrive/Underwater Audio Data/processed/Vessels/Cargo_3_chunk83.wav,Vessels,/content/drive/MyDrive/Underwater Audio Data/data/Vessels/Cargo_3.wav,3.0
/content/drive/MyDrive/Underwater Audio Data/processed/Vessels/Cargo_3_chunk84.wav,Vessels,/content/drive/MyDrive/Underwater Audio Data/data/Vessels/Cargo_3.wav,3.0
/content/drive/MyDrive/Underwater Audio Data/processed/Vessels/Cargo_3_chunk85.wav,Vessels,/content/drive/MyDrive/Underwater Audio Data/data/Vessels/Cargo_3.wav,3.0
/content/drive/MyDrive/Underwater Audio Data/processed/Vessels/Cargo_3_chunk86.wav,Vessels,/content/drive/MyDrive/Underwater Audio Data/data/Vessels/Cargo_3.wav,3.0
/content/drive/MyDrive/Underwater Audio Data/processed/Vessels/Cargo_3_chunk87.wav,Vessels,/content/drive/MyDrive/Underwater Audio Data/data/Vessels/Cargo_3.wav,3.0
/content/drive/MyDrive/Underwater Audio Data/processed/Vessels/Cargo_3_chunk88.wav,Vessels,/content/drive/MyDrive/Underwater Audio Data/data/Vessels/Cargo_3.wav,3.0
/content/drive/MyDrive/Underwater Audio Data/processed/Vessels/Cargo_3_chunk89.wav,Vessels,/content/drive/MyDrive/Underwater Audio Data/data/Vessels/Cargo_3.wav,3.0
/content/drive/MyDrive/Underwater Audio Data/processed/Vessels/Cargo_3_chunk90.wav,Vessels,/content/drive/MyDrive/Underwater Audio Data/data/Vessels/Cargo_3.wav,3.0
/content/drive/MyDrive/Underwater Audio Data/processed/Vessels/Cargo_3_chunk91.wav,Vessels,/content/drive/MyDrive/Underwater Audio Data/data/Vessels/Cargo_3.wav,3.0
/content/drive/MyDrive/Underwater Audio Data/processed/Vessels/Cargo_3_chunk92.wav,Vessels,/content/drive/MyDrive/Underwater Audio Data/data/Vessels/Cargo_3.wav,3.0
/content/drive/MyDrive/Underwater Audio Data/processed/Vessels/Cargo_3_chunk93.wav,Vessels,/content/drive/MyDrive/Underwater Audio Data/data/Vessels/Cargo_3.wav,3.0
/content/drive/MyDrive/Underwater Audio Data/processed/Vessels/Cargo_3_chunk94.wav,Vessels,/content/drive/MyDrive/Underwater Audio Data/data/Vessels/Cargo_3.wav,3.0
/content/drive/MyDrive/Underwater Audio Data/processed/Vessels/Cargo_3_chunk95.wav,Vessels,/content/drive/MyDrive/Underwater Audio Data/data/Vessels/Cargo_3.wav,3.0
/content/drive/MyDrive/Underwater Audio Data/processed/Vessels/Cargo_3_chunk96.wav,Vessels,/content/drive/MyDrive/Underwater Audio Data/data/Vessels/Cargo_3.wav,3.0
/content/drive/MyDrive/Underwater Audio Data/processed/Vessels/Cargo_3_chunk97.wav,Vessels,/content/drive/MyDrive/Underwater Audio Data/data/Vessels/Cargo_3.wav,3.0
/content/drive/MyDrive/Underwater Audio Data/processed/Vessels/Cargo_3_chunk98.wav,Vessels,/content/drive/MyDrive/Underwater Audio Data/data/Vessels/Cargo_3.wav,3.0
/content/drive/MyDrive/Underwater Audio Data/processed/Vessels/Cargo_3_chunk99.wav,Vessels,/content/drive/MyDrive/Underwater Audio Data/data/Vessels/Cargo_3.wav,3.0
/content/drive/MyDrive/Underwater Audio Data/processed/Vessels/Cargo_3_chunk100.wav,Vessels,/content/drive/MyDrive/Underwater Audio Data/data/Vessels/Cargo_3.wav,3.0
/content/drive/MyDrive/Underwater Audio Data/processed/Vessels/Cargo_3_chunk101.wav,Vessels,/content/drive/MyDrive/Underwater Audio Data/data/Vessels/Cargo_3.wav,3.0
/content/drive/MyDrive/Underwater Audio Data/processed/Vessels/Cargo_3_chunk102.wav,Vessels,/content/drive/MyDrive/Underwater Audio Data/data/Vessels/Cargo_3.wav,3.0
/content/drive/MyDrive/Underwater Audio Data/processed/Vessels/Cargo_3_chunk103.wav,Vessels,/content/drive/MyDrive/Underwater Audio Data/data/Vessels/Cargo_3.wav,3.0
/content/drive/MyDrive/Underwater Audio Data/processed/Vessels/Cargo_3_chunk104.wav,Vessels,/content/drive/MyDrive/Underwater Audio Data/data/Vessels/Cargo_3.wav,3.0
/content/drive/MyDrive/Underwater Audio Data/processed/Vessels/Cargo_3_chunk105.wav,Vessels,/content/drive/MyDrive/Underwater Audio Data/data/Vessels/Cargo_3.wav,3.0
/content/drive/MyDrive/Underwater Audio Data/processed/Vessels/Cargo_3_chunk106.wav,Vessels,/content/drive/MyDrive/Underwater Audio Data/data/Vessels/Cargo_3.wav,3.0
/content/drive/MyDrive/Underwater Audio Data/processed/Vessels/Cargo_3_chunk107.wav,Vessels,/content/drive/MyDrive/Underwater Audio Data/data/Vessels/Cargo_3.wav,3.0
/content/drive/MyDrive/Underwater Audio Data/processed/Vessels/Cargo_3_chunk108.wav,Vessels,/content/drive/MyDrive/Underwater Audio Data/data/Vessels/Cargo_3.wav,3.0
/content/drive/MyDrive/Underwater Audio Data/processed/Vessels/Cargo_3_chunk109.wav,Vessels,/content/drive/MyDrive/Underwater Audio Data/data/Vessels/Cargo_3.wav,3.0
/content/drive/MyDrive/Underwater Audio Data/processed/Vessels/Cargo_3_chunk110.wav,Vessels,/content/drive/MyDrive/Underwater Audio Data/data/Vessels/Cargo_3.wav,3.0
/content/drive/MyDrive/Underwater Audio Data/processed/Vessels/Cargo_3_chunk111.wav,Vessels,/content/drive/MyDrive/Underwater Audio Data/data/Vessels/Cargo_3.wav,3.0
/content/drive/MyDrive/Underwater Audio Data/processed/Vessels/Cargo_3_chunk112.wav,Vessels,/content/drive/MyDrive/Underwater Audio Data/data/Vessels/Cargo_3.wav,3.0
/content/drive/MyDrive/Underwater Audio Data/processed/Vessels/Cargo_3_chunk113.wav,Vessels,/content/drive/MyDrive/Underwater Audio Data/data/Vessels/Cargo_3.wav,3.0
/content/drive/MyDrive/Underwater Audio Data/processed/Vessels/Cargo_3_chunk114.wav,Vessels,/content/drive/MyDrive/Underwater Audio Data/data/Vessels/Cargo_3.wav,3.0
/content/drive/MyDrive/Underwater Audio Data/processed/Vessels/Cargo_3_chunk115.wav,Vessels,/content/drive/MyDrive/Underwater Audio Data/data/Vessels/Cargo_3.wav,3.0
/content/drive/MyDrive/Underwater Audio Data/processed/Vessels/Cargo_3_chunk116.wav,Vessels,/content/drive/MyDrive/Underwater Audio Data/data/Vessels/Cargo_3.wav,3.0
/content/drive/MyDrive/Underwater Audio Data/processed/Vessels/Cargo_3_chunk117.wav,Vessels,/content/drive/MyDrive/Underwater Audio Data/data/Vessels/Cargo_3.wav,3.0
/content/drive/MyDrive/Underwater Audio Data/processed/Vessels/Cargo_3_chunk118.wav,Vessels,/content/drive/MyDrive/Underwater Audio Data/data/Vessels/Cargo_3.wav,3.0
/content/drive/MyDrive/Underwater Audio Data/processed/Vessels/Cargo_3_chunk119.wav,Vessels,/content/drive/MyDrive/Underwater Audio Data/data/Vessels/Cargo_3.wav,3.0
/content/drive/MyDrive/Underwater Audio Data/processed/Vessels/Cargo_3_chunk120.wav,Vessels,/content/drive/MyDrive/Underwater Audio Data/data/Vessels/Cargo_3.wav,3.0
/content/drive/MyDrive/Underwater Audio Data/processed/Vessels/Cargo_3_chunk121.wav,Vessels,/content/drive/MyDrive/Underwater Audio Data/data/Vessels/Cargo_3.wav,3.0
/content/drive/MyDrive/Underwater Audio Data/processed/Vessels/Cargo_3_chunk122.wav,Vessels,/content/drive/MyDrive/Underwater Audio Data/data/Vessels/Cargo_3.wav,3.0
/content/drive/MyDrive/Underwater Audio Data/processed/Vessels/Cargo_3_chunk123.wav,Vessels,/content/drive/MyDrive/Underwater Audio Data/data/Vessels/Cargo_3.wav,3.0
/content/drive/MyDrive/Underwater Audio Data/processed/Vessels/Cargo_3_chunk124.wav,Vessels,/content/drive/MyDrive/Underwater Audio Data/data/Vessels/Cargo_3.wav,3.0
/content/drive/MyDrive/Underwater Audio Data/processed/Vessels/Cargo_3_chunk125.wav,Vessels,/content/drive/MyDrive/Underwater Audio Data/data/Vessels/Cargo_3.wav,3.0
/content/drive/MyDrive/Underwater Audio Data/processed/Vessels/Cargo_3_chunk126.wav,Vessels,/content/drive/MyDrive/Underwater Audio Data/data/Vessels/Cargo_3.wav,3.0
/content/drive/MyDrive/Underwater Audio Data/processed/Vessels/Cargo_3_chunk127.wav,Vessels,/content/drive/MyDrive/Underwater Audio Data/data/Vessels/Cargo_3.wav,3.0
/content/drive/MyDrive/Underwater Audio Data/processed/Vessels/Cargo_3_chunk128.wav,Vessels,/content/drive/MyDrive/Underwater Audio Data/data/Vessels/Cargo_3.wav,3.0
/content/drive/MyDrive/Underwater Audio Data/processed/Vessels/Cargo_4_chunk0.wav,Vessels,/content/drive/MyDrive/Underwater Audio Data/data/Vessels/Cargo_4.wav,3.0
/content/drive/MyDrive/Underwater Audio Data/processed/Vessels/Cargo_4_chunk1.wav,Vessels,/content/drive/MyDrive/Underwater Audio Data/data/Vessels/Cargo_4.wav,3.0
/content/drive/MyDrive/Underwater Audio Data/processed/Vessels/Cargo_4_chunk2.wav,Vessels,/content/drive/MyDrive/Underwater Audio Data/data/Vessels/Cargo_4.wav,3.0
/content/drive/MyDrive/Underwater Audio Data/processed/Vessels/Cargo_4_chunk3.wav,Vessels,/content/drive/MyDrive/Underwater Audio Data/data/Vessels/Cargo_4.wav,3.0
/content/drive/MyDrive/Underwater Audio Data/processed/Vessels/Cargo_4_chunk4.wav,Vessels,/content/drive/MyDrive/Underwater Audio Data/data/Vessels/Cargo_4.wav,3.0
/content/drive/MyDrive/Underwater Audio Data/processed/Vessels/Cargo_4_chunk5.wav,Vessels,/content/drive/MyDrive/Underwater Audio Data/data/Vessels/Cargo_4.wav,3.0
/content/drive/MyDrive/Underwater Audio Data/processed/Vessels/Cargo_4_chunk6.wav,Vessels,/content/drive/MyDrive/Underwater Audio Data/data/Vessels/Cargo_4.wav,3.0
/content/drive/MyDrive/Underwater Audio Data/processed/Vessels/Cargo_4_chunk7.wav,Vessels,/content/drive/MyDrive/Underwater Audio Data/data/Vessels/Cargo_4.wav,3.0
/content/drive/MyDrive/Underwater Audio Data/processed/Vessels/Cargo_4_chunk8.wav,Vessels,/content/drive/MyDrive/Underwater Audio Data/data/Vessels/Cargo_4.wav,3.0
/content/drive/MyDrive/Underwater Audio Data/processed/Vessels/Cargo_4_chunk9.wav,Vessels,/content/drive/MyDrive/Underwater Audio Data/data/Vessels/Cargo_4.wav,3.0
/content/drive/MyDrive/Underwater Audio Data/processed/Vessels/Cargo_4_chunk10.wav,Vessels,/content/drive/MyDrive/Underwater Audio Data/data/Vessels/Cargo_4.wav,3.0
/content/drive/MyDrive/Underwater Audio Data/processed/Vessels/Cargo_4_chunk11.wav,Vessels,/content/drive/MyDrive/Underwater Audio Data/data/Vessels/Cargo_4.wav,3.0
/content/drive/MyDrive/Underwater Audio Data/processed/Vessels/Cargo_4_chunk12.wav,Vessels,/content/drive/MyDrive/Underwater Audio Data/data/Vessels/Cargo_4.wav,3.0
/content/drive/MyDrive/Underwater Audio Data/processed/Vessels/Cargo_4_chunk13.wav,Vessels,/content/drive/MyDrive/Underwater Audio Data/data/Vessels/Cargo_4.wav,3.0
/content/drive/MyDrive/Underwater Audio Data/processed/Vessels/Cargo_4_chunk14.wav,Vessels,/content/drive/MyDrive/Underwater Audio Data/data/Vessels/Cargo_4.wav,3.0
/content/drive/MyDrive/Underwater Audio Data/processed/Vessels/Cargo_4_chunk15.wav,Vessels,/content/drive/MyDrive/Underwater Audio Data/data/Vessels/Cargo_4.wav,3.0
/content/drive/MyDrive/Underwater Audio Data/processed/Vessels/Cargo_4_chunk16.wav,Vessels,/content/drive/MyDrive/Underwater Audio Data/data/Vessels/Cargo_4.wav,3.0
/content/drive/MyDrive/Underwater Audio Data/processed/Vessels/Cargo_4_chunk17.wav,Vessels,/content/drive/MyDrive/Underwater Audio Data/data/Vessels/Cargo_4.wav,3.0
/content/drive/MyDrive/Underwater Audio Data/processed/Vessels/Cargo_4_chunk18.wav,Vessels,/content/drive/MyDrive/Underwater Audio Data/data/Vessels/Cargo_4.wav,3.0
/content/drive/MyDrive/Underwater Audio Data/processed/Vessels/Cargo_4_chunk19.wav,Vessels,/content/drive/MyDrive/Underwater Audio Data/data/Vessels/Cargo_4.wav,3.0
/content/drive/MyDrive/Underwater Audio Data/processed/Vessels/Cargo_4_chunk20.wav,Vessels,/content/drive/MyDrive/Underwater Audio Data/data/Vessels/Cargo_4.wav,3.0
/content/drive/MyDrive/Underwater Audio Data/processed/Vessels/Cargo_4_chunk21.wav,Vessels,/content/drive/MyDrive/Underwater Audio Data/data/Vessels/Cargo_4.wav,3.0
/content/drive/MyDrive/Underwater Audio Data/processed/Vessels/Cargo_4_chunk22.wav,Vessels,/content/drive/MyDrive/Underwater Audio Data/data/Vessels/Cargo_4.wav,3.0
/content/drive/MyDrive/Underwater Audio Data/processed/Vessels/Cargo_4_chunk23.wav,Vessels,/content/drive/MyDrive/Underwater Audio Data/data/Vessels/Cargo_4.wav,3.0
/content/drive/MyDrive/Underwater Audio Data/processed/Vessels/Cargo_4_chunk24.wav,Vessels,/content/drive/MyDrive/Underwater Audio Data/data/Vessels/Cargo_4.wav,3.0
/content/drive/MyDrive/Underwater Audio Data/processed/Vessels/Cargo_4_chunk25.wav,Vessels,/content/drive/MyDrive/Underwater Audio Data/data/Vessels/Cargo_4.wav,3.0
/content/drive/MyDrive/Underwater Audio Data/processed/Vessels/Cargo_4_chunk26.wav,Vessels,/content/drive/MyDrive/Underwater Audio Data/data/Vessels/Cargo_4.wav,3.0
/content/drive/MyDrive/Underwater Audio Data/processed/Vessels/Cargo_4_chunk27.wav,Vessels,/content/drive/MyDrive/Underwater Audio Data/data/Vessels/Cargo_4.wav,3.0
/content/drive/MyDrive/Underwater Audio Data/processed/Vessels/Cargo_4_chunk28.wav,Vessels,/content/drive/MyDrive/Underwater Audio Data/data/Vessels/Cargo_4.wav,3.0
/content/drive/MyDrive/Underwater Audio Data/processed/Vessels/Cargo_4_chunk29.wav,Vessels,/content/drive/MyDrive/Underwater Audio Data/data/Vessels/Cargo_4.wav,3.0
/content/drive/MyDrive/Underwater Audio Data/processed/Vessels/Cargo_4_chunk30.wav,Vessels,/content/drive/MyDrive/Underwater Audio Data/data/Vessels/Cargo_4.wav,3.0
/content/drive/MyDrive/Underwater Audio Data/processed/Vessels/Cargo_4_chunk31.wav,Vessels,/content/drive/MyDrive/Underwater Audio Data/data/Vessels/Cargo_4.wav,3.0
/content/drive/MyDrive/Underwater Audio Data/processed/Vessels/Cargo_4_chunk32.wav,Vessels,/content/drive/MyDrive/Underwater Audio Data/data/Vessels/Cargo_4.wav,3.0
/content/drive/MyDrive/Underwater Audio Data/processed/Vessels/Cargo_4_chunk33.wav,Vessels,/content/drive/MyDrive/Underwater Audio Data/data/Vessels/Cargo_4.wav,3.0
/content/drive/MyDrive/Underwater Audio Data/processed/Vessels/Cargo_4_chunk34.wav,Vessels,/content/drive/MyDrive/Underwater Audio Data/data/Vessels/Cargo_4.wav,3.0
/content/drive/MyDrive/Underwater Audio Data/processed/Vessels/Cargo_4_chunk35.wav,Vessels,/content/drive/MyDrive/Underwater Audio Data/data/Vessels/Cargo_4.wav,3.0
/content/drive/MyDrive/Underwater Audio Data/processed/Vessels/Cargo_4_chunk36.wav,Vessels,/content/drive/MyDrive/Underwater Audio Data/data/Vessels/Cargo_4.wav,3.0
/content/drive/MyDrive/Underwater Audio Data/processed/Vessels/Cargo_4_chunk37.wav,Vessels,/content/drive/MyDrive/Underwater Audio Data/data/Vessels/Cargo_4.wav,3.0
/content/drive/MyDrive/Underwater Audio Data/processed/Vessels/Cargo_4_chunk38.wav,Vessels,/content/drive/MyDrive/Underwater Audio Data/data/Vessels/Cargo_4.wav,3.0
/content/drive/MyDrive/Underwater Audio Data/processed/Vessels/Cargo_4_chunk39.wav,Vessels,/content/drive/MyDrive/Underwater Audio Data/data/Vessels/Cargo_4.wav,3.0
/content/drive/MyDrive/Underwater Audio Data/processed/Vessels/Cargo_4_chunk40.wav,Vessels,/content/drive/MyDrive/Underwater Audio Data/data/Vessels/Cargo_4.wav,3.0
/content/drive/MyDrive/Underwater Audio Data/processed/Vessels/Cargo_4_chunk41.wav,Vessels,/content/drive/MyDrive/Underwater Audio Data/data/Vessels/Cargo_4.wav,3.0
/content/drive/MyDrive/Underwater Audio Data/processed/Vessels/Cargo_4_chunk42.wav,Vessels,/content/drive/MyDrive/Underwater Audio Data/data/Vessels/Cargo_4.wav,3.0
/content/drive/MyDrive/Underwater Audio Data/processed/Vessels/Cargo_4_chunk43.wav,Vessels,/content/drive/MyDrive/Underwater Audio Data/data/Vessels/Cargo_4.wav,3.0
/content/drive/MyDrive/Underwater Audio Data/processed/Vessels/Cargo_4_chunk44.wav,Vessels,/content/drive/MyDrive/Underwater Audio Data/data/Vessels/Cargo_4.wav,3.0
/content/drive/MyDrive/Underwater Audio Data/processed/Vessels/Cargo_4_chunk45.wav,Vessels,/content/drive/MyDrive/Underwater Audio Data/data/Vessels/Cargo_4.wav,3.0
/content/drive/MyDrive/Underwater Audio Data/processed/Vessels/Cargo_4_chunk46.wav,Vessels,/content/drive/MyDrive/Underwater Audio Data/data/Vessels/Cargo_4.wav,3.0
/content/drive/MyDrive/Underwater Audio Data/processed/Vessels/Cargo_4_chunk47.wav,Vessels,/content/drive/MyDrive/Underwater Audio Data/data/Vessels/Cargo_4.wav,3.0
/content/drive/MyDrive/Underwater Audio Data/processed/Vessels/Cargo_4_chunk48.wav,Vessels,/content/drive/MyDrive/Underwater Audio Data/data/Vessels/Cargo_4.wav,3.0
/content/drive/MyDrive/Underwater Audio Data/processed/Vessels/Cargo_4_chunk49.wav,Vessels,/content/drive/MyDrive/Underwater Audio Data/data/Vessels/Cargo_4.wav,3.0
/content/drive/MyDrive/Underwater Audio Data/processed/Vessels/Cargo_4_chunk50.wav,Vessels,/content/drive/MyDrive/Underwater Audio Data/data/Vessels/Cargo_4.wav,3.0
/content/drive/MyDrive/Underwater Audio Data/processed/Vessels/Cargo_4_chunk51.wav,Vessels,/content/drive/MyDrive/Underwater Audio Data/data/Vessels/Cargo_4.wav,3.0
/content/drive/MyDrive/Underwater Audio Data/processed/Vessels/Cargo_4_chunk52.wav,Vessels,/content/drive/MyDrive/Underwater Audio Data/data/Vessels/Cargo_4.wav,3.0
/content/drive/MyDrive/Underwater Audio Data/processed/Vessels/Cargo_4_chunk53.wav,Vessels,/content/drive/MyDrive/Underwater Audio Data/data/Vessels/Cargo_4.wav,3.0
/content/drive/MyDrive/Underwater Audio Data/processed/Vessels/Cargo_4_chunk54.wav,Vessels,/content/drive/MyDrive/Underwater Audio Data/data/Vessels/Cargo_4.wav,3.0
/content/drive/MyDrive/Underwater Audio Data/processed/Vessels/Cargo_4_chunk55.wav,Vessels,/content/drive/MyDrive/Underwater Audio Data/data/Vessels/Cargo_4.wav,3.0
/content/drive/MyDrive/Underwater Audio Data/processed/Vessels/Cargo_4_chunk56.wav,Vessels,/content/drive/MyDrive/Underwater Audio Data/data/Vessels/Cargo_4.wav,3.0
/content/drive/MyDrive/Underwater Audio Data/processed/Vessels/Cargo_4_chunk57.wav,Vessels,/content/drive/MyDrive/Underwater Audio Data/data/Vessels/Cargo_4.wav,3.0
/content/drive/MyDrive/Underwater Audio Data/processed/Vessels/Cargo_4_chunk58.wav,Vessels,/content/drive/MyDrive/Underwater Audio Data/data/Vessels/Cargo_4.wav,3.0
/content/drive/MyDrive/Underwater Audio Data/processed/Vessels/Cargo_4_chunk59.wav,Vessels,/content/drive/MyDrive/Underwater Audio Data/data/Vessels/Cargo_4.wav,3.0
/content/drive/MyDrive/Underwater Audio Data/processed/Vessels/Cargo_4_chunk60.wav,Vessels,/content/drive/MyDrive/Underwater Audio Data/data/Vessels/Cargo_4.wav,3.0
/content/drive/MyDrive/Underwater Audio Data/processed/Vessels/Cargo_4_chunk61.wav,Vessels,/content/drive/MyDrive/Underwater Audio Data/data/Vessels/Cargo_4.wav,3.0
/content/drive/MyDrive/Underwater Audio Data/processed/Vessels/Cargo_4_chunk62.wav,Vessels,/content/drive/MyDrive/Underwater Audio Data/data/Vessels/Cargo_4.wav,3.0
/content/drive/MyDrive/Underwater Audio Data/processed/Vessels/Cargo_4_chunk63.wav,Vessels,/content/drive/MyDrive/Underwater Audio Data/data/Vessels/Cargo_4.wav,3.0
/content/drive/MyDrive/Underwater Audio Data/processed/Vessels/Cargo_4_chunk64.wav,Vessels,/content/drive/MyDrive/Underwater Audio Data/data/Vessels/Cargo_4.wav,3.0
/content/drive/MyDrive/Underwater Audio Data/processed/Vessels/Cargo_4_chunk65.wav,Vessels,/content/drive/MyDrive/Underwater Audio Data/data/Vessels/Cargo_4.wav,3.0
/content/drive/MyDrive/Underwater Audio Data/processed/Vessels/Cargo_4_chunk66.wav,Vessels,/content/drive/MyDrive/Underwater Audio Data/data/Vessels/Cargo_4.wav,3.0
/content/drive/MyDrive/Underwater Audio Data/processed/Vessels/Cargo_4_chunk67.wav,Vessels,/content/drive/MyDrive/Underwater Audio Data/data/Vessels/Cargo_4.wav,3.0
/content/drive/MyDrive/Underwater Audio Data/processed/Vessels/Cargo_4_chunk68.wav,Vessels,/content/drive/MyDrive/Underwater Audio Data/data/Vessels/Cargo_4.wav,3.0
/content/drive/MyDrive/Underwater Audio Data/processed/Vessels/Cargo_4_chunk69.wav,Vessels,/content/drive/MyDrive/Underwater Audio Data/data/Vessels/Cargo_4.wav,3.0
/content/drive/MyDrive/Underwater Audio Data/processed/Vessels/Cargo_4_chunk70.wav,Vessels,/content/drive/MyDrive/Underwater Audio Data/data/Vessels/Cargo_4.wav,3.0
/content/drive/MyDrive/Underwater Audio Data/processed/Vessels/Cargo_4_chunk71.wav,Vessels,/content/drive/MyDrive/Underwater Audio Data/data/Vessels/Cargo_4.wav,3.0
/content/drive/MyDrive/Underwater Audio Data/processed/Vessels/Cargo_4_chunk72.wav,Vessels,/content/drive/MyDrive/Underwater Audio Data/data/Vessels/Cargo_4.wav,3.0
/content/drive/MyDrive/Underwater Audio Data/processed/Vessels/Cargo_4_chunk73.wav,Vessels,/content/drive/MyDrive/Underwater Audio Data/data/Vessels/Cargo_4.wav,3.0
/content/drive/MyDrive/Underwater Audio Data/processed/Vessels/Cargo_4_chunk74.wav,Vessels,/content/drive/MyDrive/Underwater Audio Data/data/Vessels/Cargo_4.wav,3.0
/content/drive/MyDrive/Underwater Audio Data/processed/Vessels/Cargo_4_chunk75.wav,Vessels,/content/drive/MyDrive/Underwater Audio Data/data/Vessels/Cargo_4.wav,3.0
/content/drive/MyDrive/Underwater Audio Data/processed/Vessels/Cargo_4_chunk76.wav,Vessels,/content/drive/MyDrive/Underwater Audio Data/data/Vessels/Cargo_4.wav,3.0
/content/drive/MyDrive/Underwater Audio Data/processed/Vessels/Cargo_4_chunk77.wav,Vessels,/content/drive/MyDrive/Underwater Audio Data/data/Vessels/Cargo_4.wav,3.0
/content/drive/MyDrive/Underwater Audio Data/processed/Vessels/Cargo_4_chunk78.wav,Vessels,/content/drive/MyDrive/Underwater Audio Data/data/Vessels/Cargo_4.wav,3.0
/content/drive/MyDrive/Underwater Audio Data/processed/Vessels/Cargo_4_chunk79.wav,Vessels,/content/drive/MyDrive/Underwater Audio Data/data/Vessels/Cargo_4.wav,3.0
/content/drive/MyDrive/Underwater Audio Data/processed/Vessels/Cargo_4_chunk80.wav,Vessels,/content/drive/MyDrive/Underwater Audio Data/data/Vessels/Cargo_4.wav,3.0
/content/drive/MyDrive/Underwater Audio Data/processed/Vessels/Cargo_4_chunk81.wav,Vessels,/content/drive/MyDrive/Underwater Audio Data/data/Vessels/Cargo_4.wav,3.0
/content/drive/MyDrive/Underwater Audio Data/processed/Vessels/Cargo_4_chunk82.wav,Vessels,/content/drive/MyDrive/Underwater Audio Data/data/Vessels/Cargo_4.wav,3.0
/content/drive/MyDrive/Underwater Audio Data/processed/Vessels/Cargo_4_chunk83.wav,Vessels,/content/drive/MyDrive/Underwater Audio Data/data/Vessels/Cargo_4.wav,3.0
/content/drive/MyDrive/Underwater Audio Data/processed/Vessels/Cargo_4_chunk84.wav,Vessels,/content/drive/MyDrive/Underwater Audio Data/data/Vessels/Cargo_4.wav,3.0
/content/drive/MyDrive/Underwater Audio Data/processed/Vessels/Cargo_4_chunk85.wav,Vessels,/content/drive/MyDrive/Underwater Audio Data/data/Vessels/Cargo_4.wav,3.0
/content/drive/MyDrive/Underwater Audio Data/processed/Vessels/Cargo_4_chunk86.wav,Vessels,/content/drive/MyDrive/Underwater Audio Data/data/Vessels/Cargo_4.wav,3.0
/content/drive/MyDrive/Underwater Audio Data/processed/Vessels/Cargo_4_chunk87.wav,Vessels,/content/drive/MyDrive/Underwater Audio Data/data/Vessels/Cargo_4.wav,3.0
/content/drive/MyDrive/Underwater Audio Data/processed/Vessels/Cargo_4_chunk88.wav,Vessels,/content/drive/MyDrive/Underwater Audio Data/data/Vessels/Cargo_4.wav,3.0
/content/drive/MyDrive/Underwater Audio Data/processed/Vessels/Cargo_4_chunk89.wav,Vessels,/content/drive/MyDrive/Underwater Audio Data/data/Vessels/Cargo_4.wav,3.0
/content/drive/MyDrive/Underwater Audio Data/processed/Vessels/Cargo_4_chunk90.wav,Vessels,/content/drive/MyDrive/Underwater Audio Data/data/Vessels/Cargo_4.wav,3.0
/content/drive/MyDrive/Underwater Audio Data/processed/Vessels/Cargo_4_chunk91.wav,Vessels,/content/drive/MyDrive/Underwater Audio Data/data/Vessels/Cargo_4.wav,3.0
/content/drive/MyDrive/Underwater Audio Data/processed/Vessels/Cargo_4_chunk92.wav,Vessels,/content/drive/MyDrive/Underwater Audio Data/data/Vessels/Cargo_4.wav,3.0
/content/drive/MyDrive/Underwater Audio Data/processed/Vessels/Cargo_4_chunk93.wav,Vessels,/content/drive/MyDrive/Underwater Audio Data/data/Vessels/Cargo_4.wav,3.0
/content/drive/MyDrive/Underwater Audio Data/processed/Vessels/Cargo_4_chunk94.wav,Vessels,/content/drive/MyDrive/Underwater Audio Data/data/Vessels/Cargo_4.wav,3.0
/content/drive/MyDrive/Underwater Audio Data/processed/Vessels/Cargo_4_chunk95.wav,Vessels,/content/drive/MyDrive/Underwater Audio Data/data/Vessels/Cargo_4.wav,3.0
/content/drive/MyDrive/Underwater Audio Data/processed/Vessels/Cargo_4_chunk96.wav,Vessels,/content/drive/MyDrive/Underwater Audio Data/data/Vessels/Cargo_4.wav,3.0
/content/drive/MyDrive/Underwater Audio Data/processed/Vessels/Cargo_4_chunk97.wav,Vessels,/content/drive/MyDrive/Underwater Audio Data/data/Vessels/Cargo_4.wav,3.0
/content/drive/MyDrive/Underwater Audio Data/processed/Vessels/Cargo_4_chunk98.wav,Vessels,/content/drive/MyDrive/Underwater Audio Data/data/Vessels/Cargo_4.wav,3.0
/content/drive/MyDrive/Underwater Audio Data/processed/Vessels/Cargo_4_chunk99.wav,Vessels,/content/drive/MyDrive/Underwater Audio Data/data/Vessels/Cargo_4.wav,3.0
/content/drive/MyDrive/Underwater Audio Data/processed/Vessels/Cargo_4_chunk100.wav,Vessels,/content/drive/MyDrive/Underwater Audio Data/data/Vessels/Cargo_4.wav,3.0
/content/drive/MyDrive/Underwater Audio Data/processed/Vessels/Cargo_4_chunk101.wav,Vessels,/content/drive/MyDrive/Underwater Audio Data/data/Vessels/Cargo_4.wav,3.0
/content/drive/MyDrive/Underwater Audio Data/processed/Vessels/Cargo_4_chunk102.wav,Vessels,/content/drive/MyDrive/Underwater Audio Data/data/Vessels/Cargo_4.wav,3.0
/content/drive/MyDrive/Underwater Audio Data/processed/Vessels/Cargo_4_chunk103.wav,Vessels,/content/drive/MyDrive/Underwater Audio Data/data/Vessels/Cargo_4.wav,3.0
/content/drive/MyDrive/Underwater Audio Data/processed/Vessels/Cargo_4_chunk104.wav,Vessels,/content/drive/MyDrive/Underwater Audio Data/data/Vessels/Cargo_4.wav,3.0
/content/drive/MyDrive/Underwater Audio Data/processed/Vessels/Cargo_4_chunk105.wav,Vessels,/content/drive/MyDrive/Underwater Audio Data/data/Vessels/Cargo_4.wav,3.0
/content/drive/MyDrive/Underwater Audio Data/processed/Vessels/Cargo_4_chunk106.wav,Vessels,/content/drive/MyDrive/Underwater Audio Data/data/Vessels/Cargo_4.wav,3.0
/content/drive/MyDrive/Underwater Audio Data/processed/Vessels/Cargo_4_chunk107.wav,Vessels,/content/drive/MyDrive/Underwater Audio Data/data/Vessels/Cargo_4.wav,3.0
/content/drive/MyDrive/Underwater Audio Data/processed/Vessels/Cargo_4_chunk108.wav,Vessels,/content/drive/MyDrive/Underwater Audio Data/data/Vessels/Cargo_4.wav,3.0
/content/drive/MyDrive/Underwater Audio Data/processed/Vessels/Cargo_4_chunk109.wav,Vessels,/content/drive/MyDrive/Underwater Audio Data/data/Vessels/Cargo_4.wav,3.0
/content/drive/MyDrive/Underwater Audio Data/processed/Vessels/Cargo_4_chunk110.wav,Vessels,/content/drive/MyDrive/Underwater Audio Data/data/Vessels/Cargo_4.wav,3.0
/content/drive/MyDrive/Underwater Audio Data/processed/Vessels/Cargo_4_chunk111.wav,Vessels,/content/drive/MyDrive/Underwater Audio Data/data/Vessels/Cargo_4.wav,3.0
/content/drive/MyDrive/Underwater Audio Data/processed/Vessels/Cargo_4_chunk112.wav,Vessels,/content/drive/MyDrive/Underwater Audio Data/data/Vessels/Cargo_4.wav,3.0
/content/drive/MyDrive/Underwater Audio Data/processed/Vessels/Cargo_4_chunk113.wav,Vessels,/content/drive/MyDrive/Underwater Audio Data/data/Vessels/Cargo_4.wav,3.0
/content/drive/MyDrive/Underwater Audio Data/processed/Vessels/Cargo_4_chunk114.wav,Vessels,/content/drive/MyDrive/Underwater Audio Data/data/Vessels/Cargo_4.wav,3.0
/content/drive/MyDrive/Underwater Audio Data/processed/Vessels/Cargo_4_chunk115.wav,Vessels,/content/drive/MyDrive/Underwater Audio Data/data/Vessels/Cargo_4.wav,3.0
/content/drive/MyDrive/Underwater Audio Data/processed/Vessels/Cargo_4_chunk116.wav,Vessels,/content/drive/MyDrive/Underwater Audio Data/data/Vessels/Cargo_4.wav,3.0
/content/drive/MyDrive/Underwater Audio Data/processed/Vessels/Cargo_4_chunk117.wav,Vessels,/content/drive/MyDrive/Underwater Audio Data/data/Vessels/Cargo_4.wav,3.0
/content/drive/MyDrive/Underwater Audio Data/processed/Vessels/Cargo_4_chunk118.wav,Vessels,/content/drive/MyDrive/Underwater Audio Data/data/Vessels/Cargo_4.wav,3.0
/content/drive/MyDrive/Underwater Audio Data/processed/Vessels/Cargo_4_chunk119.wav,Vessels,/content/drive/MyDrive/Underwater Audio Data/data/Vessels/Cargo_4.wav,3.0
/content/drive/MyDrive/Underwater Audio Data/processed/Vessels/Cargo_4_chunk120.wav,Vessels,/content/drive/MyDrive/Underwater Audio Data/data/Vessels/Cargo_4.wav,3.0
/content/drive/MyDrive/Underwater Audio Data/processed/Vessels/Cargo_4_chunk121.wav,Vessels,/content/drive/MyDrive/Underwater Audio Data/data/Vessels/Cargo_4.wav,3.0
/content/drive/MyDrive/Underwater Audio Data/processed/Vessels/Cargo_4_chunk122.wav,Vessels,/content/drive/MyDrive/Underwater Audio Data/data/Vessels/Cargo_4.wav,3.0
/content/drive/MyDrive/Underwater Audio Data/processed/Vessels/Cargo_4_chunk123.wav,Vessels,/content/drive/MyDrive/Underwater Audio Data/data/Vessels/Cargo_4.wav,3.0
/content/drive/MyDrive/Underwater Audio Data/processed/Vessels/Cargo_4_chunk124.wav,Vessels,/content/drive/MyDrive/Underwater Audio Data/data/Vessels/Cargo_4.wav,3.0
/content/drive/MyDrive/Underwater Audio Data/processed/Vessels/Cargo_4_chunk125.wav,Vessels,/content/drive/MyDrive/Underwater Audio Data/data/Vessels/Cargo_4.wav,3.0
/content/drive/MyDrive/Underwater Audio Data/processed/Vessels/Cargo_4_chunk126.wav,Vessels,/content/drive/MyDrive/Underwater Audio Data/data/Vessels/Cargo_4.wav,3.0
/content/drive/MyDrive/Underwater Audio Data/processed/Vessels/Cargo_4_chunk127.wav,Vessels,/content/drive/MyDrive/Underwater Audio Data/data/Vessels/Cargo_4.wav,3.0
/content/drive/MyDrive/Underwater Audio Data/processed/Vessels/Cargo_4_chunk128.wav,Vessels,/content/drive/MyDrive/Underwater Audio Data/data/Vessels/Cargo_4.wav,3.0
/content/drive/MyDrive/Underwater Audio Data/processed/Vessels/Cargo_4_chunk129.wav,Vessels,/content/drive/MyDrive/Underwater Audio Data/data/Vessels/Cargo_4.wav,3.0
/content/drive/MyDrive/Underwater Audio Data/processed/Vessels/Cargo_4_chunk130.wav,Vessels,/content/drive/MyDrive/Underwater Audio Data/data/Vessels/Cargo_4.wav,3.0
/content/drive/MyDrive/Underwater Audio Data/processed/Vessels/Cargo_4_chunk131.wav,Vessels,/content/drive/MyDrive/Underwater Audio Data/data/Vessels/Cargo_4.wav,3.0
/content/drive/MyDrive/Underwater Audio Data/processed/Vessels/Cargo_5_chunk0.wav,Vessels,/content/drive/MyDrive/Underwater Audio Data/data/Vessels/Cargo_5.wav,3.0
/content/drive/MyDrive/Underwater Audio Data/processed/Vessels/Cargo_5_chunk1.wav,Vessels,/content/drive/MyDrive/Underwater Audio Data/data/Vessels/Cargo_5.wav,3.0
/content/drive/MyDrive/Underwater Audio Data/processed/Vessels/Cargo_5_chunk2.wav,Vessels,/content/drive/MyDrive/Underwater Audio Data/data/Vessels/Cargo_5.wav,3.0
/content/drive/MyDrive/Underwater Audio Data/processed/Vessels/Cargo_5_chunk3.wav,Vessels,/content/drive/MyDrive/Underwater Audio Data/data/Vessels/Cargo_5.wav,3.0
/content/drive/MyDrive/Underwater Audio Data/processed/Vessels/Cargo_5_chunk4.wav,Vessels,/content/drive/MyDrive/Underwater Audio Data/data/Vessels/Cargo_5.wav,3.0
/content/drive/MyDrive/Underwater Audio Data/processed/Vessels/Cargo_5_chunk5.wav,Vessels,/content/drive/MyDrive/Underwater Audio Data/data/Vessels/Cargo_5.wav,3.0
/content/drive/MyDrive/Underwater Audio Data/processed/Vessels/Cargo_5_chunk6.wav,Vessels,/content/drive/MyDrive/Underwater Audio Data/data/Vessels/Cargo_5.wav,3.0
/content/drive/MyDrive/Underwater Audio Data/processed/Vessels/Cargo_5_chunk7.wav,Vessels,/content/drive/MyDrive/Underwater Audio Data/data/Vessels/Cargo_5.wav,3.0
/content/drive/MyDrive/Underwater Audio Data/processed/Vessels/Cargo_5_chunk8.wav,Vessels,/content/drive/MyDrive/Underwater Audio Data/data/Vessels/Cargo_5.wav,3.0
/content/drive/MyDrive/Underwater Audio Data/processed/Vessels/Cargo_5_chunk9.wav,Vessels,/content/drive/MyDrive/Underwater Audio Data/data/Vessels/Cargo_5.wav,3.0
/content/drive/MyDrive/Underwater Audio Data/processed/Vessels/Cargo_5_chunk10.wav,Vessels,/content/drive/MyDrive/Underwater Audio Data/data/Vessels/Cargo_5.wav,3.0
/content/drive/MyDrive/Underwater Audio Data/processed/Vessels/Cargo_5_chunk11.wav,Vessels,/content/drive/MyDrive/Underwater Audio Data/data/Vessels/Cargo_5.wav,3.0
/content/drive/MyDrive/Underwater Audio Data/processed/Vessels/Cargo_5_chunk12.wav,Vessels,/content/drive/MyDrive/Underwater Audio Data/data/Vessels/Cargo_5.wav,3.0
/content/drive/MyDrive/Underwater Audio Data/processed/Vessels/Cargo_5_chunk13.wav,Vessels,/content/drive/MyDrive/Underwater Audio Data/data/Vessels/Cargo_5.wav,3.0
/content/drive/MyDrive/Underwater Audio Data/processed/Vessels/Cargo_5_chunk14.wav,Vessels,/content/drive/MyDrive/Underwater Audio Data/data/Vessels/Cargo_5.wav,3.0
/content/drive/MyDrive/Underwater Audio Data/processed/Vessels/Cargo_5_chunk15.wav,Vessels,/content/drive/MyDrive/Underwater Audio Data/data/Vessels/Cargo_5.wav,3.0
/content/drive/MyDrive/Underwater Audio Data/processed/Vessels/Cargo_5_chunk16.wav,Vessels,/content/drive/MyDrive/Underwater Audio Data/data/Vessels/Cargo_5.wav,3.0
/content/drive/MyDrive/Underwater Audio Data/processed/Vessels/Cargo_5_chunk17.wav,Vessels,/content/drive/MyDrive/Underwater Audio Data/data/Vessels/Cargo_5.wav,3.0
/content/drive/MyDrive/Underwater Audio Data/processed/Vessels/Cargo_5_chunk18.wav,Vessels,/content/drive/MyDrive/Underwater Audio Data/data/Vessels/Cargo_5.wav,3.0
/content/drive/MyDrive/Underwater Audio Data/processed/Vessels/Cargo_5_chunk19.wav,Vessels,/content/drive/MyDrive/Underwater Audio Data/data/Vessels/Cargo_5.wav,3.0
/content/drive/MyDrive/Underwater Audio Data/processed/Vessels/Cargo_5_chunk20.wav,Vessels,/content/drive/MyDrive/Underwater Audio Data/data/Vessels/Cargo_5.wav,3.0
/content/drive/MyDrive/Underwater Audio Data/processed/Vessels/Cargo_5_chunk21.wav,Vessels,/content/drive/MyDrive/Underwater Audio Data/data/Vessels/Cargo_5.wav,3.0
/content/drive/MyDrive/Underwater Audio Data/processed/Vessels/Cargo_5_chunk22.wav,Vessels,/content/drive/MyDrive/Underwater Audio Data/data/Vessels/Cargo_5.wav,3.0
/content/drive/MyDrive/Underwater Audio Data/processed/Vessels/Cargo_5_chunk23.wav,Vessels,/content/drive/MyDrive/Underwater Audio Data/data/Vessels/Cargo_5.wav,3.0
/content/drive/MyDrive/Underwater Audio Data/processed/Vessels/Cargo_5_chunk24.wav,Vessels,/content/drive/MyDrive/Underwater Audio Data/data/Vessels/Cargo_5.wav,3.0
/content/drive/MyDrive/Underwater Audio Data/processed/Vessels/Cargo_5_chunk25.wav,Vessels,/content/drive/MyDrive/Underwater Audio Data/data/Vessels/Cargo_5.wav,3.0
/content/drive/MyDrive/Underwater Audio Data/processed/Vessels/Cargo_5_chunk26.wav,Vessels,/content/drive/MyDrive/Underwater Audio Data/data/Vessels/Cargo_5.wav,3.0
/content/drive/MyDrive/Underwater Audio Data/processed/Vessels/Cargo_5_chunk27.wav,Vessels,/content/drive/MyDrive/Underwater Audio Data/data/Vessels/Cargo_5.wav,3.0
/content/drive/MyDrive/Underwater Audio Data/processed/Vessels/Cargo_5_chunk28.wav,Vessels,/content/drive/MyDrive/Underwater Audio Data/data/Vessels/Cargo_5.wav,3.0
/content/drive/MyDrive/Underwater Audio Data/processed/Vessels/Cargo_5_chunk29.wav,Vessels,/content/drive/MyDrive/Underwater Audio Data/data/Vessels/Cargo_5.wav,3.0
/content/drive/MyDrive/Underwater Audio Data/processed/Vessels/Cargo_5_chunk30.wav,Vessels,/content/drive/MyDrive/Underwater Audio Data/data/Vessels/Cargo_5.wav,3.0
/content/drive/MyDrive/Underwater Audio Data/processed/Vessels/Cargo_5_chunk31.wav,Vessels,/content/drive/MyDrive/Underwater Audio Data/data/Vessels/Cargo_5.wav,3.0
/content/drive/MyDrive/Underwater Audio Data/processed/Vessels/Cargo_5_chunk32.wav,Vessels,/content/drive/MyDrive/Underwater Audio Data/data/Vessels/Cargo_5.wav,3.0
/content/drive/MyDrive/Underwater Audio Data/processed/Vessels/Cargo_5_chunk33.wav,Vessels,/content/drive/MyDrive/Underwater Audio Data/data/Vessels/Cargo_5.wav,3.0
/content/drive/MyDrive/Underwater Audio Data/processed/Vessels/Cargo_5_chunk34.wav,Vessels,/content/drive/MyDrive/Underwater Audio Data/data/Vessels/Cargo_5.wav,3.0
/content/drive/MyDrive/Underwater Audio Data/processed/Vessels/Cargo_5_chunk35.wav,Vessels,/content/drive/MyDrive/Underwater Audio Data/data/Vessels/Cargo_5.wav,3.0
/content/drive/MyDrive/Underwater Audio Data/processed/Vessels/Cargo_5_chunk36.wav,Vessels,/content/drive/MyDrive/Underwater Audio Data/data/Vessels/Cargo_5.wav,3.0
/content/drive/MyDrive/Underwater Audio Data/processed/Vessels/Cargo_5_chunk37.wav,Vessels,/content/drive/MyDrive/Underwater Audio Data/data/Vessels/Cargo_5.wav,3.0
/content/drive/MyDrive/Underwater Audio Data/processed/Vessels/Cargo_5_chunk38.wav,Vessels,/content/drive/MyDrive/Underwater Audio Data/data/Vessels/Cargo_5.wav,3.0
/content/drive/MyDrive/Underwater Audio Data/processed/Vessels/Cargo_5_chunk39.wav,Vessels,/content/drive/MyDrive/Underwater Audio Data/data/Vessels/Cargo_5.wav,3.0
/content/drive/MyDrive/Underwater Audio Data/processed/Vessels/Cargo_5_chunk40.wav,Vessels,/content/drive/MyDrive/Underwater Audio Data/data/Vessels/Cargo_5.wav,3.0
/content/drive/MyDrive/Underwater Audio Data/processed/Vessels/Cargo_5_chunk41.wav,Vessels,/content/drive/MyDrive/Underwater Audio Data/data/Vessels/Cargo_5.wav,3.0
/content/drive/MyDrive/Underwater Audio Data/processed/Vessels/Cargo_5_chunk42.wav,Vessels,/content/drive/MyDrive/Underwater Audio Data/data/Vessels/Cargo_5.wav,3.0
/content/drive/MyDrive/Underwater Audio Data/processed/Vessels/Cargo_5_chunk43.wav,Vessels,/content/drive/MyDrive/Underwater Audio Data/data/Vessels/Cargo_5.wav,3.0
/content/drive/MyDrive/Underwater Audio Data/processed/Vessels/Cargo_5_chunk44.wav,Vessels,/content/drive/MyDrive/Underwater Audio Data/data/Vessels/Cargo_5.wav,3.0
/content/drive/MyDrive/Underwater Audio Data/processed/Vessels/Cargo_5_chunk45.wav,Vessels,/content/drive/MyDrive/Underwater Audio Data/data/Vessels/Cargo_5.wav,3.0
/content/drive/MyDrive/Underwater Audio Data/processed/Vessels/Cargo_5_chunk46.wav,Vessels,/content/drive/MyDrive/Underwater Audio Data/data/Vessels/Cargo_5.wav,3.0
/content/drive/MyDrive/Underwater Audio Data/processed/Vessels/Cargo_5_chunk47.wav,Vessels,/content/drive/MyDrive/Underwater Audio Data/data/Vessels/Cargo_5.wav,3.0
/content/drive/MyDrive/Underwater Audio Data/processed/Vessels/Cargo_5_chunk48.wav,Vessels,/content/drive/MyDrive/Underwater Audio Data/data/Vessels/Cargo_5.wav,3.0
/content/drive/MyDrive/Underwater Audio Data/processed/Vessels/Cargo_5_chunk49.wav,Vessels,/content/drive/MyDrive/Underwater Audio Data/data/Vessels/Cargo_5.wav,3.0
/content/drive/MyDrive/Underwater Audio Data/processed/Vessels/Cargo_5_chunk50.wav,Vessels,/content/drive/MyDrive/Underwater Audio Data/data/Vessels/Cargo_5.wav,3.0
/content/drive/MyDrive/Underwater Audio Data/processed/Vessels/Cargo_5_chunk51.wav,Vessels,/content/drive/MyDrive/Underwater Audio Data/data/Vessels/Cargo_5.wav,3.0
/content/drive/MyDrive/Underwater Audio Data/processed/Vessels/Cargo_5_chunk52.wav,Vessels,/content/drive/MyDrive/Underwater Audio Data/data/Vessels/Cargo_5.wav,3.0
/content/drive/MyDrive/Underwater Audio Data/processed/Vessels/Cargo_5_chunk53.wav,Vessels,/content/drive/MyDrive/Underwater Audio Data/data/Vessels/Cargo_5.wav,3.0
/content/drive/MyDrive/Underwater Audio Data/processed/Vessels/Cargo_5_chunk54.wav,Vessels,/content/drive/MyDrive/Underwater Audio Data/data/Vessels/Cargo_5.wav,3.0
/content/drive/MyDrive/Underwater Audio Data/processed/Vessels/Cargo_5_chunk55.wav,Vessels,/content/drive/MyDrive/Underwater Audio Data/data/Vessels/Cargo_5.wav,3.0
/content/drive/MyDrive/Underwater Audio Data/processed/Vessels/Cargo_5_chunk56.wav,Vessels,/content/drive/MyDrive/Underwater Audio Data/data/Vessels/Cargo_5.wav,3.0
/content/drive/MyDrive/Underwater Audio Data/processed/Vessels/Cargo_5_chunk57.wav,Vessels,/content/drive/MyDrive/Underwater Audio Data/data/Vessels/Cargo_5.wav,3.0
/content/drive/MyDrive/Underwater Audio Data/processed/Vessels/Cargo_5_chunk58.wav,Vessels,/content/drive/MyDrive/Underwater Audio Data/data/Vessels/Cargo_5.wav,3.0
/content/drive/MyDrive/Underwater Audio Data/processed/Vessels/Cargo_5_chunk59.wav,Vessels,/content/drive/MyDrive/Underwater Audio Data/data/Vessels/Cargo_5.wav,3.0
/content/drive/MyDrive/Underwater Audio Data/processed/Vessels/Cargo_5_chunk60.wav,Vessels,/content/drive/MyDrive/Underwater Audio Data/data/Vessels/Cargo_5.wav,3.0
/content/drive/MyDrive/Underwater Audio Data/processed/Vessels/Cargo_5_chunk61.wav,Vessels,/content/drive/MyDrive/Underwater Audio Data/data/Vessels/Cargo_5.wav,3.0
/content/drive/MyDrive/Underwater Audio Data/processed/Vessels/Cargo_5_chunk62.wav,Vessels,/content/drive/MyDrive/Underwater Audio Data/data/Vessels/Cargo_5.wav,3.0
/content/drive/MyDrive/Underwater Audio Data/processed/Vessels/Cargo_5_chunk63.wav,Vessels,/content/drive/MyDrive/Underwater Audio Data/data/Vessels/Cargo_5.wav,3.0
/content/drive/MyDrive/Underwater Audio Data/processed/Vessels/Cargo_5_chunk64.wav,Vessels,/content/drive/MyDrive/Underwater Audio Data/data/Vessels/Cargo_5.wav,3.0
/content/drive/MyDrive/Underwater Audio Data/processed/Vessels/Cargo_5_chunk65.wav,Vessels,/content/drive/MyDrive/Underwater Audio Data/data/Vessels/Cargo_5.wav,3.0
/content/drive/MyDrive/Underwater Audio Data/processed/Vessels/Cargo_5_chunk66.wav,Vessels,/content/drive/MyDrive/Underwater Audio Data/data/Vessels/Cargo_5.wav,3.0
/content/drive/MyDrive/Underwater Audio Data/processed/Vessels/Cargo_5_chunk67.wav,Vessels,/content/drive/MyDrive/Underwater Audio Data/data/Vessels/Cargo_5.wav,3.0
/content/drive/MyDrive/Underwater Audio Data/processed/Vessels/Cargo_5_chunk68.wav,Vessels,/content/drive/MyDrive/Underwater Audio Data/data/Vessels/Cargo_5.wav,3.0
/content/drive/MyDrive/Underwater Audio Data/processed/Vessels/Cargo_5_chunk69.wav,Vessels,/content/drive/MyDrive/Underwater Audio Data/data/Vessels/Cargo_5.wav,3.0
/content/drive/MyDrive/Underwater Audio Data/processed/Vessels/Cargo_5_chunk70.wav,Vessels,/content/drive/MyDrive/Underwater Audio Data/data/Vessels/Cargo_5.wav,3.0
/content/drive/MyDrive/Underwater Audio Data/processed/Vessels/Cargo_5_chunk71.wav,Vessels,/content/drive/MyDrive/Underwater Audio Data/data/Vessels/Cargo_5.wav,3.0
/content/drive/MyDrive/Underwater Audio Data/processed/Vessels/Cargo_5_chunk72.wav,Vessels,/content/drive/MyDrive/Underwater Audio Data/data/Vessels/Cargo_5.wav,3.0
/content/drive/MyDrive/Underwater Audio Data/processed/Vessels/Cargo_5_chunk73.wav,Vessels,/content/drive/MyDrive/Underwater Audio Data/data/Vessels/Cargo_5.wav,3.0
/content/drive/MyDrive/Underwater Audio Data/processed/Vessels/Cargo_5_chunk74.wav,Vessels,/content/drive/MyDrive/Underwater Audio Data/data/Vessels/Cargo_5.wav,3.0
/content/drive/MyDrive/Underwater Audio Data/processed/Vessels/Cargo_5_chunk75.wav,Vessels,/content/drive/MyDrive/Underwater Audio Data/data/Vessels/Cargo_5.wav,3.0
/content/drive/MyDrive/Underwater Audio Data/processed/Vessels/Cargo_5_chunk76.wav,Vessels,/content/drive/MyDrive/Underwater Audio Data/data/Vessels/Cargo_5.wav,3.0
/content/drive/MyDrive/Underwater Audio Data/processed/Vessels/Cargo_5_chunk77.wav,Vessels,/content/drive/MyDrive/Underwater Audio Data/data/Vessels/Cargo_5.wav,3.0
/content/drive/MyDrive/Underwater Audio Data/processed/Vessels/Cargo_5_chunk78.wav,Vessels,/content/drive/MyDrive/Underwater Audio Data/data/Vessels/Cargo_5.wav,3.0
/content/drive/MyDrive/Underwater Audio Data/processed/Vessels/Cargo_5_chunk79.wav,Vessels,/content/drive/MyDrive/Underwater Audio Data/data/Vessels/Cargo_5.wav,3.0
/content/drive/MyDrive/Underwater Audio Data/processed/Vessels/Cargo_5_chunk80.wav,Vessels,/content/drive/MyDrive/Underwater Audio Data/data/Vessels/Cargo_5.wav,3.0
/content/drive/MyDrive/Underwater Audio Data/processed/Vessels/Cargo_5_chunk81.wav,Vessels,/content/drive/MyDrive/Underwater Audio Data/data/Vessels/Cargo_5.wav,3.0
/content/drive/MyDrive/Underwater Audio Data/processed/Vessels/Cargo_5_chunk82.wav,Vessels,/content/drive/MyDrive/Underwater Audio Data/data/Vessels/Cargo_5.wav,3.0
/content/drive/MyDrive/Underwater Audio Data/processed/Vessels/Cargo_5_chunk83.wav,Vessels,/content/drive/MyDrive/Underwater Audio Data/data/Vessels/Cargo_5.wav,3.0
/content/drive/MyDrive/Underwater Audio Data/processed/Vessels/Cargo_5_chunk84.wav,Vessels,/content/drive/MyDrive/Underwater Audio Data/data/Vessels/Cargo_5.wav,3.0
/content/drive/MyDrive/Underwater Audio Data/processed/Vessels/Cargo_5_chunk85.wav,Vessels,/content/drive/MyDrive/Underwater Audio Data/data/Vessels/Cargo_5.wav,3.0
/content/drive/MyDrive/Underwater Audio Data/processed/Vessels/Cargo_5_chunk86.wav,Vessels,/content/drive/MyDrive/Underwater Audio Data/data/Vessels/Cargo_5.wav,3.0
/content/drive/MyDrive/Underwater Audio Data/processed/Vessels/Cargo_5_chunk87.wav,Vessels,/content/drive/MyDrive/Underwater Audio Data/data/Vessels/Cargo_5.wav,3.0
/content/drive/MyDrive/Underwater Audio Data/processed/Vessels/Cargo_5_chunk88.wav,Vessels,/content/drive/MyDrive/Underwater Audio Data/data/Vessels/Cargo_5.wav,3.0
/content/drive/MyDrive/Underwater Audio Data/processed/Vessels/Cargo_5_chunk89.wav,Vessels,/content/drive/MyDrive/Underwater Audio Data/data/Vessels/Cargo_5.wav,3.0
/content/drive/MyDrive/Underwater Audio Data/processed/Vessels/Cargo_5_chunk90.wav,Vessels,/content/drive/MyDrive/Underwater Audio Data/data/Vessels/Cargo_5.wav,3.0
/content/drive/MyDrive/Underwater Audio Data/processed/Vessels/Cargo_5_chunk91.wav,Vessels,/content/drive/MyDrive/Underwater Audio Data/data/Vessels/Cargo_5.wav,3.0
/content/drive/MyDrive/Underwater Audio Data/processed/Vessels/Cargo_5_chunk92.wav,Vessels,/content/drive/MyDrive/Underwater Audio Data/data/Vessels/Cargo_5.wav,3.0
/content/drive/MyDrive/Underwater Audio Data/processed/Vessels/Cargo_5_chunk93.wav,Vessels,/content/drive/MyDrive/Underwater Audio Data/data/Vessels/Cargo_5.wav,3.0
/content/drive/MyDrive/Underwater Audio Data/processed/Vessels/Cargo_5_chunk94.wav,Vessels,/content/drive/MyDrive/Underwater Audio Data/data/Vessels/Cargo_5.wav,3.0
/content/drive/MyDrive/Underwater Audio Data/processed/Vessels/Cargo_5_chunk95.wav,Vessels,/content/drive/MyDrive/Underwater Audio Data/data/Vessels/Cargo_5.wav,3.0
/content/drive/MyDrive/Underwater Audio Data/processed/Vessels/Cargo_5_chunk96.wav,Vessels,/content/drive/MyDrive/Underwater Audio Data/data/Vessels/Cargo_5.wav,3.0
/content/drive/MyDrive/Underwater Audio Data/processed/Vessels/Cargo_5_chunk97.wav,Vessels,/content/drive/MyDrive/Underwater Audio Data/data/Vessels/Cargo_5.wav,3.0
/content/drive/MyDrive/Underwater Audio Data/processed/Vessels/Cargo_5_chunk98.wav,Vessels,/content/drive/MyDrive/Underwater Audio Data/data/Vessels/Cargo_5.wav,3.0
/content/drive/MyDrive/Underwater Audio Data/processed/Vessels/Cargo_5_chunk99.wav,Vessels,/content/drive/MyDrive/Underwater Audio Data/data/Vessels/Cargo_5.wav,3.0
/content/drive/MyDrive/Underwater Audio Data/processed/Vessels/Cargo_5_chunk100.wav,Vessels,/content/drive/MyDrive/Underwater Audio Data/data/Vessels/Cargo_5.wav,3.0
/content/drive/MyDrive/Underwater Audio Data/processed/Vessels/Cargo_5_chunk101.wav,Vessels,/content/drive/MyDrive/Underwater Audio Data/data/Vessels/Cargo_5.wav,3.0
/content/drive/MyDrive/Underwater Audio Data/processed/Vessels/Cargo_5_chunk102.wav,Vessels,/content/drive/MyDrive/Underwater Audio Data/data/Vessels/Cargo_5.wav,3.0
/content/drive/MyDrive/Underwater Audio Data/processed/Vessels/Cargo_5_chunk103.wav,Vessels,/content/drive/MyDrive/Underwater Audio Data/data/Vessels/Cargo_5.wav,3.0
/content/drive/MyDrive/Underwater Audio Data/processed/Vessels/Cargo_5_chunk104.wav,Vessels,/content/drive/MyDrive/Underwater Audio Data/data/Vessels/Cargo_5.wav,3.0
/content/drive/MyDrive/Underwater Audio Data/processed/Vessels/Cargo_5_chunk105.wav,Vessels,/content/drive/MyDrive/Underwater Audio Data/data/Vessels/Cargo_5.wav,3.0
/content/drive/MyDrive/Underwater Audio Data/processed/Vessels/Cargo_5_chunk106.wav,Vessels,/content/drive/MyDrive/Underwater Audio Data/data/Vessels/Cargo_5.wav,3.0
/content/drive/MyDrive/Underwater Audio Data/processed/Vessels/Cargo_5_chunk107.wav,Vessels,/content/drive/MyDrive/Underwater Audio Data/data/Vessels/Cargo_5.wav,3.0
/content/drive/MyDrive/Underwater Audio Data/processed/Vessels/Cargo_5_chunk108.wav,Vessels,/content/drive/MyDrive/Underwater Audio Data/data/Vessels/Cargo_5.wav,3.0
/content/drive/MyDrive/Underwater Audio Data/processed/Vessels/Cargo_5_chunk109.wav,Vessels,/content/drive/MyDrive/Underwater Audio Data/data/Vessels/Cargo_5.wav,3.0
/content/drive/MyDrive/Underwater Audio Data/processed/Vessels/Cargo_5_chunk110.wav,Vessels,/content/drive/MyDrive/Underwater Audio Data/data/Vessels/Cargo_5.wav,3.0
/content/drive/MyDrive/Underwater Audio Data/processed/Vessels/Cargo_5_chunk111.wav,Vessels,/content/drive/MyDrive/Underwater Audio Data/data/Vessels/Cargo_5.wav,3.0
/content/drive/MyDrive/Underwater Audio Data/processed/Vessels/Cargo_5_chunk112.wav,Vessels,/content/drive/MyDrive/Underwater Audio Data/data/Vessels/Cargo_5.wav,3.0
/content/drive/MyDrive/Underwater Audio Data/processed/Vessels/Cargo_5_chunk113.wav,Vessels,/content/drive/MyDrive/Underwater Audio Data/data/Vessels/Cargo_5.wav,3.0
/content/drive/MyDrive/Underwater Audio Data/processed/Vessels/Cargo_5_chunk114.wav,Vessels,/content/drive/MyDrive/Underwater Audio Data/data/Vessels/Cargo_5.wav,3.0
/content/drive/MyDrive/Underwater Audio Data/processed/Vessels/Cargo_5_chunk115.wav,Vessels,/content/drive/MyDrive/Underwater Audio Data/data/Vessels/Cargo_5.wav,3.0
/content/drive/MyDrive/Underwater Audio Data/processed/Vessels/Cargo_5_chunk116.wav,Vessels,/content/drive/MyDrive/Underwater Audio Data/data/Vessels/Cargo_5.wav,3.0
/content/drive/MyDrive/Underwater Audio Data/processed/Vessels/Cargo_5_chunk117.wav,Vessels,/content/drive/MyDrive/Underwater Audio Data/data/Vessels/Cargo_5.wav,3.0
/content/drive/MyDrive/Underwater Audio Data/processed/Vessels/Cargo_5_chunk118.wav,Vessels,/content/drive/MyDrive/Underwater Audio Data/data/Vessels/Cargo_5.wav,3.0
/content/drive/MyDrive/Underwater Audio Data/processed/Vessels/Cargo_5_chunk119.wav,Vessels,/content/drive/MyDrive/Underwater Audio Data/data/Vessels/Cargo_5.wav,3.0
/content/drive/MyDrive/Underwater Audio Data/processed/Vessels/Cargo_5_chunk120.wav,Vessels,/content/drive/MyDrive/Underwater Audio Data/data/Vessels/Cargo_5.wav,3.0
/content/drive/MyDrive/Underwater Audio Data/processed/Vessels/Cargo_5_chunk121.wav,Vessels,/content/drive/MyDrive/Underwater Audio Data/data/Vessels/Cargo_5.wav,3.0
/content/drive/MyDrive/Underwater Audio Data/processed/Vessels/Cargo_5_chunk122.wav,Vessels,/content/drive/MyDrive/Underwater Audio Data/data/Vessels/Cargo_5.wav,3.0
/content/drive/MyDrive/Underwater Audio Data/processed/Vessels/Passengership_17_chunk0.wav,Vessels,/content/drive/MyDrive/Underwater Audio Data/data/Vessels/Passengership_17.wav,3.0
/content/drive/MyDrive/Underwater Audio Data/processed/Vessels/Passengership_17_chunk1.wav,Vessels,/content/drive/MyDrive/Underwater Audio Data/data/Vessels/Passengership_17.wav,3.0
/content/drive/MyDrive/Underwater Audio Data/processed/Vessels/Passengership_17_chunk2.wav,Vessels,/content/drive/MyDrive/Underwater Audio Data/data/Vessels/Passengership_17.wav,3.0
/content/drive/MyDrive/Underwater Audio Data/processed/Vessels/Passengership_17_chunk3.wav,Vessels,/content/drive/MyDrive/Underwater Audio Data/data/Vessels/Passengership_17.wav,3.0
/content/drive/MyDrive/Underwater Audio Data/processed/Vessels/Passengership_17_chunk4.wav,Vessels,/content/drive/MyDrive/Underwater Audio Data/data/Vessels/Passengership_17.wav,3.0
/content/drive/MyDrive/Underwater Audio Data/processed/Vessels/Passengership_17_chunk5.wav,Vessels,/content/drive/MyDrive/Underwater Audio Data/data/Vessels/Passengership_17.wav,3.0
/content/drive/MyDrive/Underwater Audio Data/processed/Vessels/Passengership_17_chunk6.wav,Vessels,/content/drive/MyDrive/Underwater Audio Data/data/Vessels/Passengership_17.wav,3.0
/content/drive/MyDrive/Underwater Audio Data/processed/Vessels/Passengership_17_chunk7.wav,Vessels,/content/drive/MyDrive/Underwater Audio Data/data/Vessels/Passengership_17.wav,3.0
/content/drive/MyDrive/Underwater Audio Data/processed/Vessels/Passengership_17_chunk8.wav,Vessels,/content/drive/MyDrive/Underwater Audio Data/data/Vessels/Passengership_17.wav,3.0
/content/drive/MyDrive/Underwater Audio Data/processed/Vessels/Passengership_17_chunk9.wav,Vessels,/content/drive/MyDrive/Underwater Audio Data/data/Vessels/Passengership_17.wav,3.0
/content/drive/MyDrive/Underwater Audio Data/processed/Vessels/Passengership_17_chunk10.wav,Vessels,/content/drive/MyDrive/Underwater Audio Data/data/Vessels/Passengership_17.wav,3.0
/content/drive/MyDrive/Underwater Audio Data/processed/Vessels/Passengership_16_chunk0.wav,Vessels,/content/drive/MyDrive/Underwater Audio Data/data/Vessels/Passengership_16.wav,3.0
/content/drive/MyDrive/Underwater Audio Data/processed/Vessels/Passengership_16_chunk1.wav,Vessels,/content/drive/MyDrive/Underwater Audio Data/data/Vessels/Passengership_16.wav,3.0
/content/drive/MyDrive/Underwater Audio Data/processed/Vessels/Passengership_16_chunk2.wav,Vessels,/content/drive/MyDrive/Underwater Audio Data/data/Vessels/Passengership_16.wav,3.0
/content/drive/MyDrive/Underwater Audio Data/processed/Vessels/Passengership_16_chunk3.wav,Vessels,/content/drive/MyDrive/Underwater Audio Data/data/Vessels/Passengership_16.wav,3.0
/content/drive/MyDrive/Underwater Audio Data/processed/Vessels/Passengership_16_chunk4.wav,Vessels,/content/drive/MyDrive/Underwater Audio Data/data/Vessels/Passengership_16.wav,3.0
/content/drive/MyDrive/Underwater Audio Data/processed/Vessels/Passengership_16_chunk5.wav,Vessels,/content/drive/MyDrive/Underwater Audio Data/data/Vessels/Passengership_16.wav,3.0
/content/drive/MyDrive/Underwater Audio Data/processed/Vessels/Passengership_16_chunk6.wav,Vessels,/content/drive/MyDrive/Underwater Audio Data/data/Vessels/Passengership_16.wav,3.0
/content/drive/MyDrive/Underwater Audio Data/processed/Vessels/Passengership_16_chunk7.wav,Vessels,/content/drive/MyDrive/Underwater Audio Data/data/Vessels/Passengership_16.wav,3.0
/content/drive/MyDrive/Underwater Audio Data/processed/Vessels/Passengership_16_chunk8.wav,Vessels,/content/drive/MyDrive/Underwater Audio Data/data/Vessels/Passengership_16.wav,3.0
/content/drive/MyDrive/Underwater Audio Data/processed/Vessels/Passengership_16_chunk9.wav,Vessels,/content/drive/MyDrive/Underwater Audio Data/data/Vessels/Passengership_16.wav,3.0
/content/drive/MyDrive/Underwater Audio Data/processed/Vessels/Passengership_16_chunk10.wav,Vessels,/content/drive/MyDrive/Underwater Audio Data/data/Vessels/Passengership_16.wav,3.0
/content/drive/MyDrive/Underwater Audio Data/processed/Vessels/Passengership_16_chunk11.wav,Vessels,/content/drive/MyDrive/Underwater Audio Data/data/Vessels/Passengership_16.wav,3.0
/content/drive/MyDrive/Underwater Audio Data/processed/Vessels/Passengership_16_chunk12.wav,Vessels,/content/drive/MyDrive/Underwater Audio Data/data/Vessels/Passengership_16.wav,3.0
/content/drive/MyDrive/Underwater Audio Data/processed/Vessels/Passengership_16_chunk13.wav,Vessels,/content/drive/MyDrive/Underwater Audio Data/data/Vessels/Passengership_16.wav,3.0
/content/drive/MyDrive/Underwater Audio Data/processed/Vessels/Passengership_16_chunk14.wav,Vessels,/content/drive/MyDrive/Underwater Audio Data/data/Vessels/Passengership_16.wav,3.0
/content/drive/MyDrive/Underwater Audio Data/processed/Vessels/Passengership_16_chunk15.wav,Vessels,/content/drive/MyDrive/Underwater Audio Data/data/Vessels/Passengership_16.wav,3.0
/content/drive/MyDrive/Underwater Audio Data/processed/Vessels/Passengership_16_chunk16.wav,Vessels,/content/drive/MyDrive/Underwater Audio Data/data/Vessels/Passengership_16.wav,3.0
/content/drive/MyDrive/Underwater Audio Data/processed/Vessels/Passengership_16_chunk17.wav,Vessels,/content/drive/MyDrive/Underwater Audio Data/data/Vessels/Passengership_16.wav,3.0
/content/drive/MyDrive/Underwater Audio Data/processed/Vessels/Passengership_16_chunk18.wav,Vessels,/content/drive/MyDrive/Underwater Audio Data/data/Vessels/Passengership_16.wav,3.0
/content/drive/MyDrive/Underwater Audio Data/processed/Vessels/Passengership_16_chunk19.wav,Vessels,/content/drive/MyDrive/Underwater Audio Data/data/Vessels/Passengership_16.wav,3.0
/content/drive/MyDrive/Underwater Audio Data/processed/Vessels/Passengership_16_chunk20.wav,Vessels,/content/drive/MyDrive/Underwater Audio Data/data/Vessels/Passengership_16.wav,3.0
/content/drive/MyDrive/Underwater Audio Data/processed/Vessels/Passengership_16_chunk21.wav,Vessels,/content/drive/MyDrive/Underwater Audio Data/data/Vessels/Passengership_16.wav,3.0
/content/drive/MyDrive/Underwater Audio Data/processed/Vessels/Passengership_16_chunk22.wav,Vessels,/content/drive/MyDrive/Underwater Audio Data/data/Vessels/Passengership_16.wav,3.0
/content/drive/MyDrive/Underwater Audio Data/processed/Vessels/Passengership_16_chunk23.wav,Vessels,/content/drive/MyDrive/Underwater Audio Data/data/Vessels/Passengership_16.wav,3.0
/content/drive/MyDrive/Underwater Audio Data/processed/Vessels/Passengership_15_chunk0.wav,Vessels,/content/drive/MyDrive/Underwater Audio Data/data/Vessels/Passengership_15.wav,3.0
/content/drive/MyDrive/Underwater Audio Data/processed/Vessels/Passengership_15_chunk1.wav,Vessels,/content/drive/MyDrive/Underwater Audio Data/data/Vessels/Passengership_15.wav,3.0
/content/drive/MyDrive/Underwater Audio Data/processed/Vessels/Passengership_15_chunk2.wav,Vessels,/content/drive/MyDrive/Underwater Audio Data/data/Vessels/Passengership_15.wav,3.0
/content/drive/MyDrive/Underwater Audio Data/processed/Vessels/Passengership_15_chunk3.wav,Vessels,/content/drive/MyDrive/Underwater Audio Data/data/Vessels/Passengership_15.wav,3.0
/content/drive/MyDrive/Underwater Audio Data/processed/Vessels/Passengership_15_chunk4.wav,Vessels,/content/drive/MyDrive/Underwater Audio Data/data/Vessels/Passengership_15.wav,3.0
/content/drive/MyDrive/Underwater Audio Data/processed/Vessels/Passengership_15_chunk5.wav,Vessels,/content/drive/MyDrive/Underwater Audio Data/data/Vessels/Passengership_15.wav,3.0
/content/drive/MyDrive/Underwater Audio Data/processed/Vessels/Passengership_15_chunk6.wav,Vessels,/content/drive/MyDrive/Underwater Audio Data/data/Vessels/Passengership_15.wav,3.0
/content/drive/MyDrive/Underwater Audio Data/processed/Vessels/Passengership_14_chunk0.wav,Vessels,/content/drive/MyDrive/Underwater Audio Data/data/Vessels/Passengership_14.wav,3.0
/content/drive/MyDrive/Underwater Audio Data/processed/Vessels/Passengership_14_chunk1.wav,Vessels,/content/drive/MyDrive/Underwater Audio Data/data/Vessels/Passengership_14.wav,3.0
/content/drive/MyDrive/Underwater Audio Data/processed/Vessels/Passengership_14_chunk2.wav,Vessels,/content/drive/MyDrive/Underwater Audio Data/data/Vessels/Passengership_14.wav,3.0
/content/drive/MyDrive/Underwater Audio Data/processed/Vessels/Passengership_14_chunk3.wav,Vessels,/content/drive/MyDrive/Underwater Audio Data/data/Vessels/Passengership_14.wav,3.0
/content/drive/MyDrive/Underwater Audio Data/processed/Vessels/Passengership_14_chunk4.wav,Vessels,/content/drive/MyDrive/Underwater Audio Data/data/Vessels/Passengership_14.wav,3.0
/content/drive/MyDrive/Underwater Audio Data/processed/Vessels/Passengership_14_chunk5.wav,Vessels,/content/drive/MyDrive/Underwater Audio Data/data/Vessels/Passengership_14.wav,3.0
/content/drive/MyDrive/Underwater Audio Data/processed/Vessels/Passengership_14_chunk6.wav,Vessels,/content/drive/MyDrive/Underwater Audio Data/data/Vessels/Passengership_14.wav,3.0
/content/drive/MyDrive/Underwater Audio Data/processed/Vessels/Passengership_14_chunk7.wav,Vessels,/content/drive/MyDrive/Underwater Audio Data/data/Vessels/Passengership_14.wav,3.0
/content/drive/MyDrive/Underwater Audio Data/processed/Vessels/Passengership_14_chunk8.wav,Vessels,/content/drive/MyDrive/Underwater Audio Data/data/Vessels/Passengership_14.wav,3.0
/content/drive/MyDrive/Underwater Audio Data/processed/Vessels/Passengership_14_chunk9.wav,Vessels,/content/drive/MyDrive/Underwater Audio Data/data/Vessels/Passengership_14.wav,3.0
/content/drive/MyDrive/Underwater Audio Data/processed/Vessels/Passengership_14_chunk10.wav,Vessels,/content/drive/MyDrive/Underwater Audio Data/data/Vessels/Passengership_14.wav,3.0
/content/drive/MyDrive/Underwater Audio Data/processed/Vessels/Passengership_14_chunk11.wav,Vessels,/content/drive/MyDrive/Underwater Audio Data/data/Vessels/Passengership_14.wav,3.0
/content/drive/MyDrive/Underwater Audio Data/processed/Vessels/Passengership_14_chunk12.wav,Vessels,/content/drive/MyDrive/Underwater Audio Data/data/Vessels/Passengership_14.wav,3.0
/content/drive/MyDrive/Underwater Audio Data/processed/Vessels/Passengership_14_chunk13.wav,Vessels,/content/drive/MyDrive/Underwater Audio Data/data/Vessels/Passengership_14.wav,3.0
/content/drive/MyDrive/Underwater Audio Data/processed/Vessels/Passengership_14_chunk14.wav,Vessels,/content/drive/MyDrive/Underwater Audio Data/data/Vessels/Passengership_14.wav,3.0
/content/drive/MyDrive/Underwater Audio Data/processed/Vessels/Passengership_14_chunk15.wav,Vessels,/content/drive/MyDrive/Underwater Audio Data/data/Vessels/Passengership_14.wav,3.0
/content/drive/MyDrive/Underwater Audio Data/processed/Vessels/Passengership_14_chunk16.wav,Vessels,/content/drive/MyDrive/Underwater Audio Data/data/Vessels/Passengership_14.wav,3.0
/content/drive/MyDrive/Underwater Audio Data/processed/Vessels/Passengership_14_chunk17.wav,Vessels,/content/drive/MyDrive/Underwater Audio Data/data/Vessels/Passengership_14.wav,3.0
/content/drive/MyDrive/Underwater Audio Data/processed/Vessels/Passengership_14_chunk18.wav,Vessels,/content/drive/MyDrive/Underwater Audio Data/data/Vessels/Passengership_14.wav,3.0
/content/drive/MyDrive/Underwater Audio Data/processed/Vessels/Passengership_14_chunk19.wav,Vessels,/content/drive/MyDrive/Underwater Audio Data/data/Vessels/Passengership_14.wav,3.0
/content/drive/MyDrive/Underwater Audio Data/processed/Vessels/Passengership_14_chunk20.wav,Vessels,/content/drive/MyDrive/Underwater Audio Data/data/Vessels/Passengership_14.wav,3.0
/content/drive/MyDrive/Underwater Audio Data/processed/Vessels/Passengership_14_chunk21.wav,Vessels,/content/drive/MyDrive/Underwater Audio Data/data/Vessels/Passengership_14.wav,3.0
/content/drive/MyDrive/Underwater Audio Data/processed/Vessels/Passengership_14_chunk22.wav,Vessels,/content/drive/MyDrive/Underwater Audio Data/data/Vessels/Passengership_14.wav,3.0
/content/drive/MyDrive/Underwater Audio Data/processed/Vessels/Passengership_14_chunk23.wav,Vessels,/content/drive/MyDrive/Underwater Audio Data/data/Vessels/Passengership_14.wav,3.0
/content/drive/MyDrive/Underwater Audio Data/processed/Vessels/Passengership_14_chunk24.wav,Vessels,/content/drive/MyDrive/Underwater Audio Data/data/Vessels/Passengership_14.wav,3.0
/content/drive/MyDrive/Underwater Audio Data/processed/Vessels/Passengership_14_chunk25.wav,Vessels,/content/drive/MyDrive/Underwater Audio Data/data/Vessels/Passengership_14.wav,3.0
/content/drive/MyDrive/Underwater Audio Data/processed/Vessels/Passengership_14_chunk26.wav,Vessels,/content/drive/MyDrive/Underwater Audio Data/data/Vessels/Passengership_14.wav,3.0
/content/drive/MyDrive/Underwater Audio Data/processed/Vessels/Passengership_14_chunk27.wav,Vessels,/content/drive/MyDrive/Underwater Audio Data/data/Vessels/Passengership_14.wav,3.0
/content/drive/MyDrive/Underwater Audio Data/processed/Vessels/Passengership_14_chunk28.wav,Vessels,/content/drive/MyDrive/Underwater Audio Data/data/Vessels/Passengership_14.wav,3.0
/content/drive/MyDrive/Underwater Audio Data/processed/Vessels/Passengership_14_chunk29.wav,Vessels,/content/drive/MyDrive/Underwater Audio Data/data/Vessels/Passengership_14.wav,3.0
/content/drive/MyDrive/Underwater Audio Data/processed/Vessels/Passengership_14_chunk30.wav,Vessels,/content/drive/MyDrive/Underwater Audio Data/data/Vessels/Passengership_14.wav,3.0
/content/drive/MyDrive/Underwater Audio Data/processed/Vessels/Passengership_13_chunk0.wav,Vessels,/content/drive/MyDrive/Underwater Audio Data/data/Vessels/Passengership_13.wav,3.0
/content/drive/MyDrive/Underwater Audio Data/processed/Vessels/Passengership_13_chunk1.wav,Vessels,/content/drive/MyDrive/Underwater Audio Data/data/Vessels/Passengership_13.wav,3.0
/content/drive/MyDrive/Underwater Audio Data/processed/Vessels/Passengership_13_chunk2.wav,Vessels,/content/drive/MyDrive/Underwater Audio Data/data/Vessels/Passengership_13.wav,3.0
/content/drive/MyDrive/Underwater Audio Data/processed/Vessels/Passengership_13_chunk3.wav,Vessels,/content/drive/MyDrive/Underwater Audio Data/data/Vessels/Passengership_13.wav,3.0
/content/drive/MyDrive/Underwater Audio Data/processed/Vessels/Passengership_13_chunk4.wav,Vessels,/content/drive/MyDrive/Underwater Audio Data/data/Vessels/Passengership_13.wav,3.0
/content/drive/MyDrive/Underwater Audio Data/processed/Vessels/Passengership_13_chunk5.wav,Vessels,/content/drive/MyDrive/Underwater Audio Data/data/Vessels/Passengership_13.wav,3.0
/content/drive/MyDrive/Underwater Audio Data/processed/Vessels/Passengership_13_chunk6.wav,Vessels,/content/drive/MyDrive/Underwater Audio Data/data/Vessels/Passengership_13.wav,3.0
/content/drive/MyDrive/Underwater Audio Data/processed/Vessels/Passengership_13_chunk7.wav,Vessels,/content/drive/MyDrive/Underwater Audio Data/data/Vessels/Passengership_13.wav,3.0
/content/drive/MyDrive/Underwater Audio Data/processed/Vessels/Passengership_13_chunk8.wav,Vessels,/content/drive/MyDrive/Underwater Audio Data/data/Vessels/Passengership_13.wav,3.0
/content/drive/MyDrive/Underwater Audio Data/processed/Vessels/Passengership_13_chunk9.wav,Vessels,/content/drive/MyDrive/Underwater Audio Data/data/Vessels/Passengership_13.wav,3.0
/content/drive/MyDrive/Underwater Audio Data/processed/Vessels/Passengership_13_chunk10.wav,Vessels,/content/drive/MyDrive/Underwater Audio Data/data/Vessels/Passengership_13.wav,3.0
/content/drive/MyDrive/Underwater Audio Data/processed/Vessels/Passengership_13_chunk11.wav,Vessels,/content/drive/MyDrive/Underwater Audio Data/data/Vessels/Passengership_13.wav,3.0
/content/drive/MyDrive/Underwater Audio Data/processed/Vessels/Passengership_13_chunk12.wav,Vessels,/content/drive/MyDrive/Underwater Audio Data/data/Vessels/Passengership_13.wav,3.0
/content/drive/MyDrive/Underwater Audio Data/processed/Vessels/Passengership_13_chunk13.wav,Vessels,/content/drive/MyDrive/Underwater Audio Data/data/Vessels/Passengership_13.wav,3.0
/content/drive/MyDrive/Underwater Audio Data/processed/Vessels/Passengership_13_chunk14.wav,Vessels,/content/drive/MyDrive/Underwater Audio Data/data/Vessels/Passengership_13.wav,3.0
/content/drive/MyDrive/Underwater Audio Data/processed/Vessels/Passengership_13_chunk15.wav,Vessels,/content/drive/MyDrive/Underwater Audio Data/data/Vessels/Passengership_13.wav,3.0
/content/drive/MyDrive/Underwater Audio Data/processed/Vessels/Passengership_13_chunk16.wav,Vessels,/content/drive/MyDrive/Underwater Audio Data/data/Vessels/Passengership_13.wav,3.0
/content/drive/MyDrive/Underwater Audio Data/processed/Vessels/Passengership_21_chunk0.wav,Vessels,/content/drive/MyDrive/Underwater Audio Data/data/Vessels/Passengership_21.wav,3.0
/content/drive/MyDrive/Underwater Audio Data/processed/Vessels/Passengership_21_chunk1.wav,Vessels,/content/drive/MyDrive/Underwater Audio Data/data/Vessels/Passengership_21.wav,3.0
/content/drive/MyDrive/Underwater Audio Data/processed/Vessels/Passengership_21_chunk2.wav,Vessels,/content/drive/MyDrive/Underwater Audio Data/data/Vessels/Passengership_21.wav,3.0
/content/drive/MyDrive/Underwater Audio Data/processed/Vessels/Passengership_21_chunk3.wav,Vessels,/content/drive/MyDrive/Underwater Audio Data/data/Vessels/Passengership_21.wav,3.0
/content/drive/MyDrive/Underwater Audio Data/processed/Vessels/Passengership_21_chunk4.wav,Vessels,/content/drive/MyDrive/Underwater Audio Data/data/Vessels/Passengership_21.wav,3.0
/content/drive/MyDrive/Underwater Audio Data/processed/Vessels/Passengership_21_chunk5.wav,Vessels,/content/drive/MyDrive/Underwater Audio Data/data/Vessels/Passengership_21.wav,3.0
/content/drive/MyDrive/Underwater Audio Data/processed/Vessels/Passengership_21_chunk6.wav,Vessels,/content/drive/MyDrive/Underwater Audio Data/data/Vessels/Passengership_21.wav,3.0
/content/drive/MyDrive/Underwater Audio Data/processed/Vessels/Passengership_21_chunk7.wav,Vessels,/content/drive/MyDrive/Underwater Audio Data/data/Vessels/Passengership_21.wav,3.0
/content/drive/MyDrive/Underwater Audio Data/processed/Vessels/Passengership_21_chunk8.wav,Vessels,/content/drive/MyDrive/Underwater Audio Data/data/Vessels/Passengership_21.wav,3.0
/content/drive/MyDrive/Underwater Audio Data/processed/Vessels/Passengership_21_chunk9.wav,Vessels,/content/drive/MyDrive/Underwater Audio Data/data/Vessels/Passengership_21.wav,3.0
/content/drive/MyDrive/Underwater Audio Data/processed/Vessels/Passengership_21_chunk10.wav,Vessels,/content/drive/MyDrive/Underwater Audio Data/data/Vessels/Passengership_21.wav,3.0
/content/drive/MyDrive/Underwater Audio Data/processed/Vessels/Passengership_21_chunk11.wav,Vessels,/content/drive/MyDrive/Underwater Audio Data/data/Vessels/Passengership_21.wav,3.0
/content/drive/MyDrive/Underwater Audio Data/processed/Vessels/Passengership_21_chunk12.wav,Vessels,/content/drive/MyDrive/Underwater Audio Data/data/Vessels/Passengership_21.wav,3.0
/content/drive/MyDrive/Underwater Audio Data/processed/Vessels/Passengership_21_chunk13.wav,Vessels,/content/drive/MyDrive/Underwater Audio Data/data/Vessels/Passengership_21.wav,3.0
/content/drive/MyDrive/Underwater Audio Data/processed/Vessels/Passengership_21_chunk14.wav,Vessels,/content/drive/MyDrive/Underwater Audio Data/data/Vessels/Passengership_21.wav,3.0
/content/drive/MyDrive/Underwater Audio Data/processed/Vessels/Passengership_21_chunk15.wav,Vessels,/content/drive/MyDrive/Underwater Audio Data/data/Vessels/Passengership_21.wav,3.0
/content/drive/MyDrive/Underwater Audio Data/processed/Vessels/Passengership_21_chunk16.wav,Vessels,/content/drive/MyDrive/Underwater Audio Data/data/Vessels/Passengership_21.wav,3.0
/content/drive/MyDrive/Underwater Audio Data/processed/Vessels/Passengership_21_chunk17.wav,Vessels,/content/drive/MyDrive/Underwater Audio Data/data/Vessels/Passengership_21.wav,3.0
/content/drive/MyDrive/Underwater Audio Data/processed/Vessels/Passengership_21_chunk18.wav,Vessels,/content/drive/MyDrive/Underwater Audio Data/data/Vessels/Passengership_21.wav,3.0
/content/drive/MyDrive/Underwater Audio Data/processed/Vessels/Passengership_21_chunk19.wav,Vessels,/content/drive/MyDrive/Underwater Audio Data/data/Vessels/Passengership_21.wav,3.0
/content/drive/MyDrive/Underwater Audio Data/processed/Vessels/Passengership_21_chunk20.wav,Vessels,/content/drive/MyDrive/Underwater Audio Data/data/Vessels/Passengership_21.wav,3.0
/content/drive/MyDrive/Underwater Audio Data/processed/Vessels/Passengership_21_chunk21.wav,Vessels,/content/drive/MyDrive/Underwater Audio Data/data/Vessels/Passengership_21.wav,3.0
/content/drive/MyDrive/Underwater Audio Data/processed/Vessels/Passengership_21_chunk22.wav,Vessels,/content/drive/MyDrive/Underwater Audio Data/data/Vessels/Passengership_21.wav,3.0
/content/drive/MyDrive/Underwater Audio Data/processed/Vessels/Passengership_21_chunk23.wav,Vessels,/content/drive/MyDrive/Underwater Audio Data/data/Vessels/Passengership_21.wav,3.0
/content/drive/MyDrive/Underwater Audio Data/processed/Vessels/Passengership_21_chunk24.wav,Vessels,/content/drive/MyDrive/Underwater Audio Data/data/Vessels/Passengership_21.wav,3.0
/content/drive/MyDrive/Underwater Audio Data/processed/Vessels/Passengership_21_chunk25.wav,Vessels,/content/drive/MyDrive/Underwater Audio Data/data/Vessels/Passengership_21.wav,3.0
/content/drive/MyDrive/Underwater Audio Data/processed/Vessels/Passengership_21_chunk26.wav,Vessels,/content/drive/MyDrive/Underwater Audio Data/data/Vessels/Passengership_21.wav,3.0
/content/drive/MyDrive/Underwater Audio Data/processed/Vessels/Passengership_21_chunk27.wav,Vessels,/content/drive/MyDrive/Underwater Audio Data/data/Vessels/Passengership_21.wav,3.0
/content/drive/MyDrive/Underwater Audio Data/processed/Vessels/Passengership_21_chunk28.wav,Vessels,/content/drive/MyDrive/Underwater Audio Data/data/Vessels/Passengership_21.wav,3.0
/content/drive/MyDrive/Underwater Audio Data/processed/Vessels/Passengership_21_chunk29.wav,Vessels,/content/drive/MyDrive/Underwater Audio Data/data/Vessels/Passengership_21.wav,3.0
/content/drive/MyDrive/Underwater Audio Data/processed/Vessels/Passengership_21_chunk30.wav,Vessels,/content/drive/MyDrive/Underwater Audio Data/data/Vessels/Passengership_21.wav,3.0
/content/drive/MyDrive/Underwater Audio Data/processed/Vessels/Passengership_21_chunk31.wav,Vessels,/content/drive/MyDrive/Underwater Audio Data/data/Vessels/Passengership_21.wav,3.0
/content/drive/MyDrive/Underwater Audio Data/processed/Vessels/Passengership_21_chunk32.wav,Vessels,/content/drive/MyDrive/Underwater Audio Data/data/Vessels/Passengership_21.wav,3.0
/content/drive/MyDrive/Underwater Audio Data/processed/Vessels/Passengership_21_chunk33.wav,Vessels,/content/drive/MyDrive/Underwater Audio Data/data/Vessels/Passengership_21.wav,3.0
/content/drive/MyDrive/Underwater Audio Data/processed/Vessels/Passengership_21_chunk34.wav,Vessels,/content/drive/MyDrive/Underwater Audio Data/data/Vessels/Passengership_21.wav,3.0
/content/drive/MyDrive/Underwater Audio Data/processed/Vessels/Passengership_21_chunk35.wav,Vessels,/content/drive/MyDrive/Underwater Audio Data/data/Vessels/Passengership_21.wav,3.0
/content/drive/MyDrive/Underwater Audio Data/processed/Vessels/Passengership_21_chunk36.wav,Vessels,/content/drive/MyDrive/Underwater Audio Data/data/Vessels/Passengership_21.wav,3.0
/content/drive/MyDrive/Underwater Audio Data/processed/Vessels/Passengership_21_chunk37.wav,Vessels,/content/drive/MyDrive/Underwater Audio Data/data/Vessels/Passengership_21.wav,3.0
/content/drive/MyDrive/Underwater Audio Data/processed/Vessels/Passengership_21_chunk38.wav,Vessels,/content/drive/MyDrive/Underwater Audio Data/data/Vessels/Passengership_21.wav,3.0
/content/drive/MyDrive/Underwater Audio Data/processed/Vessels/Passengership_21_chunk39.wav,Vessels,/content/drive/MyDrive/Underwater Audio Data/data/Vessels/Passengership_21.wav,3.0
/content/drive/MyDrive/Underwater Audio Data/processed/Vessels/Passengership_21_chunk40.wav,Vessels,/content/drive/MyDrive/Underwater Audio Data/data/Vessels/Passengership_21.wav,3.0
/content/drive/MyDrive/Underwater Audio Data/processed/Vessels/Passengership_21_chunk41.wav,Vessels,/content/drive/MyDrive/Underwater Audio Data/data/Vessels/Passengership_21.wav,3.0
/content/drive/MyDrive/Underwater Audio Data/processed/Vessels/Passengership_21_chunk42.wav,Vessels,/content/drive/MyDrive/Underwater Audio Data/data/Vessels/Passengership_21.wav,3.0
/content/drive/MyDrive/Underwater Audio Data/processed/Vessels/Passengership_21_chunk43.wav,Vessels,/content/drive/MyDrive/Underwater Audio Data/data/Vessels/Passengership_21.wav,3.0
/content/drive/MyDrive/Underwater Audio Data/processed/Vessels/Passengership_21_chunk44.wav,Vessels,/content/drive/MyDrive/Underwater Audio Data/data/Vessels/Passengership_21.wav,3.0
/content/drive/MyDrive/Underwater Audio Data/processed/Vessels/Passengership_21_chunk45.wav,Vessels,/content/drive/MyDrive/Underwater Audio Data/data/Vessels/Passengership_21.wav,3.0
/content/drive/MyDrive/Underwater Audio Data/processed/Vessels/Passengership_21_chunk46.wav,Vessels,/content/drive/MyDrive/Underwater Audio Data/data/Vessels/Passengership_21.wav,3.0
/content/drive/MyDrive/Underwater Audio Data/processed/Vessels/Passengership_21_chunk47.wav,Vessels,/content/drive/MyDrive/Underwater Audio Data/data/Vessels/Passengership_21.wav,3.0
/content/drive/MyDrive/Underwater Audio Data/processed/Vessels/Passengership_21_chunk48.wav,Vessels,/content/drive/MyDrive/Underwater Audio Data/data/Vessels/Passengership_21.wav,3.0
/content/drive/MyDrive/Underwater Audio Data/processed/Vessels/Passengership_21_chunk49.wav,Vessels,/content/drive/MyDrive/Underwater Audio Data/data/Vessels/Passengership_21.wav,3.0
/content/drive/MyDrive/Underwater Audio Data/processed/Vessels/Passengership_21_chunk50.wav,Vessels,/content/drive/MyDrive/Underwater Audio Data/data/Vessels/Passengership_21.wav,3.0
/content/drive/MyDrive/Underwater Audio Data/processed/Vessels/Passengership_21_chunk51.wav,Vessels,/content/drive/MyDrive/Underwater Audio Data/data/Vessels/Passengership_21.wav,3.0
/content/drive/MyDrive/Underwater Audio Data/processed/Vessels/Passengership_21_chunk52.wav,Vessels,/content/drive/MyDrive/Underwater Audio Data/data/Vessels/Passengership_21.wav,3.0
/content/drive/MyDrive/Underwater Audio Data/processed/Vessels/Passengership_21_chunk53.wav,Vessels,/content/drive/MyDrive/Underwater Audio Data/data/Vessels/Passengership_21.wav,3.0
/content/drive/MyDrive/Underwater Audio Data/processed/Vessels/Passengership_21_chunk54.wav,Vessels,/content/drive/MyDrive/Underwater Audio Data/data/Vessels/Passengership_21.wav,3.0
/content/drive/MyDrive/Underwater Audio Data/processed/Vessels/Passengership_21_chunk55.wav,Vessels,/content/drive/MyDrive/Underwater Audio Data/data/Vessels/Passengership_21.wav,3.0
/content/drive/MyDrive/Underwater Audio Data/processed/Vessels/Passengership_21_chunk56.wav,Vessels,/content/drive/MyDrive/Underwater Audio Data/data/Vessels/Passengership_21.wav,3.0
/content/drive/MyDrive/Underwater Audio Data/processed/Vessels/Passengership_21_chunk57.wav,Vessels,/content/drive/MyDrive/Underwater Audio Data/data/Vessels/Passengership_21.wav,3.0
/content/drive/MyDrive/Underwater Audio Data/processed/Vessels/Passengership_21_chunk58.wav,Vessels,/content/drive/MyDrive/Underwater Audio Data/data/Vessels/Passengership_21.wav,3.0
/content/drive/MyDrive/Underwater Audio Data/processed/Vessels/Passengership_21_chunk59.wav,Vessels,/content/drive/MyDrive/Underwater Audio Data/data/Vessels/Passengership_21.wav,3.0
/content/drive/MyDrive/Underwater Audio Data/processed/Vessels/Passengership_21_chunk60.wav,Vessels,/content/drive/MyDrive/Underwater Audio Data/data/Vessels/Passengership_21.wav,3.0
/content/drive/MyDrive/Underwater Audio Data/processed/Vessels/Passengership_21_chunk61.wav,Vessels,/content/drive/MyDrive/Underwater Audio Data/data/Vessels/Passengership_21.wav,3.0
/content/drive/MyDrive/Underwater Audio Data/processed/Vessels/Passengership_21_chunk62.wav,Vessels,/content/drive/MyDrive/Underwater Audio Data/data/Vessels/Passengership_21.wav,3.0
/content/drive/MyDrive/Underwater Audio Data/processed/Vessels/Passengership_21_chunk63.wav,Vessels,/content/drive/MyDrive/Underwater Audio Data/data/Vessels/Passengership_21.wav,3.0
/content/drive/MyDrive/Underwater Audio Data/processed/Vessels/Passengership_21_chunk64.wav,Vessels,/content/drive/MyDrive/Underwater Audio Data/data/Vessels/Passengership_21.wav,3.0
/content/drive/MyDrive/Underwater Audio Data/processed/Vessels/Passengership_21_chunk65.wav,Vessels,/content/drive/MyDrive/Underwater Audio Data/data/Vessels/Passengership_21.wav,3.0
/content/drive/MyDrive/Underwater Audio Data/processed/Vessels/Passengership_21_chunk66.wav,Vessels,/content/drive/MyDrive/Underwater Audio Data/data/Vessels/Passengership_21.wav,3.0
/content/drive/MyDrive/Underwater Audio Data/processed/Vessels/Passengership_21_chunk67.wav,Vessels,/content/drive/MyDrive/Underwater Audio Data/data/Vessels/Passengership_21.wav,3.0
/content/drive/MyDrive/Underwater Audio Data/processed/Vessels/Passengership_21_chunk68.wav,Vessels,/content/drive/MyDrive/Underwater Audio Data/data/Vessels/Passengership_21.wav,3.0
/content/drive/MyDrive/Underwater Audio Data/processed/Vessels/Passengership_21_chunk69.wav,Vessels,/content/drive/MyDrive/Underwater Audio Data/data/Vessels/Passengership_21.wav,3.0
/content/drive/MyDrive/Underwater Audio Data/processed/Vessels/Passengership_21_chunk70.wav,Vessels,/content/drive/MyDrive/Underwater Audio Data/data/Vessels/Passengership_21.wav,3.0
/content/drive/MyDrive/Underwater Audio Data/processed/Vessels/Passengership_21_chunk71.wav,Vessels,/content/drive/MyDrive/Underwater Audio Data/data/Vessels/Passengership_21.wav,3.0
/content/drive/MyDrive/Underwater Audio Data/processed/Vessels/Passengership_21_chunk72.wav,Vessels,/content/drive/MyDrive/Underwater Audio Data/data/Vessels/Passengership_21.wav,3.0
/content/drive/MyDrive/Underwater Audio Data/processed/Vessels/Passengership_21_chunk73.wav,Vessels,/content/drive/MyDrive/Underwater Audio Data/data/Vessels/Passengership_21.wav,3.0
/content/drive/MyDrive/Underwater Audio Data/processed/Vessels/Passengership_21_chunk74.wav,Vessels,/content/drive/MyDrive/Underwater Audio Data/data/Vessels/Passengership_21.wav,3.0
/content/drive/MyDrive/Underwater Audio Data/processed/Vessels/Passengership_21_chunk75.wav,Vessels,/content/drive/MyDrive/Underwater Audio Data/data/Vessels/Passengership_21.wav,3.0
/content/drive/MyDrive/Underwater Audio Data/processed/Vessels/Passengership_21_chunk76.wav,Vessels,/content/drive/MyDrive/Underwater Audio Data/data/Vessels/Passengership_21.wav,3.0
/content/drive/MyDrive/Underwater Audio Data/processed/Vessels/Passengership_21_chunk77.wav,Vessels,/content/drive/MyDrive/Underwater Audio Data/data/Vessels/Passengership_21.wav,3.0
/content/drive/MyDrive/Underwater Audio Data/processed/Vessels/Passengership_21_chunk78.wav,Vessels,/content/drive/MyDrive/Underwater Audio Data/data/Vessels/Passengership_21.wav,3.0
/content/drive/MyDrive/Underwater Audio Data/processed/Vessels/Passengership_21_chunk79.wav,Vessels,/content/drive/MyDrive/Underwater Audio Data/data/Vessels/Passengership_21.wav,3.0
/content/drive/MyDrive/Underwater Audio Data/processed/Vessels/Passengership_21_chunk80.wav,Vessels,/content/drive/MyDrive/Underwater Audio Data/data/Vessels/Passengership_21.wav,3.0
/content/drive/MyDrive/Underwater Audio Data/processed/Vessels/Passengership_21_chunk81.wav,Vessels,/content/drive/MyDrive/Underwater Audio Data/data/Vessels/Passengership_21.wav,3.0
/content/drive/MyDrive/Underwater Audio Data/processed/Vessels/Passengership_21_chunk82.wav,Vessels,/content/drive/MyDrive/Underwater Audio Data/data/Vessels/Passengership_21.wav,3.0
/content/drive/MyDrive/Underwater Audio Data/processed/Vessels/Passengership_21_chunk83.wav,Vessels,/content/drive/MyDrive/Underwater Audio Data/data/Vessels/Passengership_21.wav,3.0
/content/drive/MyDrive/Underwater Audio Data/processed/Vessels/Passengership_21_chunk84.wav,Vessels,/content/drive/MyDrive/Underwater Audio Data/data/Vessels/Passengership_21.wav,3.0
/content/drive/MyDrive/Underwater Audio Data/processed/Vessels/Passengership_21_chunk85.wav,Vessels,/content/drive/MyDrive/Underwater Audio Data/data/Vessels/Passengership_21.wav,3.0
/content/drive/MyDrive/Underwater Audio Data/processed/Vessels/Passengership_20_chunk0.wav,Vessels,/content/drive/MyDrive/Underwater Audio Data/data/Vessels/Passengership_20.wav,3.0
/content/drive/MyDrive/Underwater Audio Data/processed/Vessels/Passengership_20_chunk1.wav,Vessels,/content/drive/MyDrive/Underwater Audio Data/data/Vessels/Passengership_20.wav,3.0
/content/drive/MyDrive/Underwater Audio Data/processed/Vessels/Passengership_20_chunk2.wav,Vessels,/content/drive/MyDrive/Underwater Audio Data/data/Vessels/Passengership_20.wav,3.0
/content/drive/MyDrive/Underwater Audio Data/processed/Vessels/Passengership_20_chunk3.wav,Vessels,/content/drive/MyDrive/Underwater Audio Data/data/Vessels/Passengership_20.wav,3.0
/content/drive/MyDrive/Underwater Audio Data/processed/Vessels/Passengership_20_chunk4.wav,Vessels,/content/drive/MyDrive/Underwater Audio Data/data/Vessels/Passengership_20.wav,3.0
/content/drive/MyDrive/Underwater Audio Data/processed/Vessels/Passengership_20_chunk5.wav,Vessels,/content/drive/MyDrive/Underwater Audio Data/data/Vessels/Passengership_20.wav,3.0
/content/drive/MyDrive/Underwater Audio Data/processed/Vessels/Passengership_20_chunk6.wav,Vessels,/content/drive/MyDrive/Underwater Audio Data/data/Vessels/Passengership_20.wav,3.0
/content/drive/MyDrive/Underwater Audio Data/processed/Vessels/Passengership_20_chunk7.wav,Vessels,/content/drive/MyDrive/Underwater Audio Data/data/Vessels/Passengership_20.wav,3.0
/content/drive/MyDrive/Underwater Audio Data/processed/Vessels/Passengership_20_chunk8.wav,Vessels,/content/drive/MyDrive/Underwater Audio Data/data/Vessels/Passengership_20.wav,3.0
/content/drive/MyDrive/Underwater Audio Data/processed/Vessels/Passengership_20_chunk9.wav,Vessels,/content/drive/MyDrive/Underwater Audio Data/data/Vessels/Passengership_20.wav,3.0
/content/drive/MyDrive/Underwater Audio Data/processed/Vessels/Passengership_20_chunk10.wav,Vessels,/content/drive/MyDrive/Underwater Audio Data/data/Vessels/Passengership_20.wav,3.0
/content/drive/MyDrive/Underwater Audio Data/processed/Vessels/Passengership_20_chunk11.wav,Vessels,/content/drive/MyDrive/Underwater Audio Data/data/Vessels/Passengership_20.wav,3.0
/content/drive/MyDrive/Underwater Audio Data/processed/Vessels/Passengership_20_chunk12.wav,Vessels,/content/drive/MyDrive/Underwater Audio Data/data/Vessels/Passengership_20.wav,3.0
/content/drive/MyDrive/Underwater Audio Data/processed/Vessels/Passengership_20_chunk13.wav,Vessels,/content/drive/MyDrive/Underwater Audio Data/data/Vessels/Passengership_20.wav,3.0
/content/drive/MyDrive/Underwater Audio Data/processed/Vessels/Passengership_20_chunk14.wav,Vessels,/content/drive/MyDrive/Underwater Audio Data/data/Vessels/Passengership_20.wav,3.0
/content/drive/MyDrive/Underwater Audio Data/processed/Vessels/Passengership_20_chunk15.wav,Vessels,/content/drive/MyDrive/Underwater Audio Data/data/Vessels/Passengership_20.wav,3.0
/content/drive/MyDrive/Underwater Audio Data/processed/Vessels/Passengership_20_chunk16.wav,Vessels,/content/drive/MyDrive/Underwater Audio Data/data/Vessels/Passengership_20.wav,3.0
/content/drive/MyDrive/Underwater Audio Data/processed/Vessels/Passengership_20_chunk17.wav,Vessels,/content/drive/MyDrive/Underwater Audio Data/data/Vessels/Passengership_20.wav,3.0
/content/drive/MyDrive/Underwater Audio Data/processed/Vessels/Passengership_20_chunk18.wav,Vessels,/content/drive/MyDrive/Underwater Audio Data/data/Vessels/Passengership_20.wav,3.0
/content/drive/MyDrive/Underwater Audio Data/processed/Vessels/Passengership_20_chunk19.wav,Vessels,/content/drive/MyDrive/Underwater Audio Data/data/Vessels/Passengership_20.wav,3.0
/content/drive/MyDrive/Underwater Audio Data/processed/Vessels/Passengership_20_chunk20.wav,Vessels,/content/drive/MyDrive/Underwater Audio Data/data/Vessels/Passengership_20.wav,3.0
/content/drive/MyDrive/Underwater Audio Data/processed/Vessels/Passengership_12_chunk0.wav,Vessels,/content/drive/MyDrive/Underwater Audio Data/data/Vessels/Passengership_12.wav,3.0
/content/drive/MyDrive/Underwater Audio Data/processed/Vessels/Passengership_12_chunk1.wav,Vessels,/content/drive/MyDrive/Underwater Audio Data/data/Vessels/Passengership_12.wav,3.0
/content/drive/MyDrive/Underwater Audio Data/processed/Vessels/Passengership_12_chunk2.wav,Vessels,/content/drive/MyDrive/Underwater Audio Data/data/Vessels/Passengership_12.wav,3.0
/content/drive/MyDrive/Underwater Audio Data/processed/Vessels/Passengership_12_chunk3.wav,Vessels,/content/drive/MyDrive/Underwater Audio Data/data/Vessels/Passengership_12.wav,3.0
/content/drive/MyDrive/Underwater Audio Data/processed/Vessels/Passengership_12_chunk4.wav,Vessels,/content/drive/MyDrive/Underwater Audio Data/data/Vessels/Passengership_12.wav,3.0
/content/drive/MyDrive/Underwater Audio Data/processed/Vessels/Passengership_12_chunk5.wav,Vessels,/content/drive/MyDrive/Underwater Audio Data/data/Vessels/Passengership_12.wav,3.0
/content/drive/MyDrive/Underwater Audio Data/processed/Vessels/Passengership_12_chunk6.wav,Vessels,/content/drive/MyDrive/Underwater Audio Data/data/Vessels/Passengership_12.wav,3.0
/content/drive/MyDrive/Underwater Audio Data/processed/Vessels/Passengership_12_chunk7.wav,Vessels,/content/drive/MyDrive/Underwater Audio Data/data/Vessels/Passengership_12.wav,3.0
/content/drive/MyDrive/Underwater Audio Data/processed/Vessels/Passengership_12_chunk8.wav,Vessels,/content/drive/MyDrive/Underwater Audio Data/data/Vessels/Passengership_12.wav,3.0
/content/drive/MyDrive/Underwater Audio Data/processed/Vessels/Passengership_12_chunk9.wav,Vessels,/content/drive/MyDrive/Underwater Audio Data/data/Vessels/Passengership_12.wav,3.0
/content/drive/MyDrive/Underwater Audio Data/processed/Vessels/Passengership_12_chunk10.wav,Vessels,/content/drive/MyDrive/Underwater Audio Data/data/Vessels/Passengership_12.wav,3.0
/content/drive/MyDrive/Underwater Audio Data/processed/Vessels/Passengership_12_chunk11.wav,Vessels,/content/drive/MyDrive/Underwater Audio Data/data/Vessels/Passengership_12.wav,3.0
/content/drive/MyDrive/Underwater Audio Data/processed/Vessels/Passengership_12_chunk12.wav,Vessels,/content/drive/MyDrive/Underwater Audio Data/data/Vessels/Passengership_12.wav,3.0
/content/drive/MyDrive/Underwater Audio Data/processed/Vessels/Passengership_12_chunk13.wav,Vessels,/content/drive/MyDrive/Underwater Audio Data/data/Vessels/Passengership_12.wav,3.0
/content/drive/MyDrive/Underwater Audio Data/processed/Vessels/Passengership_12_chunk14.wav,Vessels,/content/drive/MyDrive/Underwater Audio Data/data/Vessels/Passengership_12.wav,3.0
/content/drive/MyDrive/Underwater Audio Data/processed/Vessels/Passengership_12_chunk15.wav,Vessels,/content/drive/MyDrive/Underwater Audio Data/data/Vessels/Passengership_12.wav,3.0
/content/drive/MyDrive/Underwater Audio Data/processed/Vessels/Passengership_12_chunk16.wav,Vessels,/content/drive/MyDrive/Underwater Audio Data/data/Vessels/Passengership_12.wav,3.0
/content/drive/MyDrive/Underwater Audio Data/processed/Vessels/Passengership_12_chunk17.wav,Vessels,/content/drive/MyDrive/Underwater Audio Data/data/Vessels/Passengership_12.wav,3.0
/content/drive/MyDrive/Underwater Audio Data/processed/Vessels/Passengership_12_chunk18.wav,Vessels,/content/drive/MyDrive/Underwater Audio Data/data/Vessels/Passengership_12.wav,3.0
/content/drive/MyDrive/Underwater Audio Data/processed/Vessels/Passengership_12_chunk19.wav,Vessels,/content/drive/MyDrive/Underwater Audio Data/data/Vessels/Passengership_12.wav,3.0
/content/drive/MyDrive/Underwater Audio Data/processed/Vessels/Passengership_12_chunk20.wav,Vessels,/content/drive/MyDrive/Underwater Audio Data/data/Vessels/Passengership_12.wav,3.0
/content/drive/MyDrive/Underwater Audio Data/processed/Vessels/Passengership_12_chunk21.wav,Vessels,/content/drive/MyDrive/Underwater Audio Data/data/Vessels/Passengership_12.wav,3.0
/content/drive/MyDrive/Underwater Audio Data/processed/Vessels/Passengership_12_chunk22.wav,Vessels,/content/drive/MyDrive/Underwater Audio Data/data/Vessels/Passengership_12.wav,3.0
/content/drive/MyDrive/Underwater Audio Data/processed/Vessels/Passengership_11_chunk0.wav,Vessels,/content/drive/MyDrive/Underwater Audio Data/data/Vessels/Passengership_11.wav,3.0
/content/drive/MyDrive/Underwater Audio Data/processed/Vessels/Passengership_11_chunk1.wav,Vessels,/content/drive/MyDrive/Underwater Audio Data/data/Vessels/Passengership_11.wav,3.0
/content/drive/MyDrive/Underwater Audio Data/processed/Vessels/Passengership_11_chunk2.wav,Vessels,/content/drive/MyDrive/Underwater Audio Data/data/Vessels/Passengership_11.wav,3.0
/content/drive/MyDrive/Underwater Audio Data/processed/Vessels/Passengership_10_chunk0.wav,Vessels,/content/drive/MyDrive/Underwater Audio Data/data/Vessels/Passengership_10.wav,3.0
/content/drive/MyDrive/Underwater Audio Data/processed/Vessels/Passengership_10_chunk1.wav,Vessels,/content/drive/MyDrive/Underwater Audio Data/data/Vessels/Passengership_10.wav,3.0
/content/drive/MyDrive/Underwater Audio Data/processed/Vessels/Passengership_10_chunk2.wav,Vessels,/content/drive/MyDrive/Underwater Audio Data/data/Vessels/Passengership_10.wav,3.0
/content/drive/MyDrive/Underwater Audio Data/processed/Vessels/Passengership_9_chunk0.wav,Vessels,/content/drive/MyDrive/Underwater Audio Data/data/Vessels/Passengership_9.wav,3.0
/content/drive/MyDrive/Underwater Audio Data/processed/Vessels/Passengership_9_chunk1.wav,Vessels,/content/drive/MyDrive/Underwater Audio Data/data/Vessels/Passengership_9.wav,3.0
/content/drive/MyDrive/Underwater Audio Data/processed/Vessels/Passengership_9_chunk2.wav,Vessels,/content/drive/MyDrive/Underwater Audio Data/data/Vessels/Passengership_9.wav,3.0
/content/drive/MyDrive/Underwater Audio Data/processed/Vessels/Passengership_9_chunk3.wav,Vessels,/content/drive/MyDrive/Underwater Audio Data/data/Vessels/Passengership_9.wav,3.0
/content/drive/MyDrive/Underwater Audio Data/processed/Vessels/Passengership_9_chunk4.wav,Vessels,/content/drive/MyDrive/Underwater Audio Data/data/Vessels/Passengership_9.wav,3.0
/content/drive/MyDrive/Underwater Audio Data/processed/Vessels/Passengership_9_chunk5.wav,Vessels,/content/drive/MyDrive/Underwater Audio Data/data/Vessels/Passengership_9.wav,3.0
/content/drive/MyDrive/Underwater Audio Data/processed/Vessels/Passengership_9_chunk6.wav,Vessels,/content/drive/MyDrive/Underwater Audio Data/data/Vessels/Passengership_9.wav,3.0
/content/drive/MyDrive/Underwater Audio Data/processed/Vessels/Passengership_9_chunk7.wav,Vessels,/content/drive/MyDrive/Underwater Audio Data/data/Vessels/Passengership_9.wav,3.0
/content/drive/MyDrive/Underwater Audio Data/processed/Vessels/Passengership_9_chunk8.wav,Vessels,/content/drive/MyDrive/Underwater Audio Data/data/Vessels/Passengership_9.wav,3.0
/content/drive/MyDrive/Underwater Audio Data/processed/Vessels/Passengership_9_chunk9.wav,Vessels,/content/drive/MyDrive/Underwater Audio Data/data/Vessels/Passengership_9.wav,3.0
/content/drive/MyDrive/Underwater Audio Data/processed/Vessels/Passengership_8_chunk0.wav,Vessels,/content/drive/MyDrive/Underwater Audio Data/data/Vessels/Passengership_8.wav,3.0
/content/drive/MyDrive/Underwater Audio Data/processed/Vessels/Passengership_8_chunk1.wav,Vessels,/content/drive/MyDrive/Underwater Audio Data/data/Vessels/Passengership_8.wav,3.0
/content/drive/MyDrive/Underwater Audio Data/processed/Vessels/Passengership_8_chunk2.wav,Vessels,/content/drive/MyDrive/Underwater Audio Data/data/Vessels/Passengership_8.wav,3.0
/content/drive/MyDrive/Underwater Audio Data/processed/Vessels/Passengership_8_chunk3.wav,Vessels,/content/drive/MyDrive/Underwater Audio Data/data/Vessels/Passengership_8.wav,3.0
/content/drive/MyDrive/Underwater Audio Data/processed/Vessels/Passengership_8_chunk4.wav,Vessels,/content/drive/MyDrive/Underwater Audio Data/data/Vessels/Passengership_8.wav,3.0
/content/drive/MyDrive/Underwater Audio Data/processed/Vessels/Passengership_8_chunk5.wav,Vessels,/content/drive/MyDrive/Underwater Audio Data/data/Vessels/Passengership_8.wav,3.0
/content/drive/MyDrive/Underwater Audio Data/processed/Vessels/Passengership_8_chunk6.wav,Vessels,/content/drive/MyDrive/Underwater Audio Data/data/Vessels/Passengership_8.wav,3.0
/content/drive/MyDrive/Underwater Audio Data/processed/Vessels/Passengership_8_chunk7.wav,Vessels,/content/drive/MyDrive/Underwater Audio Data/data/Vessels/Passengership_8.wav,3.0
/content/drive/MyDrive/Underwater Audio Data/processed/Vessels/Passengership_8_chunk8.wav,Vessels,/content/drive/MyDrive/Underwater Audio Data/data/Vessels/Passengership_8.wav,3.0
/content/drive/MyDrive/Underwater Audio Data/processed/Vessels/Passengership_8_chunk9.wav,Vessels,/content/drive/MyDrive/Underwater Audio Data/data/Vessels/Passengership_8.wav,3.0
/content/drive/MyDrive/Underwater Audio Data/processed/Vessels/Passengership_8_chunk10.wav,Vessels,/content/drive/MyDrive/Underwater Audio Data/data/Vessels/Passengership_8.wav,3.0
/content/drive/MyDrive/Underwater Audio Data/processed/Vessels/Passengership_8_chunk11.wav,Vessels,/content/drive/MyDrive/Underwater Audio Data/data/Vessels/Passengership_8.wav,3.0
/content/drive/MyDrive/Underwater Audio Data/processed/Vessels/Passengership_8_chunk12.wav,Vessels,/content/drive/MyDrive/Underwater Audio Data/data/Vessels/Passengership_8.wav,3.0
/content/drive/MyDrive/Underwater Audio Data/processed/Vessels/Passengership_8_chunk13.wav,Vessels,/content/drive/MyDrive/Underwater Audio Data/data/Vessels/Passengership_8.wav,3.0
/content/drive/MyDrive/Underwater Audio Data/processed/Vessels/Passengership_8_chunk14.wav,Vessels,/content/drive/MyDrive/Underwater Audio Data/data/Vessels/Passengership_8.wav,3.0
/content/drive/MyDrive/Underwater Audio Data/processed/Vessels/Passengership_8_chunk15.wav,Vessels,/content/drive/MyDrive/Underwater Audio Data/data/Vessels/Passengership_8.wav,3.0
/content/drive/MyDrive/Underwater Audio Data/processed/Vessels/Passengership_8_chunk16.wav,Vessels,/content/drive/MyDrive/Underwater Audio Data/data/Vessels/Passengership_8.wav,3.0
/content/drive/MyDrive/Underwater Audio Data/processed/Vessels/Passengership_8_chunk17.wav,Vessels,/content/drive/MyDrive/Underwater Audio Data/data/Vessels/Passengership_8.wav,3.0
/content/drive/MyDrive/Underwater Audio Data/processed/Vessels/Passengership_8_chunk18.wav,Vessels,/content/drive/MyDrive/Underwater Audio Data/data/Vessels/Passengership_8.wav,3.0
/content/drive/MyDrive/Underwater Audio Data/processed/Vessels/Passengership_8_chunk19.wav,Vessels,/content/drive/MyDrive/Underwater Audio Data/data/Vessels/Passengership_8.wav,3.0
/content/drive/MyDrive/Underwater Audio Data/processed/Vessels/Passengership_8_chunk20.wav,Vessels,/content/drive/MyDrive/Underwater Audio Data/data/Vessels/Passengership_8.wav,3.0
/content/drive/MyDrive/Underwater Audio Data/processed/Vessels/Passengership_8_chunk21.wav,Vessels,/content/drive/MyDrive/Underwater Audio Data/data/Vessels/Passengership_8.wav,3.0
/content/drive/MyDrive/Underwater Audio Data/processed/Vessels/Passengership_8_chunk22.wav,Vessels,/content/drive/MyDrive/Underwater Audio Data/data/Vessels/Passengership_8.wav,3.0
/content/drive/MyDrive/Underwater Audio Data/processed/Vessels/Passengership_8_chunk23.wav,Vessels,/content/drive/MyDrive/Underwater Audio Data/data/Vessels/Passengership_8.wav,3.0
/content/drive/MyDrive/Underwater Audio Data/processed/Vessels/Passengership_8_chunk24.wav,Vessels,/content/drive/MyDrive/Underwater Audio Data/data/Vessels/Passengership_8.wav,3.0
/content/drive/MyDrive/Underwater Audio Data/processed/Vessels/Passengership_8_chunk25.wav,Vessels,/content/drive/MyDrive/Underwater Audio Data/data/Vessels/Passengership_8.wav,3.0
/content/drive/MyDrive/Underwater Audio Data/processed/Vessels/Passengership_8_chunk26.wav,Vessels,/content/drive/MyDrive/Underwater Audio Data/data/Vessels/Passengership_8.wav,3.0
/content/drive/MyDrive/Underwater Audio Data/processed/Vessels/Passengership_8_chunk27.wav,Vessels,/content/drive/MyDrive/Underwater Audio Data/data/Vessels/Passengership_8.wav,3.0
/content/drive/MyDrive/Underwater Audio Data/processed/Vessels/Passengership_8_chunk28.wav,Vessels,/content/drive/MyDrive/Underwater Audio Data/data/Vessels/Passengership_8.wav,3.0
/content/drive/MyDrive/Underwater Audio Data/processed/Vessels/Passengership_8_chunk29.wav,Vessels,/content/drive/MyDrive/Underwater Audio Data/data/Vessels/Passengership_8.wav,3.0
/content/drive/MyDrive/Underwater Audio Data/processed/Vessels/Passengership_8_chunk30.wav,Vessels,/content/drive/MyDrive/Underwater Audio Data/data/Vessels/Passengership_8.wav,3.0
/content/drive/MyDrive/Underwater Audio Data/processed/Vessels/Passengership_8_chunk31.wav,Vessels,/content/drive/MyDrive/Underwater Audio Data/data/Vessels/Passengership_8.wav,3.0
/content/drive/MyDrive/Underwater Audio Data/processed/Vessels/Passengership_8_chunk32.wav,Vessels,/content/drive/MyDrive/Underwater Audio Data/data/Vessels/Passengership_8.wav,3.0
/content/drive/MyDrive/Underwater Audio Data/processed/Vessels/Passengership_8_chunk33.wav,Vessels,/content/drive/MyDrive/Underwater Audio Data/data/Vessels/Passengership_8.wav,3.0
/content/drive/MyDrive/Underwater Audio Data/processed/Vessels/Passengership_8_chunk34.wav,Vessels,/content/drive/MyDrive/Underwater Audio Data/data/Vessels/Passengership_8.wav,3.0
/content/drive/MyDrive/Underwater Audio Data/processed/Vessels/Passengership_7_chunk0.wav,Vessels,/content/drive/MyDrive/Underwater Audio Data/data/Vessels/Passengership_7.wav,3.0
/content/drive/MyDrive/Underwater Audio Data/processed/Vessels/Passengership_7_chunk1.wav,Vessels,/content/drive/MyDrive/Underwater Audio Data/data/Vessels/Passengership_7.wav,3.0
/content/drive/MyDrive/Underwater Audio Data/processed/Vessels/Passengership_7_chunk2.wav,Vessels,/content/drive/MyDrive/Underwater Audio Data/data/Vessels/Passengership_7.wav,3.0
/content/drive/MyDrive/Underwater Audio Data/processed/Vessels/Passengership_7_chunk3.wav,Vessels,/content/drive/MyDrive/Underwater Audio Data/data/Vessels/Passengership_7.wav,3.0
/content/drive/MyDrive/Underwater Audio Data/processed/Vessels/Passengership_7_chunk4.wav,Vessels,/content/drive/MyDrive/Underwater Audio Data/data/Vessels/Passengership_7.wav,3.0
/content/drive/MyDrive/Underwater Audio Data/processed/Vessels/Passengership_7_chunk5.wav,Vessels,/content/drive/MyDrive/Underwater Audio Data/data/Vessels/Passengership_7.wav,3.0
/content/drive/MyDrive/Underwater Audio Data/processed/Vessels/Passengership_7_chunk6.wav,Vessels,/content/drive/MyDrive/Underwater Audio Data/data/Vessels/Passengership_7.wav,3.0
/content/drive/MyDrive/Underwater Audio Data/processed/Vessels/Passengership_7_chunk7.wav,Vessels,/content/drive/MyDrive/Underwater Audio Data/data/Vessels/Passengership_7.wav,3.0
/content/drive/MyDrive/Underwater Audio Data/processed/Vessels/Passengership_7_chunk8.wav,Vessels,/content/drive/MyDrive/Underwater Audio Data/data/Vessels/Passengership_7.wav,3.0
/content/drive/MyDrive/Underwater Audio Data/processed/Vessels/Passengership_7_chunk9.wav,Vessels,/content/drive/MyDrive/Underwater Audio Data/data/Vessels/Passengership_7.wav,3.0
/content/drive/MyDrive/Underwater Audio Data/processed/Vessels/Passengership_7_chunk10.wav,Vessels,/content/drive/MyDrive/Underwater Audio Data/data/Vessels/Passengership_7.wav,3.0
/content/drive/MyDrive/Underwater Audio Data/processed/Vessels/Passengership_7_chunk11.wav,Vessels,/content/drive/MyDrive/Underwater Audio Data/data/Vessels/Passengership_7.wav,3.0
/content/drive/MyDrive/Underwater Audio Data/processed/Vessels/Passengership_7_chunk12.wav,Vessels,/content/drive/MyDrive/Underwater Audio Data/data/Vessels/Passengership_7.wav,3.0
/content/drive/MyDrive/Underwater Audio Data/processed/Vessels/Passengership_7_chunk13.wav,Vessels,/content/drive/MyDrive/Underwater Audio Data/data/Vessels/Passengership_7.wav,3.0
/content/drive/MyDrive/Underwater Audio Data/processed/Vessels/Passengership_7_chunk14.wav,Vessels,/content/drive/MyDrive/Underwater Audio Data/data/Vessels/Passengership_7.wav,3.0
/content/drive/MyDrive/Underwater Audio Data/processed/Vessels/Passengership_7_chunk15.wav,Vessels,/content/drive/MyDrive/Underwater Audio Data/data/Vessels/Passengership_7.wav,3.0
/content/drive/MyDrive/Underwater Audio Data/processed/Vessels/Passengership_7_chunk16.wav,Vessels,/content/drive/MyDrive/Underwater Audio Data/data/Vessels/Passengership_7.wav,3.0
/content/drive/MyDrive/Underwater Audio Data/processed/Vessels/Passengership_7_chunk17.wav,Vessels,/content/drive/MyDrive/Underwater Audio Data/data/Vessels/Passengership_7.wav,3.0
/content/drive/MyDrive/Underwater Audio Data/processed/Vessels/Passengership_7_chunk18.wav,Vessels,/content/drive/MyDrive/Underwater Audio Data/data/Vessels/Passengership_7.wav,3.0
/content/drive/MyDrive/Underwater Audio Data/processed/Vessels/Passengership_7_chunk19.wav,Vessels,/content/drive/MyDrive/Underwater Audio Data/data/Vessels/Passengership_7.wav,3.0
/content/drive/MyDrive/Underwater Audio Data/processed/Vessels/Passengership_7_chunk20.wav,Vessels,/content/drive/MyDrive/Underwater Audio Data/data/Vessels/Passengership_7.wav,3.0
/content/drive/MyDrive/Underwater Audio Data/processed/Vessels/Passengership_7_chunk21.wav,Vessels,/content/drive/MyDrive/Underwater Audio Data/data/Vessels/Passengership_7.wav,3.0
/content/drive/MyDrive/Underwater Audio Data/processed/Vessels/Passengership_7_chunk22.wav,Vessels,/content/drive/MyDrive/Underwater Audio Data/data/Vessels/Passengership_7.wav,3.0
/content/drive/MyDrive/Underwater Audio Data/processed/Vessels/Passengership_7_chunk23.wav,Vessels,/content/drive/MyDrive/Underwater Audio Data/data/Vessels/Passengership_7.wav,3.0
/content/drive/MyDrive/Underwater Audio Data/processed/Vessels/Passengership_7_chunk24.wav,Vessels,/content/drive/MyDrive/Underwater Audio Data/data/Vessels/Passengership_7.wav,3.0
/content/drive/MyDrive/Underwater Audio Data/processed/Vessels/Passengership_7_chunk25.wav,Vessels,/content/drive/MyDrive/Underwater Audio Data/data/Vessels/Passengership_7.wav,3.0
/content/drive/MyDrive/Underwater Audio Data/processed/Vessels/Passengership_7_chunk26.wav,Vessels,/content/drive/MyDrive/Underwater Audio Data/data/Vessels/Passengership_7.wav,3.0
/content/drive/MyDrive/Underwater Audio Data/processed/Vessels/Passengership_7_chunk27.wav,Vessels,/content/drive/MyDrive/Underwater Audio Data/data/Vessels/Passengership_7.wav,3.0
/content/drive/MyDrive/Underwater Audio Data/processed/Vessels/Passengership_7_chunk28.wav,Vessels,/content/drive/MyDrive/Underwater Audio Data/data/Vessels/Passengership_7.wav,3.0
/content/drive/MyDrive/Underwater Audio Data/processed/Vessels/Passengership_7_chunk29.wav,Vessels,/content/drive/MyDrive/Underwater Audio Data/data/Vessels/Passengership_7.wav,3.0
/content/drive/MyDrive/Underwater Audio Data/processed/Vessels/Passengership_7_chunk30.wav,Vessels,/content/drive/MyDrive/Underwater Audio Data/data/Vessels/Passengership_7.wav,3.0
/content/drive/MyDrive/Underwater Audio Data/processed/Vessels/Passengership_7_chunk31.wav,Vessels,/content/drive/MyDrive/Underwater Audio Data/data/Vessels/Passengership_7.wav,3.0
/content/drive/MyDrive/Underwater Audio Data/processed/Vessels/Passengership_7_chunk32.wav,Vessels,/content/drive/MyDrive/Underwater Audio Data/data/Vessels/Passengership_7.wav,3.0
/content/drive/MyDrive/Underwater Audio Data/processed/Vessels/Passengership_7_chunk33.wav,Vessels,/content/drive/MyDrive/Underwater Audio Data/data/Vessels/Passengership_7.wav,3.0
/content/drive/MyDrive/Underwater Audio Data/processed/Vessels/Passengership_7_chunk34.wav,Vessels,/content/drive/MyDrive/Underwater Audio Data/data/Vessels/Passengership_7.wav,3.0
/content/drive/MyDrive/Underwater Audio Data/processed/Vessels/Passengership_7_chunk35.wav,Vessels,/content/drive/MyDrive/Underwater Audio Data/data/Vessels/Passengership_7.wav,3.0
/content/drive/MyDrive/Underwater Audio Data/processed/Vessels/Passengership_7_chunk36.wav,Vessels,/content/drive/MyDrive/Underwater Audio Data/data/Vessels/Passengership_7.wav,3.0
/content/drive/MyDrive/Underwater Audio Data/processed/Vessels/Passengership_7_chunk37.wav,Vessels,/content/drive/MyDrive/Underwater Audio Data/data/Vessels/Passengership_7.wav,3.0
/content/drive/MyDrive/Underwater Audio Data/processed/Vessels/Passengership_7_chunk38.wav,Vessels,/content/drive/MyDrive/Underwater Audio Data/data/Vessels/Passengership_7.wav,3.0
/content/drive/MyDrive/Underwater Audio Data/processed/Vessels/Passengership_7_chunk39.wav,Vessels,/content/drive/MyDrive/Underwater Audio Data/data/Vessels/Passengership_7.wav,3.0
/content/drive/MyDrive/Underwater Audio Data/processed/Vessels/Passengership_7_chunk40.wav,Vessels,/content/drive/MyDrive/Underwater Audio Data/data/Vessels/Passengership_7.wav,3.0
/content/drive/MyDrive/Underwater Audio Data/processed/Vessels/Passengership_7_chunk41.wav,Vessels,/content/drive/MyDrive/Underwater Audio Data/data/Vessels/Passengership_7.wav,3.0
/content/drive/MyDrive/Underwater Audio Data/processed/Vessels/Passengership_7_chunk42.wav,Vessels,/content/drive/MyDrive/Underwater Audio Data/data/Vessels/Passengership_7.wav,3.0
/content/drive/MyDrive/Underwater Audio Data/processed/Vessels/Passengership_7_chunk43.wav,Vessels,/content/drive/MyDrive/Underwater Audio Data/data/Vessels/Passengership_7.wav,3.0
/content/drive/MyDrive/Underwater Audio Data/processed/Vessels/Passengership_7_chunk44.wav,Vessels,/content/drive/MyDrive/Underwater Audio Data/data/Vessels/Passengership_7.wav,3.0
/content/drive/MyDrive/Underwater Audio Data/processed/Vessels/Passengership_7_chunk45.wav,Vessels,/content/drive/MyDrive/Underwater Audio Data/data/Vessels/Passengership_7.wav,3.0
/content/drive/MyDrive/Underwater Audio Data/processed/Vessels/Passengership_7_chunk46.wav,Vessels,/content/drive/MyDrive/Underwater Audio Data/data/Vessels/Passengership_7.wav,3.0
/content/drive/MyDrive/Underwater Audio Data/processed/Vessels/Passengership_7_chunk47.wav,Vessels,/content/drive/MyDrive/Underwater Audio Data/data/Vessels/Passengership_7.wav,3.0
/content/drive/MyDrive/Underwater Audio Data/processed/Vessels/Passengership_7_chunk48.wav,Vessels,/content/drive/MyDrive/Underwater Audio Data/data/Vessels/Passengership_7.wav,3.0
/content/drive/MyDrive/Underwater Audio Data/processed/Vessels/Passengership_7_chunk49.wav,Vessels,/content/drive/MyDrive/Underwater Audio Data/data/Vessels/Passengership_7.wav,3.0
/content/drive/MyDrive/Underwater Audio Data/processed/Vessels/Passengership_7_chunk50.wav,Vessels,/content/drive/MyDrive/Underwater Audio Data/data/Vessels/Passengership_7.wav,3.0
/content/drive/MyDrive/Underwater Audio Data/processed/Vessels/Passengership_7_chunk51.wav,Vessels,/content/drive/MyDrive/Underwater Audio Data/data/Vessels/Passengership_7.wav,3.0
/content/drive/MyDrive/Underwater Audio Data/processed/Vessels/Passengership_7_chunk52.wav,Vessels,/content/drive/MyDrive/Underwater Audio Data/data/Vessels/Passengership_7.wav,3.0
/content/drive/MyDrive/Underwater Audio Data/processed/Vessels/Passengership_7_chunk53.wav,Vessels,/content/drive/MyDrive/Underwater Audio Data/data/Vessels/Passengership_7.wav,3.0
/content/drive/MyDrive/Underwater Audio Data/processed/Vessels/Passengership_7_chunk54.wav,Vessels,/content/drive/MyDrive/Underwater Audio Data/data/Vessels/Passengership_7.wav,3.0
/content/drive/MyDrive/Underwater Audio Data/processed/Vessels/Passengership_7_chunk55.wav,Vessels,/content/drive/MyDrive/Underwater Audio Data/data/Vessels/Passengership_7.wav,3.0
/content/drive/MyDrive/Underwater Audio Data/processed/Vessels/Passengership_7_chunk56.wav,Vessels,/content/drive/MyDrive/Underwater Audio Data/data/Vessels/Passengership_7.wav,3.0
/content/drive/MyDrive/Underwater Audio Data/processed/Vessels/Passengership_7_chunk57.wav,Vessels,/content/drive/MyDrive/Underwater Audio Data/data/Vessels/Passengership_7.wav,3.0
/content/drive/MyDrive/Underwater Audio Data/processed/Vessels/Passengership_7_chunk58.wav,Vessels,/content/drive/MyDrive/Underwater Audio Data/data/Vessels/Passengership_7.wav,3.0
/content/drive/MyDrive/Underwater Audio Data/processed/Vessels/Passengership_7_chunk59.wav,Vessels,/content/drive/MyDrive/Underwater Audio Data/data/Vessels/Passengership_7.wav,3.0
/content/drive/MyDrive/Underwater Audio Data/processed/Vessels/Passengership_7_chunk60.wav,Vessels,/content/drive/MyDrive/Underwater Audio Data/data/Vessels/Passengership_7.wav,3.0
/content/drive/MyDrive/Underwater Audio Data/processed/Vessels/Passengership_7_chunk61.wav,Vessels,/content/drive/MyDrive/Underwater Audio Data/data/Vessels/Passengership_7.wav,3.0
/content/drive/MyDrive/Underwater Audio Data/processed/Vessels/Passengership_7_chunk62.wav,Vessels,/content/drive/MyDrive/Underwater Audio Data/data/Vessels/Passengership_7.wav,3.0
/content/drive/MyDrive/Underwater Audio Data/processed/Vessels/Passengership_7_chunk63.wav,Vessels,/content/drive/MyDrive/Underwater Audio Data/data/Vessels/Passengership_7.wav,3.0
/content/drive/MyDrive/Underwater Audio Data/processed/Vessels/Passengership_7_chunk64.wav,Vessels,/content/drive/MyDrive/Underwater Audio Data/data/Vessels/Passengership_7.wav,3.0
/content/drive/MyDrive/Underwater Audio Data/processed/Vessels/Passengership_7_chunk65.wav,Vessels,/content/drive/MyDrive/Underwater Audio Data/data/Vessels/Passengership_7.wav,3.0
/content/drive/MyDrive/Underwater Audio Data/processed/Vessels/Passengership_7_chunk66.wav,Vessels,/content/drive/MyDrive/Underwater Audio Data/data/Vessels/Passengership_7.wav,3.0
/content/drive/MyDrive/Underwater Audio Data/processed/Vessels/Passengership_7_chunk67.wav,Vessels,/content/drive/MyDrive/Underwater Audio Data/data/Vessels/Passengership_7.wav,3.0
/content/drive/MyDrive/Underwater Audio Data/processed/Vessels/Passengership_7_chunk68.wav,Vessels,/content/drive/MyDrive/Underwater Audio Data/data/Vessels/Passengership_7.wav,3.0
/content/drive/MyDrive/Underwater Audio Data/processed/Vessels/Passengership_7_chunk69.wav,Vessels,/content/drive/MyDrive/Underwater Audio Data/data/Vessels/Passengership_7.wav,3.0
/content/drive/MyDrive/Underwater Audio Data/processed/Vessels/Passengership_7_chunk70.wav,Vessels,/content/drive/MyDrive/Underwater Audio Data/data/Vessels/Passengership_7.wav,3.0
/content/drive/MyDrive/Underwater Audio Data/processed/Vessels/Passengership_7_chunk71.wav,Vessels,/content/drive/MyDrive/Underwater Audio Data/data/Vessels/Passengership_7.wav,3.0
/content/drive/MyDrive/Underwater Audio Data/processed/Vessels/Passengership_7_chunk72.wav,Vessels,/content/drive/MyDrive/Underwater Audio Data/data/Vessels/Passengership_7.wav,3.0
/content/drive/MyDrive/Underwater Audio Data/processed/Vessels/Passengership_7_chunk73.wav,Vessels,/content/drive/MyDrive/Underwater Audio Data/data/Vessels/Passengership_7.wav,3.0
/content/drive/MyDrive/Underwater Audio Data/processed/Vessels/Passengership_19_chunk0.wav,Vessels,/content/drive/MyDrive/Underwater Audio Data/data/Vessels/Passengership_19.wav,3.0
/content/drive/MyDrive/Underwater Audio Data/processed/Vessels/Passengership_19_chunk1.wav,Vessels,/content/drive/MyDrive/Underwater Audio Data/data/Vessels/Passengership_19.wav,3.0
/content/drive/MyDrive/Underwater Audio Data/processed/Vessels/Passengership_19_chunk2.wav,Vessels,/content/drive/MyDrive/Underwater Audio Data/data/Vessels/Passengership_19.wav,3.0
/content/drive/MyDrive/Underwater Audio Data/processed/Vessels/Passengership_19_chunk3.wav,Vessels,/content/drive/MyDrive/Underwater Audio Data/data/Vessels/Passengership_19.wav,3.0
/content/drive/MyDrive/Underwater Audio Data/processed/Vessels/Passengership_19_chunk4.wav,Vessels,/content/drive/MyDrive/Underwater Audio Data/data/Vessels/Passengership_19.wav,3.0
/content/drive/MyDrive/Underwater Audio Data/processed/Vessels/Passengership_19_chunk5.wav,Vessels,/content/drive/MyDrive/Underwater Audio Data/data/Vessels/Passengership_19.wav,3.0
/content/drive/MyDrive/Underwater Audio Data/processed/Vessels/Passengership_19_chunk6.wav,Vessels,/content/drive/MyDrive/Underwater Audio Data/data/Vessels/Passengership_19.wav,3.0
/content/drive/MyDrive/Underwater Audio Data/processed/Vessels/Passengership_19_chunk7.wav,Vessels,/content/drive/MyDrive/Underwater Audio Data/data/Vessels/Passengership_19.wav,3.0
/content/drive/MyDrive/Underwater Audio Data/processed/Vessels/Passengership_19_chunk8.wav,Vessels,/content/drive/MyDrive/Underwater Audio Data/data/Vessels/Passengership_19.wav,3.0
/content/drive/MyDrive/Underwater Audio Data/processed/Vessels/Passengership_19_chunk9.wav,Vessels,/content/drive/MyDrive/Underwater Audio Data/data/Vessels/Passengership_19.wav,3.0
/content/drive/MyDrive/Underwater Audio Data/processed/Vessels/Passengership_19_chunk10.wav,Vessels,/content/drive/MyDrive/Underwater Audio Data/data/Vessels/Passengership_19.wav,3.0
/content/drive/MyDrive/Underwater Audio Data/processed/Vessels/Passengership_19_chunk11.wav,Vessels,/content/drive/MyDrive/Underwater Audio Data/data/Vessels/Passengership_19.wav,3.0
/content/drive/MyDrive/Underwater Audio Data/processed/Vessels/Passengership_19_chunk12.wav,Vessels,/content/drive/MyDrive/Underwater Audio Data/data/Vessels/Passengership_19.wav,3.0
/content/drive/MyDrive/Underwater Audio Data/processed/Vessels/Passengership_19_chunk13.wav,Vessels,/content/drive/MyDrive/Underwater Audio Data/data/Vessels/Passengership_19.wav,3.0
/content/drive/MyDrive/Underwater Audio Data/processed/Vessels/Passengership_19_chunk14.wav,Vessels,/content/drive/MyDrive/Underwater Audio Data/data/Vessels/Passengership_19.wav,3.0
/content/drive/MyDrive/Underwater Audio Data/processed/Vessels/Passengership_19_chunk15.wav,Vessels,/content/drive/MyDrive/Underwater Audio Data/data/Vessels/Passengership_19.wav,3.0
/content/drive/MyDrive/Underwater Audio Data/processed/Vessels/Passengership_19_chunk16.wav,Vessels,/content/drive/MyDrive/Underwater Audio Data/data/Vessels/Passengership_19.wav,3.0
/content/drive/MyDrive/Underwater Audio Data/processed/Vessels/Passengership_19_chunk17.wav,Vessels,/content/drive/MyDrive/Underwater Audio Data/data/Vessels/Passengership_19.wav,3.0
/content/drive/MyDrive/Underwater Audio Data/processed/Vessels/Passengership_19_chunk18.wav,Vessels,/content/drive/MyDrive/Underwater Audio Data/data/Vessels/Passengership_19.wav,3.0
/content/drive/MyDrive/Underwater Audio Data/processed/Vessels/Passengership_19_chunk19.wav,Vessels,/content/drive/MyDrive/Underwater Audio Data/data/Vessels/Passengership_19.wav,3.0
/content/drive/MyDrive/Underwater Audio Data/processed/Vessels/Passengership_19_chunk20.wav,Vessels,/content/drive/MyDrive/Underwater Audio Data/data/Vessels/Passengership_19.wav,3.0
/content/drive/MyDrive/Underwater Audio Data/processed/Vessels/Passengership_19_chunk21.wav,Vessels,/content/drive/MyDrive/Underwater Audio Data/data/Vessels/Passengership_19.wav,3.0
/content/drive/MyDrive/Underwater Audio Data/processed/Vessels/Passengership_19_chunk22.wav,Vessels,/content/drive/MyDrive/Underwater Audio Data/data/Vessels/Passengership_19.wav,3.0
/content/drive/MyDrive/Underwater Audio Data/processed/Vessels/Passengership_19_chunk23.wav,Vessels,/content/drive/MyDrive/Underwater Audio Data/data/Vessels/Passengership_19.wav,3.0
/content/drive/MyDrive/Underwater Audio Data/processed/Vessels/Passengership_19_chunk24.wav,Vessels,/content/drive/MyDrive/Underwater Audio Data/data/Vessels/Passengership_19.wav,3.0
/content/drive/MyDrive/Underwater Audio Data/processed/Vessels/Passengership_19_chunk25.wav,Vessels,/content/drive/MyDrive/Underwater Audio Data/data/Vessels/Passengership_19.wav,3.0
/content/drive/MyDrive/Underwater Audio Data/processed/Vessels/Passengership_19_chunk26.wav,Vessels,/content/drive/MyDrive/Underwater Audio Data/data/Vessels/Passengership_19.wav,3.0
/content/drive/MyDrive/Underwater Audio Data/processed/Vessels/Passengership_19_chunk27.wav,Vessels,/content/drive/MyDrive/Underwater Audio Data/data/Vessels/Passengership_19.wav,3.0
/content/drive/MyDrive/Underwater Audio Data/processed/Vessels/Passengership_19_chunk28.wav,Vessels,/content/drive/MyDrive/Underwater Audio Data/data/Vessels/Passengership_19.wav,3.0
/content/drive/MyDrive/Underwater Audio Data/processed/Vessels/Passengership_19_chunk29.wav,Vessels,/content/drive/MyDrive/Underwater Audio Data/data/Vessels/Passengership_19.wav,3.0
/content/drive/MyDrive/Underwater Audio Data/processed/Vessels/Passengership_19_chunk30.wav,Vessels,/content/drive/MyDrive/Underwater Audio Data/data/Vessels/Passengership_19.wav,3.0
/content/drive/MyDrive/Underwater Audio Data/processed/Vessels/Passengership_19_chunk31.wav,Vessels,/content/drive/MyDrive/Underwater Audio Data/data/Vessels/Passengership_19.wav,3.0
/content/drive/MyDrive/Underwater Audio Data/processed/Vessels/Passengership_19_chunk32.wav,Vessels,/content/drive/MyDrive/Underwater Audio Data/data/Vessels/Passengership_19.wav,3.0
/content/drive/MyDrive/Underwater Audio Data/processed/Vessels/Passengership_19_chunk33.wav,Vessels,/content/drive/MyDrive/Underwater Audio Data/data/Vessels/Passengership_19.wav,3.0
/content/drive/MyDrive/Underwater Audio Data/processed/Vessels/Passengership_19_chunk34.wav,Vessels,/content/drive/MyDrive/Underwater Audio Data/data/Vessels/Passengership_19.wav,3.0
/content/drive/MyDrive/Underwater Audio Data/processed/Vessels/Passengership_19_chunk35.wav,Vessels,/content/drive/MyDrive/Underwater Audio Data/data/Vessels/Passengership_19.wav,3.0
/content/drive/MyDrive/Underwater Audio Data/processed/Vessels/Passengership_19_chunk36.wav,Vessels,/content/drive/MyDrive/Underwater Audio Data/data/Vessels/Passengership_19.wav,3.0
/content/drive/MyDrive/Underwater Audio Data/processed/Vessels/Passengership_19_chunk37.wav,Vessels,/content/drive/MyDrive/Underwater Audio Data/data/Vessels/Passengership_19.wav,3.0
/content/drive/MyDrive/Underwater Audio Data/processed/Vessels/Passengership_19_chunk38.wav,Vessels,/content/drive/MyDrive/Underwater Audio Data/data/Vessels/Passengership_19.wav,3.0
/content/drive/MyDrive/Underwater Audio Data/processed/Vessels/Passengership_19_chunk39.wav,Vessels,/content/drive/MyDrive/Underwater Audio Data/data/Vessels/Passengership_19.wav,3.0
/content/drive/MyDrive/Underwater Audio Data/processed/Vessels/Passengership_19_chunk40.wav,Vessels,/content/drive/MyDrive/Underwater Audio Data/data/Vessels/Passengership_19.wav,3.0
/content/drive/MyDrive/Underwater Audio Data/processed/Vessels/Passengership_19_chunk41.wav,Vessels,/content/drive/MyDrive/Underwater Audio Data/data/Vessels/Passengership_19.wav,3.0
/content/drive/MyDrive/Underwater Audio Data/processed/Vessels/Passengership_19_chunk42.wav,Vessels,/content/drive/MyDrive/Underwater Audio Data/data/Vessels/Passengership_19.wav,3.0
/content/drive/MyDrive/Underwater Audio Data/processed/Vessels/Passengership_19_chunk43.wav,Vessels,/content/drive/MyDrive/Underwater Audio Data/data/Vessels/Passengership_19.wav,3.0
/content/drive/MyDrive/Underwater Audio Data/processed/Vessels/Passengership_19_chunk44.wav,Vessels,/content/drive/MyDrive/Underwater Audio Data/data/Vessels/Passengership_19.wav,3.0
/content/drive/MyDrive/Underwater Audio Data/processed/Vessels/Passengership_19_chunk45.wav,Vessels,/content/drive/MyDrive/Underwater Audio Data/data/Vessels/Passengership_19.wav,3.0
/content/drive/MyDrive/Underwater Audio Data/processed/Vessels/Passengership_19_chunk46.wav,Vessels,/content/drive/MyDrive/Underwater Audio Data/data/Vessels/Passengership_19.wav,3.0
/content/drive/MyDrive/Underwater Audio Data/processed/Vessels/Passengership_19_chunk47.wav,Vessels,/content/drive/MyDrive/Underwater Audio Data/data/Vessels/Passengership_19.wav,3.0
/content/drive/MyDrive/Underwater Audio Data/processed/Vessels/Passengership_19_chunk48.wav,Vessels,/content/drive/MyDrive/Underwater Audio Data/data/Vessels/Passengership_19.wav,3.0
/content/drive/MyDrive/Underwater Audio Data/processed/Vessels/Passengership_19_chunk49.wav,Vessels,/content/drive/MyDrive/Underwater Audio Data/data/Vessels/Passengership_19.wav,3.0
/content/drive/MyDrive/Underwater Audio Data/processed/Vessels/Passengership_19_chunk50.wav,Vessels,/content/drive/MyDrive/Underwater Audio Data/data/Vessels/Passengership_19.wav,3.0
/content/drive/MyDrive/Underwater Audio Data/processed/Vessels/Passengership_19_chunk51.wav,Vessels,/content/drive/MyDrive/Underwater Audio Data/data/Vessels/Passengership_19.wav,3.0
/content/drive/MyDrive/Underwater Audio Data/processed/Vessels/Passengership_19_chunk52.wav,Vessels,/content/drive/MyDrive/Underwater Audio Data/data/Vessels/Passengership_19.wav,3.0
/content/drive/MyDrive/Underwater Audio Data/processed/Vessels/Passengership_19_chunk53.wav,Vessels,/content/drive/MyDrive/Underwater Audio Data/data/Vessels/Passengership_19.wav,3.0
/content/drive/MyDrive/Underwater Audio Data/processed/Vessels/Passengership_19_chunk54.wav,Vessels,/content/drive/MyDrive/Underwater Audio Data/data/Vessels/Passengership_19.wav,3.0
/content/drive/MyDrive/Underwater Audio Data/processed/Vessels/Passengership_19_chunk55.wav,Vessels,/content/drive/MyDrive/Underwater Audio Data/data/Vessels/Passengership_19.wav,3.0
/content/drive/MyDrive/Underwater Audio Data/processed/Vessels/Passengership_19_chunk56.wav,Vessels,/content/drive/MyDrive/Underwater Audio Data/data/Vessels/Passengership_19.wav,3.0
/content/drive/MyDrive/Underwater Audio Data/processed/Vessels/Passengership_19_chunk57.wav,Vessels,/content/drive/MyDrive/Underwater Audio Data/data/Vessels/Passengership_19.wav,3.0
/content/drive/MyDrive/Underwater Audio Data/processed/Vessels/Passengership_19_chunk58.wav,Vessels,/content/drive/MyDrive/Underwater Audio Data/data/Vessels/Passengership_19.wav,3.0
/content/drive/MyDrive/Underwater Audio Data/processed/Vessels/Passengership_19_chunk59.wav,Vessels,/content/drive/MyDrive/Underwater Audio Data/data/Vessels/Passengership_19.wav,3.0
/content/drive/MyDrive/Underwater Audio Data/processed/Vessels/Passengership_19_chunk60.wav,Vessels,/content/drive/MyDrive/Underwater Audio Data/data/Vessels/Passengership_19.wav,3.0
/content/drive/MyDrive/Underwater Audio Data/processed/Vessels/Passengership_19_chunk61.wav,Vessels,/content/drive/MyDrive/Underwater Audio Data/data/Vessels/Passengership_19.wav,3.0
/content/drive/MyDrive/Underwater Audio Data/processed/Vessels/Passengership_19_chunk62.wav,Vessels,/content/drive/MyDrive/Underwater Audio Data/data/Vessels/Passengership_19.wav,3.0
/content/drive/MyDrive/Underwater Audio Data/processed/Vessels/Passengership_19_chunk63.wav,Vessels,/content/drive/MyDrive/Underwater Audio Data/data/Vessels/Passengership_19.wav,3.0
/content/drive/MyDrive/Underwater Audio Data/processed/Vessels/Passengership_19_chunk64.wav,Vessels,/content/drive/MyDrive/Underwater Audio Data/data/Vessels/Passengership_19.wav,3.0
/content/drive/MyDrive/Underwater Audio Data/processed/Vessels/Passengership_19_chunk65.wav,Vessels,/content/drive/MyDrive/Underwater Audio Data/data/Vessels/Passengership_19.wav,3.0
/content/drive/MyDrive/Underwater Audio Data/processed/Vessels/Passengership_19_chunk66.wav,Vessels,/content/drive/MyDrive/Underwater Audio Data/data/Vessels/Passengership_19.wav,3.0
/content/drive/MyDrive/Underwater Audio Data/processed/Vessels/Passengership_19_chunk67.wav,Vessels,/content/drive/MyDrive/Underwater Audio Data/data/Vessels/Passengership_19.wav,3.0
/content/drive/MyDrive/Underwater Audio Data/processed/Vessels/Passengership_19_chunk68.wav,Vessels,/content/drive/MyDrive/Underwater Audio Data/data/Vessels/Passengership_19.wav,3.0
/content/drive/MyDrive/Underwater Audio Data/processed/Vessels/Passengership_19_chunk69.wav,Vessels,/content/drive/MyDrive/Underwater Audio Data/data/Vessels/Passengership_19.wav,3.0
/content/drive/MyDrive/Underwater Audio Data/processed/Vessels/Passengership_19_chunk70.wav,Vessels,/content/drive/MyDrive/Underwater Audio Data/data/Vessels/Passengership_19.wav,3.0
/content/drive/MyDrive/Underwater Audio Data/processed/Vessels/Passengership_19_chunk71.wav,Vessels,/content/drive/MyDrive/Underwater Audio Data/data/Vessels/Passengership_19.wav,3.0
/content/drive/MyDrive/Underwater Audio Data/processed/Vessels/Passengership_19_chunk72.wav,Vessels,/content/drive/MyDrive/Underwater Audio Data/data/Vessels/Passengership_19.wav,3.0
/content/drive/MyDrive/Underwater Audio Data/processed/Vessels/Passengership_19_chunk73.wav,Vessels,/content/drive/MyDrive/Underwater Audio Data/data/Vessels/Passengership_19.wav,3.0
/content/drive/MyDrive/Underwater Audio Data/processed/Vessels/Passengership_19_chunk74.wav,Vessels,/content/drive/MyDrive/Underwater Audio Data/data/Vessels/Passengership_19.wav,3.0
/content/drive/MyDrive/Underwater Audio Data/processed/Vessels/Passengership_19_chunk75.wav,Vessels,/content/drive/MyDrive/Underwater Audio Data/data/Vessels/Passengership_19.wav,3.0
/content/drive/MyDrive/Underwater Audio Data/processed/Vessels/Passengership_19_chunk76.wav,Vessels,/content/drive/MyDrive/Underwater Audio Data/data/Vessels/Passengership_19.wav,3.0
/content/drive/MyDrive/Underwater Audio Data/processed/Vessels/Passengership_19_chunk77.wav,Vessels,/content/drive/MyDrive/Underwater Audio Data/data/Vessels/Passengership_19.wav,3.0
/content/drive/MyDrive/Underwater Audio Data/processed/Vessels/Passengership_19_chunk78.wav,Vessels,/content/drive/MyDrive/Underwater Audio Data/data/Vessels/Passengership_19.wav,3.0
/content/drive/MyDrive/Underwater Audio Data/processed/Vessels/Passengership_19_chunk79.wav,Vessels,/content/drive/MyDrive/Underwater Audio Data/data/Vessels/Passengership_19.wav,3.0
/content/drive/MyDrive/Underwater Audio Data/processed/Vessels/Passengership_19_chunk80.wav,Vessels,/content/drive/MyDrive/Underwater Audio Data/data/Vessels/Passengership_19.wav,3.0
/content/drive/MyDrive/Underwater Audio Data/processed/Vessels/Passengership_19_chunk81.wav,Vessels,/content/drive/MyDrive/Underwater Audio Data/data/Vessels/Passengership_19.wav,3.0
/content/drive/MyDrive/Underwater Audio Data/processed/Vessels/Passengership_19_chunk82.wav,Vessels,/content/drive/MyDrive/Underwater Audio Data/data/Vessels/Passengership_19.wav,3.0
/content/drive/MyDrive/Underwater Audio Data/processed/Vessels/Passengership_19_chunk83.wav,Vessels,/content/drive/MyDrive/Underwater Audio Data/data/Vessels/Passengership_19.wav,3.0
/content/drive/MyDrive/Underwater Audio Data/processed/Vessels/Passengership_19_chunk84.wav,Vessels,/content/drive/MyDrive/Underwater Audio Data/data/Vessels/Passengership_19.wav,3.0
/content/drive/MyDrive/Underwater Audio Data/processed/Vessels/Passengership_19_chunk85.wav,Vessels,/content/drive/MyDrive/Underwater Audio Data/data/Vessels/Passengership_19.wav,3.0
/content/drive/MyDrive/Underwater Audio Data/processed/Vessels/Passengership_19_chunk86.wav,Vessels,/content/drive/MyDrive/Underwater Audio Data/data/Vessels/Passengership_19.wav,3.0
/content/drive/MyDrive/Underwater Audio Data/processed/Vessels/Passengership_19_chunk87.wav,Vessels,/content/drive/MyDrive/Underwater Audio Data/data/Vessels/Passengership_19.wav,3.0
/content/drive/MyDrive/Underwater Audio Data/processed/Vessels/Passengership_19_chunk88.wav,Vessels,/content/drive/MyDrive/Underwater Audio Data/data/Vessels/Passengership_19.wav,3.0
/content/drive/MyDrive/Underwater Audio Data/processed/Vessels/Passengership_19_chunk89.wav,Vessels,/content/drive/MyDrive/Underwater Audio Data/data/Vessels/Passengership_19.wav,3.0
/content/drive/MyDrive/Underwater Audio Data/processed/Vessels/Passengership_19_chunk90.wav,Vessels,/content/drive/MyDrive/Underwater Audio Data/data/Vessels/Passengership_19.wav,3.0
/content/drive/MyDrive/Underwater Audio Data/processed/Vessels/Passengership_19_chunk91.wav,Vessels,/content/drive/MyDrive/Underwater Audio Data/data/Vessels/Passengership_19.wav,3.0
/content/drive/MyDrive/Underwater Audio Data/processed/Vessels/Passengership_19_chunk92.wav,Vessels,/content/drive/MyDrive/Underwater Audio Data/data/Vessels/Passengership_19.wav,3.0
/content/drive/MyDrive/Underwater Audio Data/processed/Vessels/Passengership_19_chunk93.wav,Vessels,/content/drive/MyDrive/Underwater Audio Data/data/Vessels/Passengership_19.wav,3.0
/content/drive/MyDrive/Underwater Audio Data/processed/Vessels/Passengership_19_chunk94.wav,Vessels,/content/drive/MyDrive/Underwater Audio Data/data/Vessels/Passengership_19.wav,3.0
/content/drive/MyDrive/Underwater Audio Data/processed/Vessels/Passengership_19_chunk95.wav,Vessels,/content/drive/MyDrive/Underwater Audio Data/data/Vessels/Passengership_19.wav,3.0
/content/drive/MyDrive/Underwater Audio Data/processed/Vessels/Passengership_19_chunk96.wav,Vessels,/content/drive/MyDrive/Underwater Audio Data/data/Vessels/Passengership_19.wav,3.0
/content/drive/MyDrive/Underwater Audio Data/processed/Vessels/Passengership_19_chunk97.wav,Vessels,/content/drive/MyDrive/Underwater Audio Data/data/Vessels/Passengership_19.wav,3.0
/content/drive/MyDrive/Underwater Audio Data/processed/Vessels/Passengership_19_chunk98.wav,Vessels,/content/drive/MyDrive/Underwater Audio Data/data/Vessels/Passengership_19.wav,3.0
/content/drive/MyDrive/Underwater Audio Data/processed/Vessels/Passengership_19_chunk99.wav,Vessels,/content/drive/MyDrive/Underwater Audio Data/data/Vessels/Passengership_19.wav,3.0
/content/drive/MyDrive/Underwater Audio Data/processed/Vessels/Passengership_19_chunk100.wav,Vessels,/content/drive/MyDrive/Underwater Audio Data/data/Vessels/Passengership_19.wav,3.0
/content/drive/MyDrive/Underwater Audio Data/processed/Vessels/Passengership_19_chunk101.wav,Vessels,/content/drive/MyDrive/Underwater Audio Data/data/Vessels/Passengership_19.wav,3.0
/content/drive/MyDrive/Underwater Audio Data/processed/Vessels/Passengership_19_chunk102.wav,Vessels,/content/drive/MyDrive/Underwater Audio Data/data/Vessels/Passengership_19.wav,3.0
/content/drive/MyDrive/Underwater Audio Data/processed/Vessels/Passengership_19_chunk103.wav,Vessels,/content/drive/MyDrive/Underwater Audio Data/data/Vessels/Passengership_19.wav,3.0
/content/drive/MyDrive/Underwater Audio Data/processed/Vessels/Passengership_19_chunk104.wav,Vessels,/content/drive/MyDrive/Underwater Audio Data/data/Vessels/Passengership_19.wav,3.0
/content/drive/MyDrive/Underwater Audio Data/processed/Vessels/Passengership_19_chunk105.wav,Vessels,/content/drive/MyDrive/Underwater Audio Data/data/Vessels/Passengership_19.wav,3.0
/content/drive/MyDrive/Underwater Audio Data/processed/Vessels/Passengership_19_chunk106.wav,Vessels,/content/drive/MyDrive/Underwater Audio Data/data/Vessels/Passengership_19.wav,3.0
/content/drive/MyDrive/Underwater Audio Data/processed/Vessels/Passengership_18_chunk0.wav,Vessels,/content/drive/MyDrive/Underwater Audio Data/data/Vessels/Passengership_18.wav,3.0
/content/drive/MyDrive/Underwater Audio Data/processed/Vessels/Passengership_18_chunk1.wav,Vessels,/content/drive/MyDrive/Underwater Audio Data/data/Vessels/Passengership_18.wav,3.0
/content/drive/MyDrive/Underwater Audio Data/processed/Vessels/Passengership_18_chunk2.wav,Vessels,/content/drive/MyDrive/Underwater Audio Data/data/Vessels/Passengership_18.wav,3.0
/content/drive/MyDrive/Underwater Audio Data/processed/Vessels/Passengership_18_chunk3.wav,Vessels,/content/drive/MyDrive/Underwater Audio Data/data/Vessels/Passengership_18.wav,3.0
/content/drive/MyDrive/Underwater Audio Data/processed/Vessels/Passengership_18_chunk4.wav,Vessels,/content/drive/MyDrive/Underwater Audio Data/data/Vessels/Passengership_18.wav,3.0
/content/drive/MyDrive/Underwater Audio Data/processed/Vessels/Passengership_18_chunk5.wav,Vessels,/content/drive/MyDrive/Underwater Audio Data/data/Vessels/Passengership_18.wav,3.0
/content/drive/MyDrive/Underwater Audio Data/processed/Vessels/Passengership_18_chunk6.wav,Vessels,/content/drive/MyDrive/Underwater Audio Data/data/Vessels/Passengership_18.wav,3.0
/content/drive/MyDrive/Underwater Audio Data/processed/Vessels/Passengership_18_chunk7.wav,Vessels,/content/drive/MyDrive/Underwater Audio Data/data/Vessels/Passengership_18.wav,3.0
/content/drive/MyDrive/Underwater Audio Data/processed/Vessels/Passengership_18_chunk8.wav,Vessels,/content/drive/MyDrive/Underwater Audio Data/data/Vessels/Passengership_18.wav,3.0
/content/drive/MyDrive/Underwater Audio Data/processed/Vessels/Passengership_18_chunk9.wav,Vessels,/content/drive/MyDrive/Underwater Audio Data/data/Vessels/Passengership_18.wav,3.0
/content/drive/MyDrive/Underwater Audio Data/processed/Vessels/Passengership_18_chunk10.wav,Vessels,/content/drive/MyDrive/Underwater Audio Data/data/Vessels/Passengership_18.wav,3.0
/content/drive/MyDrive/Underwater Audio Data/processed/Vessels/Passengership_18_chunk11.wav,Vessels,/content/drive/MyDrive/Underwater Audio Data/data/Vessels/Passengership_18.wav,3.0
/content/drive/MyDrive/Underwater Audio Data/processed/Vessels/Passengership_18_chunk12.wav,Vessels,/content/drive/MyDrive/Underwater Audio Data/data/Vessels/Passengership_18.wav,3.0
/content/drive/MyDrive/Underwater Audio Data/processed/Vessels/Passengership_18_chunk13.wav,Vessels,/content/drive/MyDrive/Underwater Audio Data/data/Vessels/Passengership_18.wav,3.0
/content/drive/MyDrive/Underwater Audio Data/processed/Vessels/Passengership_18_chunk14.wav,Vessels,/content/drive/MyDrive/Underwater Audio Data/data/Vessels/Passengership_18.wav,3.0
/content/drive/MyDrive/Underwater Audio Data/processed/Vessels/Passengership_18_chunk15.wav,Vessels,/content/drive/MyDrive/Underwater Audio Data/data/Vessels/Passengership_18.wav,3.0
/content/drive/MyDrive/Underwater Audio Data/processed/Vessels/Passengership_18_chunk16.wav,Vessels,/content/drive/MyDrive/Underwater Audio Data/data/Vessels/Passengership_18.wav,3.0
/content/drive/MyDrive/Underwater Audio Data/processed/Vessels/Passengership_18_chunk17.wav,Vessels,/content/drive/MyDrive/Underwater Audio Data/data/Vessels/Passengership_18.wav,3.0
/content/drive/MyDrive/Underwater Audio Data/processed/Vessels/Passengership_18_chunk18.wav,Vessels,/content/drive/MyDrive/Underwater Audio Data/data/Vessels/Passengership_18.wav,3.0
/content/drive/MyDrive/Underwater Audio Data/processed/Vessels/Passengership_18_chunk19.wav,Vessels,/content/drive/MyDrive/Underwater Audio Data/data/Vessels/Passengership_18.wav,3.0
/content/drive/MyDrive/Underwater Audio Data/processed/Vessels/Passengership_18_chunk20.wav,Vessels,/content/drive/MyDrive/Underwater Audio Data/data/Vessels/Passengership_18.wav,3.0
/content/drive/MyDrive/Underwater Audio Data/processed/Vessels/Passengership_18_chunk21.wav,Vessels,/content/drive/MyDrive/Underwater Audio Data/data/Vessels/Passengership_18.wav,3.0
/content/drive/MyDrive/Underwater Audio Data/processed/Vessels/Passengership_18_chunk22.wav,Vessels,/content/drive/MyDrive/Underwater Audio Data/data/Vessels/Passengership_18.wav,3.0
/content/drive/MyDrive/Underwater Audio Data/processed/Vessels/Passengership_18_chunk23.wav,Vessels,/content/drive/MyDrive/Underwater Audio Data/data/Vessels/Passengership_18.wav,3.0
/content/drive/MyDrive/Underwater Audio Data/processed/Vessels/Passengership_18_chunk24.wav,Vessels,/content/drive/MyDrive/Underwater Audio Data/data/Vessels/Passengership_18.wav,3.0
/content/drive/MyDrive/Underwater Audio Data/processed/Vessels/Passengership_18_chunk25.wav,Vessels,/content/drive/MyDrive/Underwater Audio Data/data/Vessels/Passengership_18.wav,3.0
/content/drive/MyDrive/Underwater Audio Data/processed/Vessels/Passengership_18_chunk26.wav,Vessels,/content/drive/MyDrive/Underwater Audio Data/data/Vessels/Passengership_18.wav,3.0
/content/drive/MyDrive/Underwater Audio Data/processed/Vessels/Passengership_18_chunk27.wav,Vessels,/content/drive/MyDrive/Underwater Audio Data/data/Vessels/Passengership_18.wav,3.0
/content/drive/MyDrive/Underwater Audio Data/processed/Vessels/Passengership_18_chunk28.wav,Vessels,/content/drive/MyDrive/Underwater Audio Data/data/Vessels/Passengership_18.wav,3.0
/content/drive/MyDrive/Underwater Audio Data/processed/Vessels/Passengership_18_chunk29.wav,Vessels,/content/drive/MyDrive/Underwater Audio Data/data/Vessels/Passengership_18.wav,3.0
/content/drive/MyDrive/Underwater Audio Data/processed/Vessels/Passengership_18_chunk30.wav,Vessels,/content/drive/MyDrive/Underwater Audio Data/data/Vessels/Passengership_18.wav,3.0
/content/drive/MyDrive/Underwater Audio Data/processed/Vessels/Passengership_18_chunk31.wav,Vessels,/content/drive/MyDrive/Underwater Audio Data/data/Vessels/Passengership_18.wav,3.0
/content/drive/MyDrive/Underwater Audio Data/processed/Vessels/Passengership_18_chunk32.wav,Vessels,/content/drive/MyDrive/Underwater Audio Data/data/Vessels/Passengership_18.wav,3.0
/content/drive/MyDrive/Underwater Audio Data/processed/Vessels/Passengership_18_chunk33.wav,Vessels,/content/drive/MyDrive/Underwater Audio Data/data/Vessels/Passengership_18.wav,3.0
/content/drive/MyDrive/Underwater Audio Data/processed/Vessels/Passengership_18_chunk34.wav,Vessels,/content/drive/MyDrive/Underwater Audio Data/data/Vessels/Passengership_18.wav,3.0
/content/drive/MyDrive/Underwater Audio Data/processed/Vessels/Passengership_18_chunk35.wav,Vessels,/content/drive/MyDrive/Underwater Audio Data/data/Vessels/Passengership_18.wav,3.0
/content/drive/MyDrive/Underwater Audio Data/processed/Vessels/Passengership_18_chunk36.wav,Vessels,/content/drive/MyDrive/Underwater Audio Data/data/Vessels/Passengership_18.wav,3.0
/content/drive/MyDrive/Underwater Audio Data/processed/Vessels/Passengership_18_chunk37.wav,Vessels,/content/drive/MyDrive/Underwater Audio Data/data/Vessels/Passengership_18.wav,3.0
/content/drive/MyDrive/Underwater Audio Data/processed/Vessels/Passengership_18_chunk38.wav,Vessels,/content/drive/MyDrive/Underwater Audio Data/data/Vessels/Passengership_18.wav,3.0
/content/drive/MyDrive/Underwater Audio Data/processed/Vessels/Passengership_18_chunk39.wav,Vessels,/content/drive/MyDrive/Underwater Audio Data/data/Vessels/Passengership_18.wav,3.0
/content/drive/MyDrive/Underwater Audio Data/processed/Vessels/Passengership_18_chunk40.wav,Vessels,/content/drive/MyDrive/Underwater Audio Data/data/Vessels/Passengership_18.wav,3.0
/content/drive/MyDrive/Underwater Audio Data/processed/Vessels/Passengership_18_chunk41.wav,Vessels,/content/drive/MyDrive/Underwater Audio Data/data/Vessels/Passengership_18.wav,3.0
/content/drive/MyDrive/Underwater Audio Data/processed/Vessels/Passengership_18_chunk42.wav,Vessels,/content/drive/MyDrive/Underwater Audio Data/data/Vessels/Passengership_18.wav,3.0
/content/drive/MyDrive/Underwater Audio Data/processed/Vessels/Passengership_18_chunk43.wav,Vessels,/content/drive/MyDrive/Underwater Audio Data/data/Vessels/Passengership_18.wav,3.0
/content/drive/MyDrive/Underwater Audio Data/processed/Vessels/Passengership_18_chunk44.wav,Vessels,/content/drive/MyDrive/Underwater Audio Data/data/Vessels/Passengership_18.wav,3.0
/content/drive/MyDrive/Underwater Audio Data/processed/Vessels/Passengership_18_chunk45.wav,Vessels,/content/drive/MyDrive/Underwater Audio Data/data/Vessels/Passengership_18.wav,3.0
/content/drive/MyDrive/Underwater Audio Data/processed/Vessels/Passengership_18_chunk46.wav,Vessels,/content/drive/MyDrive/Underwater Audio Data/data/Vessels/Passengership_18.wav,3.0
/content/drive/MyDrive/Underwater Audio Data/processed/Vessels/Passengership_18_chunk47.wav,Vessels,/content/drive/MyDrive/Underwater Audio Data/data/Vessels/Passengership_18.wav,3.0
/content/drive/MyDrive/Underwater Audio Data/processed/Vessels/Passengership_18_chunk48.wav,Vessels,/content/drive/MyDrive/Underwater Audio Data/data/Vessels/Passengership_18.wav,3.0
/content/drive/MyDrive/Underwater Audio Data/processed/Vessels/Passengership_18_chunk49.wav,Vessels,/content/drive/MyDrive/Underwater Audio Data/data/Vessels/Passengership_18.wav,3.0
/content/drive/MyDrive/Underwater Audio Data/processed/Vessels/Passengership_18_chunk50.wav,Vessels,/content/drive/MyDrive/Underwater Audio Data/data/Vessels/Passengership_18.wav,3.0
/content/drive/MyDrive/Underwater Audio Data/processed/Vessels/Passengership_18_chunk51.wav,Vessels,/content/drive/MyDrive/Underwater Audio Data/data/Vessels/Passengership_18.wav,3.0
/content/drive/MyDrive/Underwater Audio Data/processed/Vessels/Passengership_18_chunk52.wav,Vessels,/content/drive/MyDrive/Underwater Audio Data/data/Vessels/Passengership_18.wav,3.0
/content/drive/MyDrive/Underwater Audio Data/processed/Vessels/Passengership_18_chunk53.wav,Vessels,/content/drive/MyDrive/Underwater Audio Data/data/Vessels/Passengership_18.wav,3.0
/content/drive/MyDrive/Underwater Audio Data/processed/Vessels/Passengership_18_chunk54.wav,Vessels,/content/drive/MyDrive/Underwater Audio Data/data/Vessels/Passengership_18.wav,3.0
/content/drive/MyDrive/Underwater Audio Data/processed/Vessels/Passengership_18_chunk55.wav,Vessels,/content/drive/MyDrive/Underwater Audio Data/data/Vessels/Passengership_18.wav,3.0
/content/drive/MyDrive/Underwater Audio Data/processed/Vessels/Passengership_18_chunk56.wav,Vessels,/content/drive/MyDrive/Underwater Audio Data/data/Vessels/Passengership_18.wav,3.0
/content/drive/MyDrive/Underwater Audio Data/processed/Vessels/Passengership_18_chunk57.wav,Vessels,/content/drive/MyDrive/Underwater Audio Data/data/Vessels/Passengership_18.wav,3.0
/content/drive/MyDrive/Underwater Audio Data/processed/Vessels/Passengership_18_chunk58.wav,Vessels,/content/drive/MyDrive/Underwater Audio Data/data/Vessels/Passengership_18.wav,3.0
/content/drive/MyDrive/Underwater Audio Data/processed/Vessels/Passengership_18_chunk59.wav,Vessels,/content/drive/MyDrive/Underwater Audio Data/data/Vessels/Passengership_18.wav,3.0
/content/drive/MyDrive/Underwater Audio Data/processed/Vessels/Passengership_18_chunk60.wav,Vessels,/content/drive/MyDrive/Underwater Audio Data/data/Vessels/Passengership_18.wav,3.0
/content/drive/MyDrive/Underwater Audio Data/processed/Vessels/Passengership_18_chunk61.wav,Vessels,/content/drive/MyDrive/Underwater Audio Data/data/Vessels/Passengership_18.wav,3.0
/content/drive/MyDrive/Underwater Audio Data/processed/Vessels/Passengership_18_chunk62.wav,Vessels,/content/drive/MyDrive/Underwater Audio Data/data/Vessels/Passengership_18.wav,3.0
/content/drive/MyDrive/Underwater Audio Data/processed/Vessels/Passengership_18_chunk63.wav,Vessels,/content/drive/MyDrive/Underwater Audio Data/data/Vessels/Passengership_18.wav,3.0
/content/drive/MyDrive/Underwater Audio Data/processed/Vessels/Passengership_18_chunk64.wav,Vessels,/content/drive/MyDrive/Underwater Audio Data/data/Vessels/Passengership_18.wav,3.0
/content/drive/MyDrive/Underwater Audio Data/processed/Vessels/Passengership_18_chunk65.wav,Vessels,/content/drive/MyDrive/Underwater Audio Data/data/Vessels/Passengership_18.wav,3.0
/content/drive/MyDrive/Underwater Audio Data/processed/Vessels/Passengership_18_chunk66.wav,Vessels,/content/drive/MyDrive/Underwater Audio Data/data/Vessels/Passengership_18.wav,3.0
/content/drive/MyDrive/Underwater Audio Data/processed/Vessels/Passengership_18_chunk67.wav,Vessels,/content/drive/MyDrive/Underwater Audio Data/data/Vessels/Passengership_18.wav,3.0
/content/drive/MyDrive/Underwater Audio Data/processed/Vessels/Passengership_18_chunk68.wav,Vessels,/content/drive/MyDrive/Underwater Audio Data/data/Vessels/Passengership_18.wav,3.0
/content/drive/MyDrive/Underwater Audio Data/processed/Vessels/Passengership_18_chunk69.wav,Vessels,/content/drive/MyDrive/Underwater Audio Data/data/Vessels/Passengership_18.wav,3.0
/content/drive/MyDrive/Underwater Audio Data/processed/Vessels/Passengership_18_chunk70.wav,Vessels,/content/drive/MyDrive/Underwater Audio Data/data/Vessels/Passengership_18.wav,3.0
/content/drive/MyDrive/Underwater Audio Data/processed/Vessels/Passengership_18_chunk71.wav,Vessels,/content/drive/MyDrive/Underwater Audio Data/data/Vessels/Passengership_18.wav,3.0
/content/drive/MyDrive/Underwater Audio Data/processed/Vessels/Passengership_18_chunk72.wav,Vessels,/content/drive/MyDrive/Underwater Audio Data/data/Vessels/Passengership_18.wav,3.0
/content/drive/MyDrive/Underwater Audio Data/processed/Vessels/Passengership_18_chunk73.wav,Vessels,/content/drive/MyDrive/Underwater Audio Data/data/Vessels/Passengership_18.wav,3.0
/content/drive/MyDrive/Underwater Audio Data/processed/Vessels/Passengership_18_chunk74.wav,Vessels,/content/drive/MyDrive/Underwater Audio Data/data/Vessels/Passengership_18.wav,3.0
/content/drive/MyDrive/Underwater Audio Data/processed/Vessels/Passengership_18_chunk75.wav,Vessels,/content/drive/MyDrive/Underwater Audio Data/data/Vessels/Passengership_18.wav,3.0
/content/drive/MyDrive/Underwater Audio Data/processed/Vessels/Passengership_18_chunk76.wav,Vessels,/content/drive/MyDrive/Underwater Audio Data/data/Vessels/Passengership_18.wav,3.0
/content/drive/MyDrive/Underwater Audio Data/processed/Vessels/Passengership_18_chunk77.wav,Vessels,/content/drive/MyDrive/Underwater Audio Data/data/Vessels/Passengership_18.wav,3.0
/content/drive/MyDrive/Underwater Audio Data/processed/Vessels/Passengership_18_chunk78.wav,Vessels,/content/drive/MyDrive/Underwater Audio Data/data/Vessels/Passengership_18.wav,3.0
/content/drive/MyDrive/Underwater Audio Data/processed/Vessels/Passengership_18_chunk79.wav,Vessels,/content/drive/MyDrive/Underwater Audio Data/data/Vessels/Passengership_18.wav,3.0
/content/drive/MyDrive/Underwater Audio Data/processed/Vessels/Passengership_18_chunk80.wav,Vessels,/content/drive/MyDrive/Underwater Audio Data/data/Vessels/Passengership_18.wav,3.0
/content/drive/MyDrive/Underwater Audio Data/processed/Vessels/Passengership_18_chunk81.wav,Vessels,/content/drive/MyDrive/Underwater Audio Data/data/Vessels/Passengership_18.wav,3.0
/content/drive/MyDrive/Underwater Audio Data/processed/Vessels/Passengership_18_chunk82.wav,Vessels,/content/drive/MyDrive/Underwater Audio Data/data/Vessels/Passengership_18.wav,3.0
/content/drive/MyDrive/Underwater Audio Data/processed/Vessels/Passengership_18_chunk83.wav,Vessels,/content/drive/MyDrive/Underwater Audio Data/data/Vessels/Passengership_18.wav,3.0
/content/drive/MyDrive/Underwater Audio Data/processed/Vessels/Passengership_18_chunk84.wav,Vessels,/content/drive/MyDrive/Underwater Audio Data/data/Vessels/Passengership_18.wav,3.0
/content/drive/MyDrive/Underwater Audio Data/processed/Vessels/Passengership_18_chunk85.wav,Vessels,/content/drive/MyDrive/Underwater Audio Data/data/Vessels/Passengership_18.wav,3.0
/content/drive/MyDrive/Underwater Audio Data/processed/Vessels/Passengership_18_chunk86.wav,Vessels,/content/drive/MyDrive/Underwater Audio Data/data/Vessels/Passengership_18.wav,3.0
/content/drive/MyDrive/Underwater Audio Data/processed/Vessels/Passengership_18_chunk87.wav,Vessels,/content/drive/MyDrive/Underwater Audio Data/data/Vessels/Passengership_18.wav,3.0
/content/drive/MyDrive/Underwater Audio Data/processed/Vessels/Passengership_18_chunk88.wav,Vessels,/content/drive/MyDrive/Underwater Audio Data/data/Vessels/Passengership_18.wav,3.0
/content/drive/MyDrive/Underwater Audio Data/processed/Vessels/Passengership_18_chunk89.wav,Vessels,/content/drive/MyDrive/Underwater Audio Data/data/Vessels/Passengership_18.wav,3.0
/content/drive/MyDrive/Underwater Audio Data/processed/Vessels/Passengership_18_chunk90.wav,Vessels,/content/drive/MyDrive/Underwater Audio Data/data/Vessels/Passengership_18.wav,3.0
/content/drive/MyDrive/Underwater Audio Data/processed/Vessels/Passengership_18_chunk91.wav,Vessels,/content/drive/MyDrive/Underwater Audio Data/data/Vessels/Passengership_18.wav,3.0
/content/drive/MyDrive/Underwater Audio Data/processed/Vessels/Passengership_18_chunk92.wav,Vessels,/content/drive/MyDrive/Underwater Audio Data/data/Vessels/Passengership_18.wav,3.0
/content/drive/MyDrive/Underwater Audio Data/processed/Vessels/Passengership_18_chunk93.wav,Vessels,/content/drive/MyDrive/Underwater Audio Data/data/Vessels/Passengership_18.wav,3.0
/content/drive/MyDrive/Underwater Audio Data/processed/Vessels/Passengership_18_chunk94.wav,Vessels,/content/drive/MyDrive/Underwater Audio Data/data/Vessels/Passengership_18.wav,3.0
/content/drive/MyDrive/Underwater Audio Data/processed/Vessels/Passengership_18_chunk95.wav,Vessels,/content/drive/MyDrive/Underwater Audio Data/data/Vessels/Passengership_18.wav,3.0
/content/drive/MyDrive/Underwater Audio Data/processed/Vessels/Passengership_18_chunk96.wav,Vessels,/content/drive/MyDrive/Underwater Audio Data/data/Vessels/Passengership_18.wav,3.0
/content/drive/MyDrive/Underwater Audio Data/processed/Vessels/Passengership_18_chunk97.wav,Vessels,/content/drive/MyDrive/Underwater Audio Data/data/Vessels/Passengership_18.wav,3.0
/content/drive/MyDrive/Underwater Audio Data/processed/Vessels/Passengership_18_chunk98.wav,Vessels,/content/drive/MyDrive/Underwater Audio Data/data/Vessels/Passengership_18.wav,3.0
/content/drive/MyDrive/Underwater Audio Data/processed/Vessels/Passengership_18_chunk99.wav,Vessels,/content/drive/MyDrive/Underwater Audio Data/data/Vessels/Passengership_18.wav,3.0
/content/drive/MyDrive/Underwater Audio Data/processed/Vessels/Passengership_18_chunk100.wav,Vessels,/content/drive/MyDrive/Underwater Audio Data/data/Vessels/Passengership_18.wav,3.0
/content/drive/MyDrive/Underwater Audio Data/processed/Vessels/Passengership_18_chunk101.wav,Vessels,/content/drive/MyDrive/Underwater Audio Data/data/Vessels/Passengership_18.wav,3.0
/content/drive/MyDrive/Underwater Audio Data/processed/Vessels/Passengership_18_chunk102.wav,Vessels,/content/drive/MyDrive/Underwater Audio Data/data/Vessels/Passengership_18.wav,3.0
/content/drive/MyDrive/Underwater Audio Data/processed/Vessels/Passengership_18_chunk103.wav,Vessels,/content/drive/MyDrive/Underwater Audio Data/data/Vessels/Passengership_18.wav,3.0
/content/drive/MyDrive/Underwater Audio Data/processed/Vessels/Passengership_18_chunk104.wav,Vessels,/content/drive/MyDrive/Underwater Audio Data/data/Vessels/Passengership_18.wav,3.0
/content/drive/MyDrive/Underwater Audio Data/processed/Vessels/Passengership_18_chunk105.wav,Vessels,/content/drive/MyDrive/Underwater Audio Data/data/Vessels/Passengership_18.wav,3.0
/content/drive/MyDrive/Underwater Audio Data/processed/Vessels/Passengership_18_chunk106.wav,Vessels,/content/drive/MyDrive/Underwater Audio Data/data/Vessels/Passengership_18.wav,3.0
/content/drive/MyDrive/Underwater Audio Data/processed/Vessels/Passengership_18_chunk107.wav,Vessels,/content/drive/MyDrive/Underwater Audio Data/data/Vessels/Passengership_18.wav,3.0
/content/drive/MyDrive/Underwater Audio Data/processed/Vessels/Passengership_18_chunk108.wav,Vessels,/content/drive/MyDrive/Underwater Audio Data/data/Vessels/Passengership_18.wav,3.0
/content/drive/MyDrive/Underwater Audio Data/processed/Vessels/Passengership_18_chunk109.wav,Vessels,/content/drive/MyDrive/Underwater Audio Data/data/Vessels/Passengership_18.wav,3.0
/content/drive/MyDrive/Underwater Audio Data/processed/Vessels/Passengership_18_chunk110.wav,Vessels,/content/drive/MyDrive/Underwater Audio Data/data/Vessels/Passengership_18.wav,3.0
/content/drive/MyDrive/Underwater Audio Data/processed/Vessels/Passengership_18_chunk111.wav,Vessels,/content/drive/MyDrive/Underwater Audio Data/data/Vessels/Passengership_18.wav,3.0
/content/drive/MyDrive/Underwater Audio Data/processed/Vessels/Passengership_18_chunk112.wav,Vessels,/content/drive/MyDrive/Underwater Audio Data/data/Vessels/Passengership_18.wav,3.0
/content/drive/MyDrive/Underwater Audio Data/processed/Vessels/Passengership_18_chunk113.wav,Vessels,/content/drive/MyDrive/Underwater Audio Data/data/Vessels/Passengership_18.wav,3.0
/content/drive/MyDrive/Underwater Audio Data/processed/Vessels/Passengership_18_chunk114.wav,Vessels,/content/drive/MyDrive/Underwater Audio Data/data/Vessels/Passengership_18.wav,3.0
/content/drive/MyDrive/Underwater Audio Data/processed/Vessels/Passengership_18_chunk115.wav,Vessels,/content/drive/MyDrive/Underwater Audio Data/data/Vessels/Passengership_18.wav,3.0
/content/drive/MyDrive/Underwater Audio Data/processed/Vessels/Passengership_18_chunk116.wav,Vessels,/content/drive/MyDrive/Underwater Audio Data/data/Vessels/Passengership_18.wav,3.0
/content/drive/MyDrive/Underwater Audio Data/processed/Vessels/Passengership_18_chunk117.wav,Vessels,/content/drive/MyDrive/Underwater Audio Data/data/Vessels/Passengership_18.wav,3.0
/content/drive/MyDrive/Underwater Audio Data/processed/Vessels/Passengership_18_chunk118.wav,Vessels,/content/drive/MyDrive/Underwater Audio Data/data/Vessels/Passengership_18.wav,3.0
/content/drive/MyDrive/Underwater Audio Data/processed/Vessels/Passengership_18_chunk119.wav,Vessels,/content/drive/MyDrive/Underwater Audio Data/data/Vessels/Passengership_18.wav,3.0
/content/drive/MyDrive/Underwater Audio Data/processed/Vessels/Passengership_18_chunk120.wav,Vessels,/content/drive/MyDrive/Underwater Audio Data/data/Vessels/Passengership_18.wav,3.0
/content/drive/MyDrive/Underwater Audio Data/processed/Vessels/Passengership_18_chunk121.wav,Vessels,/content/drive/MyDrive/Underwater Audio Data/data/Vessels/Passengership_18.wav,3.0
/content/drive/MyDrive/Underwater Audio Data/processed/Vessels/Passengership_18_chunk122.wav,Vessels,/content/drive/MyDrive/Underwater Audio Data/data/Vessels/Passengership_18.wav,3.0
/content/drive/MyDrive/Underwater Audio Data/processed/Vessels/Passengership_18_chunk123.wav,Vessels,/content/drive/MyDrive/Underwater Audio Data/data/Vessels/Passengership_18.wav,3.0
/content/drive/MyDrive/Underwater Audio Data/processed/Vessels/Passengership_18_chunk124.wav,Vessels,/content/drive/MyDrive/Underwater Audio Data/data/Vessels/Passengership_18.wav,3.0
/content/drive/MyDrive/Underwater Audio Data/processed/Vessels/Passengership_18_chunk125.wav,Vessels,/content/drive/MyDrive/Underwater Audio Data/data/Vessels/Passengership_18.wav,3.0
/content/drive/MyDrive/Underwater Audio Data/processed/Vessels/Passengership_18_chunk126.wav,Vessels,/content/drive/MyDrive/Underwater Audio Data/data/Vessels/Passengership_18.wav,3.0
/content/drive/MyDrive/Underwater Audio Data/processed/Vessels/Passengership_18_chunk127.wav,Vessels,/content/drive/MyDrive/Underwater Audio Data/data/Vessels/Passengership_18.wav,3.0
/content/drive/MyDrive/Underwater Audio Data/processed/Vessels/Passengership_18_chunk128.wav,Vessels,/content/drive/MyDrive/Underwater Audio Data/data/Vessels/Passengership_18.wav,3.0
/content/drive/MyDrive/Underwater Audio Data/processed/Vessels/Passengership_18_chunk129.wav,Vessels,/content/drive/MyDrive/Underwater Audio Data/data/Vessels/Passengership_18.wav,3.0
/content/drive/MyDrive/Underwater Audio Data/processed/Vessels/Passengership_18_chunk130.wav,Vessels,/content/drive/MyDrive/Underwater Audio Data/data/Vessels/Passengership_18.wav,3.0
/content/drive/MyDrive/Underwater Audio Data/processed/Vessels/Passengership_18_chunk131.wav,Vessels,/content/drive/MyDrive/Underwater Audio Data/data/Vessels/Passengership_18.wav,3.0
/content/drive/MyDrive/Underwater Audio Data/processed/Vessels/Passengership_18_chunk132.wav,Vessels,/content/drive/MyDrive/Underwater Audio Data/data/Vessels/Passengership_18.wav,3.0
/content/drive/MyDrive/Underwater Audio Data/processed/Vessels/Passengership_18_chunk133.wav,Vessels,/content/drive/MyDrive/Underwater Audio Data/data/Vessels/Passengership_18.wav,3.0
/content/drive/MyDrive/Underwater Audio Data/processed/Vessels/Passengership_18_chunk134.wav,Vessels,/content/drive/MyDrive/Underwater Audio Data/data/Vessels/Passengership_18.wav,3.0
/content/drive/MyDrive/Underwater Audio Data/processed/Vessels/Passengership_6_chunk0.wav,Vessels,/content/drive/MyDrive/Underwater Audio Data/data/Vessels/Passengership_6.wav,3.0
/content/drive/MyDrive/Underwater Audio Data/processed/Vessels/Passengership_6_chunk1.wav,Vessels,/content/drive/MyDrive/Underwater Audio Data/data/Vessels/Passengership_6.wav,3.0
/content/drive/MyDrive/Underwater Audio Data/processed/Vessels/Passengership_6_chunk2.wav,Vessels,/content/drive/MyDrive/Underwater Audio Data/data/Vessels/Passengership_6.wav,3.0
/content/drive/MyDrive/Underwater Audio Data/processed/Vessels/Passengership_6_chunk3.wav,Vessels,/content/drive/MyDrive/Underwater Audio Data/data/Vessels/Passengership_6.wav,3.0
/content/drive/MyDrive/Underwater Audio Data/processed/Vessels/Passengership_6_chunk4.wav,Vessels,/content/drive/MyDrive/Underwater Audio Data/data/Vessels/Passengership_6.wav,3.0
/content/drive/MyDrive/Underwater Audio Data/processed/Vessels/Passengership_6_chunk5.wav,Vessels,/content/drive/MyDrive/Underwater Audio Data/data/Vessels/Passengership_6.wav,3.0
/content/drive/MyDrive/Underwater Audio Data/processed/Vessels/Passengership_6_chunk6.wav,Vessels,/content/drive/MyDrive/Underwater Audio Data/data/Vessels/Passengership_6.wav,3.0
/content/drive/MyDrive/Underwater Audio Data/processed/Vessels/Passengership_6_chunk7.wav,Vessels,/content/drive/MyDrive/Underwater Audio Data/data/Vessels/Passengership_6.wav,3.0
/content/drive/MyDrive/Underwater Audio Data/processed/Vessels/Passengership_6_chunk8.wav,Vessels,/content/drive/MyDrive/Underwater Audio Data/data/Vessels/Passengership_6.wav,3.0
/content/drive/MyDrive/Underwater Audio Data/processed/Vessels/Passengership_6_chunk9.wav,Vessels,/content/drive/MyDrive/Underwater Audio Data/data/Vessels/Passengership_6.wav,3.0
/content/drive/MyDrive/Underwater Audio Data/processed/Vessels/Passengership_6_chunk10.wav,Vessels,/content/drive/MyDrive/Underwater Audio Data/data/Vessels/Passengership_6.wav,3.0
/content/drive/MyDrive/Underwater Audio Data/processed/Vessels/Passengership_6_chunk11.wav,Vessels,/content/drive/MyDrive/Underwater Audio Data/data/Vessels/Passengership_6.wav,3.0
/content/drive/MyDrive/Underwater Audio Data/processed/Vessels/Passengership_6_chunk12.wav,Vessels,/content/drive/MyDrive/Underwater Audio Data/data/Vessels/Passengership_6.wav,3.0
/content/drive/MyDrive/Underwater Audio Data/processed/Vessels/Passengership_6_chunk13.wav,Vessels,/content/drive/MyDrive/Underwater Audio Data/data/Vessels/Passengership_6.wav,3.0
/content/drive/MyDrive/Underwater Audio Data/processed/Vessels/Passengership_6_chunk14.wav,Vessels,/content/drive/MyDrive/Underwater Audio Data/data/Vessels/Passengership_6.wav,3.0
/content/drive/MyDrive/Underwater Audio Data/processed/Vessels/Passengership_5_chunk0.wav,Vessels,/content/drive/MyDrive/Underwater Audio Data/data/Vessels/Passengership_5.wav,3.0
/content/drive/MyDrive/Underwater Audio Data/processed/Vessels/Passengership_5_chunk1.wav,Vessels,/content/drive/MyDrive/Underwater Audio Data/data/Vessels/Passengership_5.wav,3.0
/content/drive/MyDrive/Underwater Audio Data/processed/Vessels/Passengership_5_chunk2.wav,Vessels,/content/drive/MyDrive/Underwater Audio Data/data/Vessels/Passengership_5.wav,3.0
/content/drive/MyDrive/Underwater Audio Data/processed/Vessels/Passengership_5_chunk3.wav,Vessels,/content/drive/MyDrive/Underwater Audio Data/data/Vessels/Passengership_5.wav,3.0
/content/drive/MyDrive/Underwater Audio Data/processed/Vessels/Passengership_5_chunk4.wav,Vessels,/content/drive/MyDrive/Underwater Audio Data/data/Vessels/Passengership_5.wav,3.0
/content/drive/MyDrive/Underwater Audio Data/processed/Vessels/Passengership_5_chunk5.wav,Vessels,/content/drive/MyDrive/Underwater Audio Data/data/Vessels/Passengership_5.wav,3.0
/content/drive/MyDrive/Underwater Audio Data/processed/Vessels/Passengership_5_chunk6.wav,Vessels,/content/drive/MyDrive/Underwater Audio Data/data/Vessels/Passengership_5.wav,3.0
/content/drive/MyDrive/Underwater Audio Data/processed/Vessels/Passengership_5_chunk7.wav,Vessels,/content/drive/MyDrive/Underwater Audio Data/data/Vessels/Passengership_5.wav,3.0
/content/drive/MyDrive/Underwater Audio Data/processed/Vessels/Passengership_5_chunk8.wav,Vessels,/content/drive/MyDrive/Underwater Audio Data/data/Vessels/Passengership_5.wav,3.0
/content/drive/MyDrive/Underwater Audio Data/processed/Vessels/Passengership_4_chunk0.wav,Vessels,/content/drive/MyDrive/Underwater Audio Data/data/Vessels/Passengership_4.wav,3.0
/content/drive/MyDrive/Underwater Audio Data/processed/Vessels/Passengership_4_chunk1.wav,Vessels,/content/drive/MyDrive/Underwater Audio Data/data/Vessels/Passengership_4.wav,3.0
/content/drive/MyDrive/Underwater Audio Data/processed/Vessels/Passengership_4_chunk2.wav,Vessels,/content/drive/MyDrive/Underwater Audio Data/data/Vessels/Passengership_4.wav,3.0
/content/drive/MyDrive/Underwater Audio Data/processed/Vessels/Passengership_4_chunk3.wav,Vessels,/content/drive/MyDrive/Underwater Audio Data/data/Vessels/Passengership_4.wav,3.0
/content/drive/MyDrive/Underwater Audio Data/processed/Vessels/Passengership_4_chunk4.wav,Vessels,/content/drive/MyDrive/Underwater Audio Data/data/Vessels/Passengership_4.wav,3.0
/content/drive/MyDrive/Underwater Audio Data/processed/Vessels/Passengership_4_chunk5.wav,Vessels,/content/drive/MyDrive/Underwater Audio Data/data/Vessels/Passengership_4.wav,3.0
/content/drive/MyDrive/Underwater Audio Data/processed/Vessels/Passengership_4_chunk6.wav,Vessels,/content/drive/MyDrive/Underwater Audio Data/data/Vessels/Passengership_4.wav,3.0
/content/drive/MyDrive/Underwater Audio Data/processed/Vessels/Passengership_4_chunk7.wav,Vessels,/content/drive/MyDrive/Underwater Audio Data/data/Vessels/Passengership_4.wav,3.0
/content/drive/MyDrive/Underwater Audio Data/processed/Vessels/Passengership_4_chunk8.wav,Vessels,/content/drive/MyDrive/Underwater Audio Data/data/Vessels/Passengership_4.wav,3.0
/content/drive/MyDrive/Underwater Audio Data/processed/Vessels/Passengership_4_chunk9.wav,Vessels,/content/drive/MyDrive/Underwater Audio Data/data/Vessels/Passengership_4.wav,3.0
/content/drive/MyDrive/Underwater Audio Data/processed/Vessels/Passengership_4_chunk10.wav,Vessels,/content/drive/MyDrive/Underwater Audio Data/data/Vessels/Passengership_4.wav,3.0
/content/drive/MyDrive/Underwater Audio Data/processed/Vessels/Passengership_4_chunk11.wav,Vessels,/content/drive/MyDrive/Underwater Audio Data/data/Vessels/Passengership_4.wav,3.0
/content/drive/MyDrive/Underwater Audio Data/processed/Vessels/Passengership_4_chunk12.wav,Vessels,/content/drive/MyDrive/Underwater Audio Data/data/Vessels/Passengership_4.wav,3.0
/content/drive/MyDrive/Underwater Audio Data/processed/Vessels/Passengership_4_chunk13.wav,Vessels,/content/drive/MyDrive/Underwater Audio Data/data/Vessels/Passengership_4.wav,3.0
/content/drive/MyDrive/Underwater Audio Data/processed/Vessels/Passengership_4_chunk14.wav,Vessels,/content/drive/MyDrive/Underwater Audio Data/data/Vessels/Passengership_4.wav,3.0
/content/drive/MyDrive/Underwater Audio Data/processed/Vessels/Passengership_4_chunk15.wav,Vessels,/content/drive/MyDrive/Underwater Audio Data/data/Vessels/Passengership_4.wav,3.0
/content/drive/MyDrive/Underwater Audio Data/processed/Vessels/Passengership_4_chunk16.wav,Vessels,/content/drive/MyDrive/Underwater Audio Data/data/Vessels/Passengership_4.wav,3.0
/content/drive/MyDrive/Underwater Audio Data/processed/Vessels/Passengership_4_chunk17.wav,Vessels,/content/drive/MyDrive/Underwater Audio Data/data/Vessels/Passengership_4.wav,3.0
/content/drive/MyDrive/Underwater Audio Data/processed/Vessels/Passengership_4_chunk18.wav,Vessels,/content/drive/MyDrive/Underwater Audio Data/data/Vessels/Passengership_4.wav,3.0
/content/drive/MyDrive/Underwater Audio Data/processed/Vessels/Passengership_4_chunk19.wav,Vessels,/content/drive/MyDrive/Underwater Audio Data/data/Vessels/Passengership_4.wav,3.0
/content/drive/MyDrive/Underwater Audio Data/processed/Vessels/Passengership_4_chunk20.wav,Vessels,/content/drive/MyDrive/Underwater Audio Data/data/Vessels/Passengership_4.wav,3.0
/content/drive/MyDrive/Underwater Audio Data/processed/Vessels/Passengership_4_chunk21.wav,Vessels,/content/drive/MyDrive/Underwater Audio Data/data/Vessels/Passengership_4.wav,3.0
/content/drive/MyDrive/Underwater Audio Data/processed/Vessels/Passengership_4_chunk22.wav,Vessels,/content/drive/MyDrive/Underwater Audio Data/data/Vessels/Passengership_4.wav,3.0
/content/drive/MyDrive/Underwater Audio Data/processed/Vessels/Passengership_4_chunk23.wav,Vessels,/content/drive/MyDrive/Underwater Audio Data/data/Vessels/Passengership_4.wav,3.0
/content/drive/MyDrive/Underwater Audio Data/processed/Vessels/Passengership_4_chunk24.wav,Vessels,/content/drive/MyDrive/Underwater Audio Data/data/Vessels/Passengership_4.wav,3.0
/content/drive/MyDrive/Underwater Audio Data/processed/Vessels/Passengership_4_chunk25.wav,Vessels,/content/drive/MyDrive/Underwater Audio Data/data/Vessels/Passengership_4.wav,3.0
/content/drive/MyDrive/Underwater Audio Data/processed/Vessels/Passengership_4_chunk26.wav,Vessels,/content/drive/MyDrive/Underwater Audio Data/data/Vessels/Passengership_4.wav,3.0
/content/drive/MyDrive/Underwater Audio Data/processed/Vessels/Passengership_4_chunk27.wav,Vessels,/content/drive/MyDrive/Underwater Audio Data/data/Vessels/Passengership_4.wav,3.0
/content/drive/MyDrive/Underwater Audio Data/processed/Vessels/Passengership_4_chunk28.wav,Vessels,/content/drive/MyDrive/Underwater Audio Data/data/Vessels/Passengership_4.wav,3.0
/content/drive/MyDrive/Underwater Audio Data/processed/Vessels/Passengership_4_chunk29.wav,Vessels,/content/drive/MyDrive/Underwater Audio Data/data/Vessels/Passengership_4.wav,3.0
/content/drive/MyDrive/Underwater Audio Data/processed/Vessels/Passengership_4_chunk30.wav,Vessels,/content/drive/MyDrive/Underwater Audio Data/data/Vessels/Passengership_4.wav,3.0
/content/drive/MyDrive/Underwater Audio Data/processed/Vessels/Passengership_4_chunk31.wav,Vessels,/content/drive/MyDrive/Underwater Audio Data/data/Vessels/Passengership_4.wav,3.0
/content/drive/MyDrive/Underwater Audio Data/processed/Vessels/Passengership_4_chunk32.wav,Vessels,/content/drive/MyDrive/Underwater Audio Data/data/Vessels/Passengership_4.wav,3.0
/content/drive/MyDrive/Underwater Audio Data/processed/Vessels/Passengership_4_chunk33.wav,Vessels,/content/drive/MyDrive/Underwater Audio Data/data/Vessels/Passengership_4.wav,3.0
/content/drive/MyDrive/Underwater Audio Data/processed/Vessels/Passengership_4_chunk34.wav,Vessels,/content/drive/MyDrive/Underwater Audio Data/data/Vessels/Passengership_4.wav,3.0
/content/drive/MyDrive/Underwater Audio Data/processed/Vessels/Passengership_4_chunk35.wav,Vessels,/content/drive/MyDrive/Underwater Audio Data/data/Vessels/Passengership_4.wav,3.0
/content/drive/MyDrive/Underwater Audio Data/processed/Vessels/Passengership_4_chunk36.wav,Vessels,/content/drive/MyDrive/Underwater Audio Data/data/Vessels/Passengership_4.wav,3.0
/content/drive/MyDrive/Underwater Audio Data/processed/Vessels/Passengership_4_chunk37.wav,Vessels,/content/drive/MyDrive/Underwater Audio Data/data/Vessels/Passengership_4.wav,3.0
/content/drive/MyDrive/Underwater Audio Data/processed/Vessels/Passengership_4_chunk38.wav,Vessels,/content/drive/MyDrive/Underwater Audio Data/data/Vessels/Passengership_4.wav,3.0
/content/drive/MyDrive/Underwater Audio Data/processed/Vessels/Passengership_4_chunk39.wav,Vessels,/content/drive/MyDrive/Underwater Audio Data/data/Vessels/Passengership_4.wav,3.0
/content/drive/MyDrive/Underwater Audio Data/processed/Vessels/Passengership_4_chunk40.wav,Vessels,/content/drive/MyDrive/Underwater Audio Data/data/Vessels/Passengership_4.wav,3.0
/content/drive/MyDrive/Underwater Audio Data/processed/Vessels/Passengership_4_chunk41.wav,Vessels,/content/drive/MyDrive/Underwater Audio Data/data/Vessels/Passengership_4.wav,3.0
/content/drive/MyDrive/Underwater Audio Data/processed/Vessels/Passengership_4_chunk42.wav,Vessels,/content/drive/MyDrive/Underwater Audio Data/data/Vessels/Passengership_4.wav,3.0
/content/drive/MyDrive/Underwater Audio Data/processed/Vessels/Passengership_4_chunk43.wav,Vessels,/content/drive/MyDrive/Underwater Audio Data/data/Vessels/Passengership_4.wav,3.0
/content/drive/MyDrive/Underwater Audio Data/processed/Vessels/Passengership_4_chunk44.wav,Vessels,/content/drive/MyDrive/Underwater Audio Data/data/Vessels/Passengership_4.wav,3.0
/content/drive/MyDrive/Underwater Audio Data/processed/Vessels/Passengership_4_chunk45.wav,Vessels,/content/drive/MyDrive/Underwater Audio Data/data/Vessels/Passengership_4.wav,3.0
/content/drive/MyDrive/Underwater Audio Data/processed/Vessels/Passengership_4_chunk46.wav,Vessels,/content/drive/MyDrive/Underwater Audio Data/data/Vessels/Passengership_4.wav,3.0
/content/drive/MyDrive/Underwater Audio Data/processed/Vessels/Passengership_4_chunk47.wav,Vessels,/content/drive/MyDrive/Underwater Audio Data/data/Vessels/Passengership_4.wav,3.0
/content/drive/MyDrive/Underwater Audio Data/processed/Vessels/Passengership_4_chunk48.wav,Vessels,/content/drive/MyDrive/Underwater Audio Data/data/Vessels/Passengership_4.wav,3.0
/content/drive/MyDrive/Underwater Audio Data/processed/Vessels/Passengership_4_chunk49.wav,Vessels,/content/drive/MyDrive/Underwater Audio Data/data/Vessels/Passengership_4.wav,3.0
/content/drive/MyDrive/Underwater Audio Data/processed/Vessels/Passengership_4_chunk50.wav,Vessels,/content/drive/MyDrive/Underwater Audio Data/data/Vessels/Passengership_4.wav,3.0
/content/drive/MyDrive/Underwater Audio Data/processed/Vessels/Passengership_4_chunk51.wav,Vessels,/content/drive/MyDrive/Underwater Audio Data/data/Vessels/Passengership_4.wav,3.0
/content/drive/MyDrive/Underwater Audio Data/processed/Vessels/Passengership_4_chunk52.wav,Vessels,/content/drive/MyDrive/Underwater Audio Data/data/Vessels/Passengership_4.wav,3.0
/content/drive/MyDrive/Underwater Audio Data/processed/Vessels/Passengership_4_chunk53.wav,Vessels,/content/drive/MyDrive/Underwater Audio Data/data/Vessels/Passengership_4.wav,3.0
/content/drive/MyDrive/Underwater Audio Data/processed/Vessels/Passengership_4_chunk54.wav,Vessels,/content/drive/MyDrive/Underwater Audio Data/data/Vessels/Passengership_4.wav,3.0
/content/drive/MyDrive/Underwater Audio Data/processed/Vessels/Passengership_4_chunk55.wav,Vessels,/content/drive/MyDrive/Underwater Audio Data/data/Vessels/Passengership_4.wav,3.0
/content/drive/MyDrive/Underwater Audio Data/processed/Vessels/Passengership_4_chunk56.wav,Vessels,/content/drive/MyDrive/Underwater Audio Data/data/Vessels/Passengership_4.wav,3.0
/content/drive/MyDrive/Underwater Audio Data/processed/Vessels/Passengership_4_chunk57.wav,Vessels,/content/drive/MyDrive/Underwater Audio Data/data/Vessels/Passengership_4.wav,3.0
/content/drive/MyDrive/Underwater Audio Data/processed/Vessels/Passengership_4_chunk58.wav,Vessels,/content/drive/MyDrive/Underwater Audio Data/data/Vessels/Passengership_4.wav,3.0
/content/drive/MyDrive/Underwater Audio Data/processed/Vessels/Passengership_4_chunk59.wav,Vessels,/content/drive/MyDrive/Underwater Audio Data/data/Vessels/Passengership_4.wav,3.0
/content/drive/MyDrive/Underwater Audio Data/processed/Vessels/Passengership_4_chunk60.wav,Vessels,/content/drive/MyDrive/Underwater Audio Data/data/Vessels/Passengership_4.wav,3.0
/content/drive/MyDrive/Underwater Audio Data/processed/Vessels/Passengership_4_chunk61.wav,Vessels,/content/drive/MyDrive/Underwater Audio Data/data/Vessels/Passengership_4.wav,3.0
/content/drive/MyDrive/Underwater Audio Data/processed/Vessels/Passengership_4_chunk62.wav,Vessels,/content/drive/MyDrive/Underwater Audio Data/data/Vessels/Passengership_4.wav,3.0
/content/drive/MyDrive/Underwater Audio Data/processed/Vessels/Passengership_4_chunk63.wav,Vessels,/content/drive/MyDrive/Underwater Audio Data/data/Vessels/Passengership_4.wav,3.0
/content/drive/MyDrive/Underwater Audio Data/processed/Vessels/Passengership_4_chunk64.wav,Vessels,/content/drive/MyDrive/Underwater Audio Data/data/Vessels/Passengership_4.wav,3.0
/content/drive/MyDrive/Underwater Audio Data/processed/Vessels/Passengership_4_chunk65.wav,Vessels,/content/drive/MyDrive/Underwater Audio Data/data/Vessels/Passengership_4.wav,3.0
/content/drive/MyDrive/Underwater Audio Data/processed/Vessels/Passengership_4_chunk66.wav,Vessels,/content/drive/MyDrive/Underwater Audio Data/data/Vessels/Passengership_4.wav,3.0
/content/drive/MyDrive/Underwater Audio Data/processed/Vessels/Passengership_4_chunk67.wav,Vessels,/content/drive/MyDrive/Underwater Audio Data/data/Vessels/Passengership_4.wav,3.0
/content/drive/MyDrive/Underwater Audio Data/processed/Vessels/Passengership_4_chunk68.wav,Vessels,/content/drive/MyDrive/Underwater Audio Data/data/Vessels/Passengership_4.wav,3.0
/content/drive/MyDrive/Underwater Audio Data/processed/Vessels/Passengership_4_chunk69.wav,Vessels,/content/drive/MyDrive/Underwater Audio Data/data/Vessels/Passengership_4.wav,3.0
/content/drive/MyDrive/Underwater Audio Data/processed/Vessels/Passengership_4_chunk70.wav,Vessels,/content/drive/MyDrive/Underwater Audio Data/data/Vessels/Passengership_4.wav,3.0
/content/drive/MyDrive/Underwater Audio Data/processed/Vessels/Passengership_4_chunk71.wav,Vessels,/content/drive/MyDrive/Underwater Audio Data/data/Vessels/Passengership_4.wav,3.0
/content/drive/MyDrive/Underwater Audio Data/processed/Vessels/Passengership_4_chunk72.wav,Vessels,/content/drive/MyDrive/Underwater Audio Data/data/Vessels/Passengership_4.wav,3.0
/content/drive/MyDrive/Underwater Audio Data/processed/Vessels/Passengership_4_chunk73.wav,Vessels,/content/drive/MyDrive/Underwater Audio Data/data/Vessels/Passengership_4.wav,3.0
/content/drive/MyDrive/Underwater Audio Data/processed/Vessels/Passengership_4_chunk74.wav,Vessels,/content/drive/MyDrive/Underwater Audio Data/data/Vessels/Passengership_4.wav,3.0
/content/drive/MyDrive/Underwater Audio Data/processed/Vessels/Passengership_4_chunk75.wav,Vessels,/content/drive/MyDrive/Underwater Audio Data/data/Vessels/Passengership_4.wav,3.0
/content/drive/MyDrive/Underwater Audio Data/processed/Vessels/Passengership_4_chunk76.wav,Vessels,/content/drive/MyDrive/Underwater Audio Data/data/Vessels/Passengership_4.wav,3.0
/content/drive/MyDrive/Underwater Audio Data/processed/Vessels/Passengership_4_chunk77.wav,Vessels,/content/drive/MyDrive/Underwater Audio Data/data/Vessels/Passengership_4.wav,3.0
/content/drive/MyDrive/Underwater Audio Data/processed/Vessels/Passengership_4_chunk78.wav,Vessels,/content/drive/MyDrive/Underwater Audio Data/data/Vessels/Passengership_4.wav,3.0
/content/drive/MyDrive/Underwater Audio Data/processed/Vessels/Passengership_4_chunk79.wav,Vessels,/content/drive/MyDrive/Underwater Audio Data/data/Vessels/Passengership_4.wav,3.0
/content/drive/MyDrive/Underwater Audio Data/processed/Vessels/Passengership_4_chunk80.wav,Vessels,/content/drive/MyDrive/Underwater Audio Data/data/Vessels/Passengership_4.wav,3.0
/content/drive/MyDrive/Underwater Audio Data/processed/Vessels/Passengership_4_chunk81.wav,Vessels,/content/drive/MyDrive/Underwater Audio Data/data/Vessels/Passengership_4.wav,3.0
/content/drive/MyDrive/Underwater Audio Data/processed/Vessels/Passengership_4_chunk82.wav,Vessels,/content/drive/MyDrive/Underwater Audio Data/data/Vessels/Passengership_4.wav,3.0
/content/drive/MyDrive/Underwater Audio Data/processed/Vessels/Passengership_4_chunk83.wav,Vessels,/content/drive/MyDrive/Underwater Audio Data/data/Vessels/Passengership_4.wav,3.0
/content/drive/MyDrive/Underwater Audio Data/processed/Vessels/Passengership_4_chunk84.wav,Vessels,/content/drive/MyDrive/Underwater Audio Data/data/Vessels/Passengership_4.wav,3.0
/content/drive/MyDrive/Underwater Audio Data/processed/Vessels/Passengership_4_chunk85.wav,Vessels,/content/drive/MyDrive/Underwater Audio Data/data/Vessels/Passengership_4.wav,3.0
/content/drive/MyDrive/Underwater Audio Data/processed/Vessels/Passengership_4_chunk86.wav,Vessels,/content/drive/MyDrive/Underwater Audio Data/data/Vessels/Passengership_4.wav,3.0
/content/drive/MyDrive/Underwater Audio Data/processed/Vessels/Passengership_4_chunk87.wav,Vessels,/content/drive/MyDrive/Underwater Audio Data/data/Vessels/Passengership_4.wav,3.0
/content/drive/MyDrive/Underwater Audio Data/processed/Vessels/Passengership_4_chunk88.wav,Vessels,/content/drive/MyDrive/Underwater Audio Data/data/Vessels/Passengership_4.wav,3.0
/content/drive/MyDrive/Underwater Audio Data/processed/Vessels/Passengership_4_chunk89.wav,Vessels,/content/drive/MyDrive/Underwater Audio Data/data/Vessels/Passengership_4.wav,3.0
/content/drive/MyDrive/Underwater Audio Data/processed/Vessels/Passengership_4_chunk90.wav,Vessels,/content/drive/MyDrive/Underwater Audio Data/data/Vessels/Passengership_4.wav,3.0
/content/drive/MyDrive/Underwater Audio Data/processed/Vessels/Passengership_4_chunk91.wav,Vessels,/content/drive/MyDrive/Underwater Audio Data/data/Vessels/Passengership_4.wav,3.0
/content/drive/MyDrive/Underwater Audio Data/processed/Vessels/Passengership_4_chunk92.wav,Vessels,/content/drive/MyDrive/Underwater Audio Data/data/Vessels/Passengership_4.wav,3.0
/content/drive/MyDrive/Underwater Audio Data/processed/Vessels/Passengership_4_chunk93.wav,Vessels,/content/drive/MyDrive/Underwater Audio Data/data/Vessels/Passengership_4.wav,3.0
/content/drive/MyDrive/Underwater Audio Data/processed/Vessels/Passengership_4_chunk94.wav,Vessels,/content/drive/MyDrive/Underwater Audio Data/data/Vessels/Passengership_4.wav,3.0
/content/drive/MyDrive/Underwater Audio Data/processed/Vessels/Passengership_4_chunk95.wav,Vessels,/content/drive/MyDrive/Underwater Audio Data/data/Vessels/Passengership_4.wav,3.0
/content/drive/MyDrive/Underwater Audio Data/processed/Vessels/Passengership_4_chunk96.wav,Vessels,/content/drive/MyDrive/Underwater Audio Data/data/Vessels/Passengership_4.wav,3.0
/content/drive/MyDrive/Underwater Audio Data/processed/Vessels/Passengership_4_chunk97.wav,Vessels,/content/drive/MyDrive/Underwater Audio Data/data/Vessels/Passengership_4.wav,3.0
/content/drive/MyDrive/Underwater Audio Data/processed/Vessels/Passengership_4_chunk98.wav,Vessels,/content/drive/MyDrive/Underwater Audio Data/data/Vessels/Passengership_4.wav,3.0
/content/drive/MyDrive/Underwater Audio Data/processed/Vessels/Passengership_4_chunk99.wav,Vessels,/content/drive/MyDrive/Underwater Audio Data/data/Vessels/Passengership_4.wav,3.0
/content/drive/MyDrive/Underwater Audio Data/processed/Vessels/Passengership_4_chunk100.wav,Vessels,/content/drive/MyDrive/Underwater Audio Data/data/Vessels/Passengership_4.wav,3.0
/content/drive/MyDrive/Underwater Audio Data/processed/Vessels/Passengership_4_chunk101.wav,Vessels,/content/drive/MyDrive/Underwater Audio Data/data/Vessels/Passengership_4.wav,3.0
/content/drive/MyDrive/Underwater Audio Data/processed/Vessels/Passengership_4_chunk102.wav,Vessels,/content/drive/MyDrive/Underwater Audio Data/data/Vessels/Passengership_4.wav,3.0
/content/drive/MyDrive/Underwater Audio Data/processed/Vessels/Passengership_4_chunk103.wav,Vessels,/content/drive/MyDrive/Underwater Audio Data/data/Vessels/Passengership_4.wav,3.0
/content/drive/MyDrive/Underwater Audio Data/processed/Vessels/Passengership_4_chunk104.wav,Vessels,/content/drive/MyDrive/Underwater Audio Data/data/Vessels/Passengership_4.wav,3.0
/content/drive/MyDrive/Underwater Audio Data/processed/Vessels/Passengership_4_chunk105.wav,Vessels,/content/drive/MyDrive/Underwater Audio Data/data/Vessels/Passengership_4.wav,3.0
/content/drive/MyDrive/Underwater Audio Data/processed/Vessels/Passengership_4_chunk106.wav,Vessels,/content/drive/MyDrive/Underwater Audio Data/data/Vessels/Passengership_4.wav,3.0
/content/drive/MyDrive/Underwater Audio Data/processed/Vessels/Passengership_4_chunk107.wav,Vessels,/content/drive/MyDrive/Underwater Audio Data/data/Vessels/Passengership_4.wav,3.0
/content/drive/MyDrive/Underwater Audio Data/processed/Vessels/Passengership_3_chunk0.wav,Vessels,/content/drive/MyDrive/Underwater Audio Data/data/Vessels/Passengership_3.wav,3.0
/content/drive/MyDrive/Underwater Audio Data/processed/Vessels/Passengership_3_chunk1.wav,Vessels,/content/drive/MyDrive/Underwater Audio Data/data/Vessels/Passengership_3.wav,3.0
/content/drive/MyDrive/Underwater Audio Data/processed/Vessels/Passengership_3_chunk2.wav,Vessels,/content/drive/MyDrive/Underwater Audio Data/data/Vessels/Passengership_3.wav,3.0
/content/drive/MyDrive/Underwater Audio Data/processed/Vessels/Passengership_3_chunk3.wav,Vessels,/content/drive/MyDrive/Underwater Audio Data/data/Vessels/Passengership_3.wav,3.0
/content/drive/MyDrive/Underwater Audio Data/processed/Vessels/Passengership_3_chunk4.wav,Vessels,/content/drive/MyDrive/Underwater Audio Data/data/Vessels/Passengership_3.wav,3.0
/content/drive/MyDrive/Underwater Audio Data/processed/Vessels/Passengership_3_chunk5.wav,Vessels,/content/drive/MyDrive/Underwater Audio Data/data/Vessels/Passengership_3.wav,3.0
/content/drive/MyDrive/Underwater Audio Data/processed/Vessels/Passengership_3_chunk6.wav,Vessels,/content/drive/MyDrive/Underwater Audio Data/data/Vessels/Passengership_3.wav,3.0
/content/drive/MyDrive/Underwater Audio Data/processed/Vessels/Passengership_3_chunk7.wav,Vessels,/content/drive/MyDrive/Underwater Audio Data/data/Vessels/Passengership_3.wav,3.0
/content/drive/MyDrive/Underwater Audio Data/processed/Vessels/Passengership_3_chunk8.wav,Vessels,/content/drive/MyDrive/Underwater Audio Data/data/Vessels/Passengership_3.wav,3.0
/content/drive/MyDrive/Underwater Audio Data/processed/Vessels/Passengership_3_chunk9.wav,Vessels,/content/drive/MyDrive/Underwater Audio Data/data/Vessels/Passengership_3.wav,3.0
/content/drive/MyDrive/Underwater Audio Data/processed/Vessels/Passengership_3_chunk10.wav,Vessels,/content/drive/MyDrive/Underwater Audio Data/data/Vessels/Passengership_3.wav,3.0
/content/drive/MyDrive/Underwater Audio Data/processed/Vessels/Passengership_3_chunk11.wav,Vessels,/content/drive/MyDrive/Underwater Audio Data/data/Vessels/Passengership_3.wav,3.0
/content/drive/MyDrive/Underwater Audio Data/processed/Vessels/Passengership_3_chunk12.wav,Vessels,/content/drive/MyDrive/Underwater Audio Data/data/Vessels/Passengership_3.wav,3.0
/content/drive/MyDrive/Underwater Audio Data/processed/Vessels/Passengership_3_chunk13.wav,Vessels,/content/drive/MyDrive/Underwater Audio Data/data/Vessels/Passengership_3.wav,3.0
/content/drive/MyDrive/Underwater Audio Data/processed/Vessels/Passengership_3_chunk14.wav,Vessels,/content/drive/MyDrive/Underwater Audio Data/data/Vessels/Passengership_3.wav,3.0
/content/drive/MyDrive/Underwater Audio Data/processed/Vessels/Passengership_3_chunk15.wav,Vessels,/content/drive/MyDrive/Underwater Audio Data/data/Vessels/Passengership_3.wav,3.0
/content/drive/MyDrive/Underwater Audio Data/processed/Vessels/Passengership_3_chunk16.wav,Vessels,/content/drive/MyDrive/Underwater Audio Data/data/Vessels/Passengership_3.wav,3.0
/content/drive/MyDrive/Underwater Audio Data/processed/Vessels/Passengership_3_chunk17.wav,Vessels,/content/drive/MyDrive/Underwater Audio Data/data/Vessels/Passengership_3.wav,3.0
/content/drive/MyDrive/Underwater Audio Data/processed/Vessels/Passengership_3_chunk18.wav,Vessels,/content/drive/MyDrive/Underwater Audio Data/data/Vessels/Passengership_3.wav,3.0
/content/drive/MyDrive/Underwater Audio Data/processed/Vessels/Passengership_2_chunk0.wav,Vessels,/content/drive/MyDrive/Underwater Audio Data/data/Vessels/Passengership_2.wav,3.0
/content/drive/MyDrive/Underwater Audio Data/processed/Vessels/Passengership_2_chunk1.wav,Vessels,/content/drive/MyDrive/Underwater Audio Data/data/Vessels/Passengership_2.wav,3.0
/content/drive/MyDrive/Underwater Audio Data/processed/Vessels/Passengership_2_chunk2.wav,Vessels,/content/drive/MyDrive/Underwater Audio Data/data/Vessels/Passengership_2.wav,3.0
/content/drive/MyDrive/Underwater Audio Data/processed/Vessels/Passengership_2_chunk3.wav,Vessels,/content/drive/MyDrive/Underwater Audio Data/data/Vessels/Passengership_2.wav,3.0
/content/drive/MyDrive/Underwater Audio Data/processed/Vessels/Passengership_2_chunk4.wav,Vessels,/content/drive/MyDrive/Underwater Audio Data/data/Vessels/Passengership_2.wav,3.0
/content/drive/MyDrive/Underwater Audio Data/processed/Vessels/Passengership_2_chunk5.wav,Vessels,/content/drive/MyDrive/Underwater Audio Data/data/Vessels/Passengership_2.wav,3.0
/content/drive/MyDrive/Underwater Audio Data/processed/Vessels/Passengership_2_chunk6.wav,Vessels,/content/drive/MyDrive/Underwater Audio Data/data/Vessels/Passengership_2.wav,3.0
/content/drive/MyDrive/Underwater Audio Data/processed/Vessels/Passengership_1_chunk0.wav,Vessels,/content/drive/MyDrive/Underwater Audio Data/data/Vessels/Passengership_1.wav,3.0
/content/drive/MyDrive/Underwater Audio Data/processed/Vessels/Passengership_1_chunk1.wav,Vessels,/content/drive/MyDrive/Underwater Audio Data/data/Vessels/Passengership_1.wav,3.0
/content/drive/MyDrive/Underwater Audio Data/processed/Vessels/Passengership_1_chunk2.wav,Vessels,/content/drive/MyDrive/Underwater Audio Data/data/Vessels/Passengership_1.wav,3.0
/content/drive/MyDrive/Underwater Audio Data/processed/Vessels/Passengership_1_chunk3.wav,Vessels,/content/drive/MyDrive/Underwater Audio Data/data/Vessels/Passengership_1.wav,3.0
/content/drive/MyDrive/Underwater Audio Data/processed/Vessels/Passengership_1_chunk4.wav,Vessels,/content/drive/MyDrive/Underwater Audio Data/data/Vessels/Passengership_1.wav,3.0
/content/drive/MyDrive/Underwater Audio Data/processed/Vessels/Passengership_1_chunk5.wav,Vessels,/content/drive/MyDrive/Underwater Audio Data/data/Vessels/Passengership_1.wav,3.0
/content/drive/MyDrive/Underwater Audio Data/processed/Vessels/Passengership_1_chunk6.wav,Vessels,/content/drive/MyDrive/Underwater Audio Data/data/Vessels/Passengership_1.wav,3.0
/content/drive/MyDrive/Underwater Audio Data/processed/Vessels/Tanker_20_chunk0.wav,Vessels,/content/drive/MyDrive/Underwater Audio Data/data/Vessels/Tanker_20.wav,3.0
/content/drive/MyDrive/Underwater Audio Data/processed/Vessels/Tanker_20_chunk1.wav,Vessels,/content/drive/MyDrive/Underwater Audio Data/data/Vessels/Tanker_20.wav,3.0
/content/drive/MyDrive/Underwater Audio Data/processed/Vessels/Tanker_20_chunk2.wav,Vessels,/content/drive/MyDrive/Underwater Audio Data/data/Vessels/Tanker_20.wav,3.0
/content/drive/MyDrive/Underwater Audio Data/processed/Vessels/Tanker_20_chunk3.wav,Vessels,/content/drive/MyDrive/Underwater Audio Data/data/Vessels/Tanker_20.wav,3.0
/content/drive/MyDrive/Underwater Audio Data/processed/Vessels/Tanker_20_chunk4.wav,Vessels,/content/drive/MyDrive/Underwater Audio Data/data/Vessels/Tanker_20.wav,3.0
/content/drive/MyDrive/Underwater Audio Data/processed/Vessels/Tanker_20_chunk5.wav,Vessels,/content/drive/MyDrive/Underwater Audio Data/data/Vessels/Tanker_20.wav,3.0
/content/drive/MyDrive/Underwater Audio Data/processed/Vessels/Tanker_20_chunk6.wav,Vessels,/content/drive/MyDrive/Underwater Audio Data/data/Vessels/Tanker_20.wav,3.0
/content/drive/MyDrive/Underwater Audio Data/processed/Vessels/Tanker_20_chunk7.wav,Vessels,/content/drive/MyDrive/Underwater Audio Data/data/Vessels/Tanker_20.wav,3.0
/content/drive/MyDrive/Underwater Audio Data/processed/Vessels/Tanker_20_chunk8.wav,Vessels,/content/drive/MyDrive/Underwater Audio Data/data/Vessels/Tanker_20.wav,3.0
/content/drive/MyDrive/Underwater Audio Data/processed/Vessels/Tanker_20_chunk9.wav,Vessels,/content/drive/MyDrive/Underwater Audio Data/data/Vessels/Tanker_20.wav,3.0
/content/drive/MyDrive/Underwater Audio Data/processed/Vessels/Tanker_20_chunk10.wav,Vessels,/content/drive/MyDrive/Underwater Audio Data/data/Vessels/Tanker_20.wav,3.0
/content/drive/MyDrive/Underwater Audio Data/processed/Vessels/Tanker_20_chunk11.wav,Vessels,/content/drive/MyDrive/Underwater Audio Data/data/Vessels/Tanker_20.wav,3.0
/content/drive/MyDrive/Underwater Audio Data/processed/Vessels/Tanker_20_chunk12.wav,Vessels,/content/drive/MyDrive/Underwater Audio Data/data/Vessels/Tanker_20.wav,3.0
/content/drive/MyDrive/Underwater Audio Data/processed/Vessels/Tanker_20_chunk13.wav,Vessels,/content/drive/MyDrive/Underwater Audio Data/data/Vessels/Tanker_20.wav,3.0
/content/drive/MyDrive/Underwater Audio Data/processed/Vessels/Tanker_20_chunk14.wav,Vessels,/content/drive/MyDrive/Underwater Audio Data/data/Vessels/Tanker_20.wav,3.0
/content/drive/MyDrive/Underwater Audio Data/processed/Vessels/Tanker_20_chunk15.wav,Vessels,/content/drive/MyDrive/Underwater Audio Data/data/Vessels/Tanker_20.wav,3.0
/content/drive/MyDrive/Underwater Audio Data/processed/Vessels/Tanker_20_chunk16.wav,Vessels,/content/drive/MyDrive/Underwater Audio Data/data/Vessels/Tanker_20.wav,3.0
/content/drive/MyDrive/Underwater Audio Data/processed/Vessels/Tanker_20_chunk17.wav,Vessels,/content/drive/MyDrive/Underwater Audio Data/data/Vessels/Tanker_20.wav,3.0
/content/drive/MyDrive/Underwater Audio Data/processed/Vessels/Tanker_20_chunk18.wav,Vessels,/content/drive/MyDrive/Underwater Audio Data/data/Vessels/Tanker_20.wav,3.0
/content/drive/MyDrive/Underwater Audio Data/processed/Vessels/Tanker_21_chunk0.wav,Vessels,/content/drive/MyDrive/Underwater Audio Data/data/Vessels/Tanker_21.wav,3.0
/content/drive/MyDrive/Underwater Audio Data/processed/Vessels/Tanker_21_chunk1.wav,Vessels,/content/drive/MyDrive/Underwater Audio Data/data/Vessels/Tanker_21.wav,3.0
/content/drive/MyDrive/Underwater Audio Data/processed/Vessels/Tanker_21_chunk2.wav,Vessels,/content/drive/MyDrive/Underwater Audio Data/data/Vessels/Tanker_21.wav,3.0
/content/drive/MyDrive/Underwater Audio Data/processed/Vessels/Tanker_21_chunk3.wav,Vessels,/content/drive/MyDrive/Underwater Audio Data/data/Vessels/Tanker_21.wav,3.0
/content/drive/MyDrive/Underwater Audio Data/processed/Vessels/Tanker_21_chunk4.wav,Vessels,/content/drive/MyDrive/Underwater Audio Data/data/Vessels/Tanker_21.wav,3.0
/content/drive/MyDrive/Underwater Audio Data/processed/Vessels/Tanker_21_chunk5.wav,Vessels,/content/drive/MyDrive/Underwater Audio Data/data/Vessels/Tanker_21.wav,3.0
/content/drive/MyDrive/Underwater Audio Data/processed/Vessels/Tanker_21_chunk6.wav,Vessels,/content/drive/MyDrive/Underwater Audio Data/data/Vessels/Tanker_21.wav,3.0
/content/drive/MyDrive/Underwater Audio Data/processed/Vessels/Tanker_21_chunk7.wav,Vessels,/content/drive/MyDrive/Underwater Audio Data/data/Vessels/Tanker_21.wav,3.0
/content/drive/MyDrive/Underwater Audio Data/processed/Vessels/Tanker_21_chunk8.wav,Vessels,/content/drive/MyDrive/Underwater Audio Data/data/Vessels/Tanker_21.wav,3.0
/content/drive/MyDrive/Underwater Audio Data/processed/Vessels/Tanker_21_chunk9.wav,Vessels,/content/drive/MyDrive/Underwater Audio Data/data/Vessels/Tanker_21.wav,3.0
/content/drive/MyDrive/Underwater Audio Data/processed/Vessels/Tanker_21_chunk10.wav,Vessels,/content/drive/MyDrive/Underwater Audio Data/data/Vessels/Tanker_21.wav,3.0
/content/drive/MyDrive/Underwater Audio Data/processed/Vessels/Tanker_21_chunk11.wav,Vessels,/content/drive/MyDrive/Underwater Audio Data/data/Vessels/Tanker_21.wav,3.0
/content/drive/MyDrive/Underwater Audio Data/processed/Vessels/Tanker_21_chunk12.wav,Vessels,/content/drive/MyDrive/Underwater Audio Data/data/Vessels/Tanker_21.wav,3.0
/content/drive/MyDrive/Underwater Audio Data/processed/Vessels/Tanker_21_chunk13.wav,Vessels,/content/drive/MyDrive/Underwater Audio Data/data/Vessels/Tanker_21.wav,3.0
/content/drive/MyDrive/Underwater Audio Data/processed/Vessels/Tanker_21_chunk14.wav,Vessels,/content/drive/MyDrive/Underwater Audio Data/data/Vessels/Tanker_21.wav,3.0
/content/drive/MyDrive/Underwater Audio Data/processed/Vessels/Tanker_21_chunk15.wav,Vessels,/content/drive/MyDrive/Underwater Audio Data/data/Vessels/Tanker_21.wav,3.0
/content/drive/MyDrive/Underwater Audio Data/processed/Vessels/Tanker_21_chunk16.wav,Vessels,/content/drive/MyDrive/Underwater Audio Data/data/Vessels/Tanker_21.wav,3.0
/content/drive/MyDrive/Underwater Audio Data/processed/Vessels/Tanker_21_chunk17.wav,Vessels,/content/drive/MyDrive/Underwater Audio Data/data/Vessels/Tanker_21.wav,3.0
/content/drive/MyDrive/Underwater Audio Data/processed/Vessels/Tanker_21_chunk18.wav,Vessels,/content/drive/MyDrive/Underwater Audio Data/data/Vessels/Tanker_21.wav,3.0
/content/drive/MyDrive/Underwater Audio Data/processed/Vessels/Tanker_21_chunk19.wav,Vessels,/content/drive/MyDrive/Underwater Audio Data/data/Vessels/Tanker_21.wav,3.0
/content/drive/MyDrive/Underwater Audio Data/processed/Vessels/Tanker_21_chunk20.wav,Vessels,/content/drive/MyDrive/Underwater Audio Data/data/Vessels/Tanker_21.wav,3.0
/content/drive/MyDrive/Underwater Audio Data/processed/Vessels/Tanker_15_chunk0.wav,Vessels,/content/drive/MyDrive/Underwater Audio Data/data/Vessels/Tanker_15.wav,3.0
/content/drive/MyDrive/Underwater Audio Data/processed/Vessels/Tanker_15_chunk1.wav,Vessels,/content/drive/MyDrive/Underwater Audio Data/data/Vessels/Tanker_15.wav,3.0
/content/drive/MyDrive/Underwater Audio Data/processed/Vessels/Tanker_15_chunk2.wav,Vessels,/content/drive/MyDrive/Underwater Audio Data/data/Vessels/Tanker_15.wav,3.0
/content/drive/MyDrive/Underwater Audio Data/processed/Vessels/Tanker_15_chunk3.wav,Vessels,/content/drive/MyDrive/Underwater Audio Data/data/Vessels/Tanker_15.wav,3.0
/content/drive/MyDrive/Underwater Audio Data/processed/Vessels/Tanker_15_chunk4.wav,Vessels,/content/drive/MyDrive/Underwater Audio Data/data/Vessels/Tanker_15.wav,3.0
/content/drive/MyDrive/Underwater Audio Data/processed/Vessels/Tanker_15_chunk5.wav,Vessels,/content/drive/MyDrive/Underwater Audio Data/data/Vessels/Tanker_15.wav,3.0
/content/drive/MyDrive/Underwater Audio Data/processed/Vessels/Tanker_15_chunk6.wav,Vessels,/content/drive/MyDrive/Underwater Audio Data/data/Vessels/Tanker_15.wav,3.0
/content/drive/MyDrive/Underwater Audio Data/processed/Vessels/Tanker_15_chunk7.wav,Vessels,/content/drive/MyDrive/Underwater Audio Data/data/Vessels/Tanker_15.wav,3.0
/content/drive/MyDrive/Underwater Audio Data/processed/Vessels/Tanker_15_chunk8.wav,Vessels,/content/drive/MyDrive/Underwater Audio Data/data/Vessels/Tanker_15.wav,3.0
/content/drive/MyDrive/Underwater Audio Data/processed/Vessels/Tanker_15_chunk9.wav,Vessels,/content/drive/MyDrive/Underwater Audio Data/data/Vessels/Tanker_15.wav,3.0
/content/drive/MyDrive/Underwater Audio Data/processed/Vessels/Tanker_15_chunk10.wav,Vessels,/content/drive/MyDrive/Underwater Audio Data/data/Vessels/Tanker_15.wav,3.0
/content/drive/MyDrive/Underwater Audio Data/processed/Vessels/Tanker_15_chunk11.wav,Vessels,/content/drive/MyDrive/Underwater Audio Data/data/Vessels/Tanker_15.wav,3.0
/content/drive/MyDrive/Underwater Audio Data/processed/Vessels/Tanker_15_chunk12.wav,Vessels,/content/drive/MyDrive/Underwater Audio Data/data/Vessels/Tanker_15.wav,3.0
/content/drive/MyDrive/Underwater Audio Data/processed/Vessels/Tanker_15_chunk13.wav,Vessels,/content/drive/MyDrive/Underwater Audio Data/data/Vessels/Tanker_15.wav,3.0
/content/drive/MyDrive/Underwater Audio Data/processed/Vessels/Tanker_15_chunk14.wav,Vessels,/content/drive/MyDrive/Underwater Audio Data/data/Vessels/Tanker_15.wav,3.0
/content/drive/MyDrive/Underwater Audio Data/processed/Vessels/Tanker_15_chunk15.wav,Vessels,/content/drive/MyDrive/Underwater Audio Data/data/Vessels/Tanker_15.wav,3.0
/content/drive/MyDrive/Underwater Audio Data/processed/Vessels/Tanker_15_chunk16.wav,Vessels,/content/drive/MyDrive/Underwater Audio Data/data/Vessels/Tanker_15.wav,3.0
/content/drive/MyDrive/Underwater Audio Data/processed/Vessels/Tanker_15_chunk17.wav,Vessels,/content/drive/MyDrive/Underwater Audio Data/data/Vessels/Tanker_15.wav,3.0
/content/drive/MyDrive/Underwater Audio Data/processed/Vessels/Tanker_15_chunk18.wav,Vessels,/content/drive/MyDrive/Underwater Audio Data/data/Vessels/Tanker_15.wav,3.0
/content/drive/MyDrive/Underwater Audio Data/processed/Vessels/Tanker_15_chunk19.wav,Vessels,/content/drive/MyDrive/Underwater Audio Data/data/Vessels/Tanker_15.wav,3.0
/content/drive/MyDrive/Underwater Audio Data/processed/Vessels/Tanker_15_chunk20.wav,Vessels,/content/drive/MyDrive/Underwater Audio Data/data/Vessels/Tanker_15.wav,3.0
/content/drive/MyDrive/Underwater Audio Data/processed/Vessels/Tanker_15_chunk21.wav,Vessels,/content/drive/MyDrive/Underwater Audio Data/data/Vessels/Tanker_15.wav,3.0
/content/drive/MyDrive/Underwater Audio Data/processed/Vessels/Tanker_15_chunk22.wav,Vessels,/content/drive/MyDrive/Underwater Audio Data/data/Vessels/Tanker_15.wav,3.0
/content/drive/MyDrive/Underwater Audio Data/processed/Vessels/Tanker_15_chunk23.wav,Vessels,/content/drive/MyDrive/Underwater Audio Data/data/Vessels/Tanker_15.wav,3.0
/content/drive/MyDrive/Underwater Audio Data/processed/Vessels/Tanker_15_chunk24.wav,Vessels,/content/drive/MyDrive/Underwater Audio Data/data/Vessels/Tanker_15.wav,3.0
/content/drive/MyDrive/Underwater Audio Data/processed/Vessels/Tanker_15_chunk25.wav,Vessels,/content/drive/MyDrive/Underwater Audio Data/data/Vessels/Tanker_15.wav,3.0
/content/drive/MyDrive/Underwater Audio Data/processed/Vessels/Tanker_15_chunk26.wav,Vessels,/content/drive/MyDrive/Underwater Audio Data/data/Vessels/Tanker_15.wav,3.0
/content/drive/MyDrive/Underwater Audio Data/processed/Vessels/Tanker_15_chunk27.wav,Vessels,/content/drive/MyDrive/Underwater Audio Data/data/Vessels/Tanker_15.wav,3.0
/content/drive/MyDrive/Underwater Audio Data/processed/Vessels/Tanker_15_chunk28.wav,Vessels,/content/drive/MyDrive/Underwater Audio Data/data/Vessels/Tanker_15.wav,3.0
/content/drive/MyDrive/Underwater Audio Data/processed/Vessels/Tanker_15_chunk29.wav,Vessels,/content/drive/MyDrive/Underwater Audio Data/data/Vessels/Tanker_15.wav,3.0
/content/drive/MyDrive/Underwater Audio Data/processed/Vessels/Tanker_15_chunk30.wav,Vessels,/content/drive/MyDrive/Underwater Audio Data/data/Vessels/Tanker_15.wav,3.0
/content/drive/MyDrive/Underwater Audio Data/processed/Vessels/Tanker_15_chunk31.wav,Vessels,/content/drive/MyDrive/Underwater Audio Data/data/Vessels/Tanker_15.wav,3.0
/content/drive/MyDrive/Underwater Audio Data/processed/Vessels/Tanker_15_chunk32.wav,Vessels,/content/drive/MyDrive/Underwater Audio Data/data/Vessels/Tanker_15.wav,3.0
/content/drive/MyDrive/Underwater Audio Data/processed/Vessels/Tanker_15_chunk33.wav,Vessels,/content/drive/MyDrive/Underwater Audio Data/data/Vessels/Tanker_15.wav,3.0
/content/drive/MyDrive/Underwater Audio Data/processed/Vessels/Tanker_15_chunk34.wav,Vessels,/content/drive/MyDrive/Underwater Audio Data/data/Vessels/Tanker_15.wav,3.0
/content/drive/MyDrive/Underwater Audio Data/processed/Vessels/Tanker_15_chunk35.wav,Vessels,/content/drive/MyDrive/Underwater Audio Data/data/Vessels/Tanker_15.wav,3.0
/content/drive/MyDrive/Underwater Audio Data/processed/Vessels/Tanker_15_chunk36.wav,Vessels,/content/drive/MyDrive/Underwater Audio Data/data/Vessels/Tanker_15.wav,3.0
/content/drive/MyDrive/Underwater Audio Data/processed/Vessels/Tanker_15_chunk37.wav,Vessels,/content/drive/MyDrive/Underwater Audio Data/data/Vessels/Tanker_15.wav,3.0
/content/drive/MyDrive/Underwater Audio Data/processed/Vessels/Tanker_15_chunk38.wav,Vessels,/content/drive/MyDrive/Underwater Audio Data/data/Vessels/Tanker_15.wav,3.0
/content/drive/MyDrive/Underwater Audio Data/processed/Vessels/Tanker_15_chunk39.wav,Vessels,/content/drive/MyDrive/Underwater Audio Data/data/Vessels/Tanker_15.wav,3.0
/content/drive/MyDrive/Underwater Audio Data/processed/Vessels/Tanker_15_chunk40.wav,Vessels,/content/drive/MyDrive/Underwater Audio Data/data/Vessels/Tanker_15.wav,3.0
/content/drive/MyDrive/Underwater Audio Data/processed/Vessels/Tanker_15_chunk41.wav,Vessels,/content/drive/MyDrive/Underwater Audio Data/data/Vessels/Tanker_15.wav,3.0
/content/drive/MyDrive/Underwater Audio Data/processed/Vessels/Tanker_15_chunk42.wav,Vessels,/content/drive/MyDrive/Underwater Audio Data/data/Vessels/Tanker_15.wav,3.0
/content/drive/MyDrive/Underwater Audio Data/processed/Vessels/Tanker_15_chunk43.wav,Vessels,/content/drive/MyDrive/Underwater Audio Data/data/Vessels/Tanker_15.wav,3.0
/content/drive/MyDrive/Underwater Audio Data/processed/Vessels/Tanker_15_chunk44.wav,Vessels,/content/drive/MyDrive/Underwater Audio Data/data/Vessels/Tanker_15.wav,3.0
/content/drive/MyDrive/Underwater Audio Data/processed/Vessels/Tanker_15_chunk45.wav,Vessels,/content/drive/MyDrive/Underwater Audio Data/data/Vessels/Tanker_15.wav,3.0
/content/drive/MyDrive/Underwater Audio Data/processed/Vessels/Tanker_15_chunk46.wav,Vessels,/content/drive/MyDrive/Underwater Audio Data/data/Vessels/Tanker_15.wav,3.0
/content/drive/MyDrive/Underwater Audio Data/processed/Vessels/Tanker_15_chunk47.wav,Vessels,/content/drive/MyDrive/Underwater Audio Data/data/Vessels/Tanker_15.wav,3.0
/content/drive/MyDrive/Underwater Audio Data/processed/Vessels/Tanker_15_chunk48.wav,Vessels,/content/drive/MyDrive/Underwater Audio Data/data/Vessels/Tanker_15.wav,3.0
/content/drive/MyDrive/Underwater Audio Data/processed/Vessels/Tanker_15_chunk49.wav,Vessels,/content/drive/MyDrive/Underwater Audio Data/data/Vessels/Tanker_15.wav,3.0
/content/drive/MyDrive/Underwater Audio Data/processed/Vessels/Tanker_15_chunk50.wav,Vessels,/content/drive/MyDrive/Underwater Audio Data/data/Vessels/Tanker_15.wav,3.0
/content/drive/MyDrive/Underwater Audio Data/processed/Vessels/Tanker_15_chunk51.wav,Vessels,/content/drive/MyDrive/Underwater Audio Data/data/Vessels/Tanker_15.wav,3.0
/content/drive/MyDrive/Underwater Audio Data/processed/Vessels/Tanker_15_chunk52.wav,Vessels,/content/drive/MyDrive/Underwater Audio Data/data/Vessels/Tanker_15.wav,3.0
/content/drive/MyDrive/Underwater Audio Data/processed/Vessels/Tanker_15_chunk53.wav,Vessels,/content/drive/MyDrive/Underwater Audio Data/data/Vessels/Tanker_15.wav,3.0
/content/drive/MyDrive/Underwater Audio Data/processed/Vessels/Tanker_15_chunk54.wav,Vessels,/content/drive/MyDrive/Underwater Audio Data/data/Vessels/Tanker_15.wav,3.0
/content/drive/MyDrive/Underwater Audio Data/processed/Vessels/Tanker_15_chunk55.wav,Vessels,/content/drive/MyDrive/Underwater Audio Data/data/Vessels/Tanker_15.wav,3.0
/content/drive/MyDrive/Underwater Audio Data/processed/Vessels/Tanker_15_chunk56.wav,Vessels,/content/drive/MyDrive/Underwater Audio Data/data/Vessels/Tanker_15.wav,3.0
/content/drive/MyDrive/Underwater Audio Data/processed/Vessels/Tanker_15_chunk57.wav,Vessels,/content/drive/MyDrive/Underwater Audio Data/data/Vessels/Tanker_15.wav,3.0
/content/drive/MyDrive/Underwater Audio Data/processed/Vessels/Tanker_15_chunk58.wav,Vessels,/content/drive/MyDrive/Underwater Audio Data/data/Vessels/Tanker_15.wav,3.0
/content/drive/MyDrive/Underwater Audio Data/processed/Vessels/Tanker_15_chunk59.wav,Vessels,/content/drive/MyDrive/Underwater Audio Data/data/Vessels/Tanker_15.wav,3.0
/content/drive/MyDrive/Underwater Audio Data/processed/Vessels/Tanker_15_chunk60.wav,Vessels,/content/drive/MyDrive/Underwater Audio Data/data/Vessels/Tanker_15.wav,3.0
/content/drive/MyDrive/Underwater Audio Data/processed/Vessels/Tanker_15_chunk61.wav,Vessels,/content/drive/MyDrive/Underwater Audio Data/data/Vessels/Tanker_15.wav,3.0
/content/drive/MyDrive/Underwater Audio Data/processed/Vessels/Tanker_15_chunk62.wav,Vessels,/content/drive/MyDrive/Underwater Audio Data/data/Vessels/Tanker_15.wav,3.0
/content/drive/MyDrive/Underwater Audio Data/processed/Vessels/Tanker_15_chunk63.wav,Vessels,/content/drive/MyDrive/Underwater Audio Data/data/Vessels/Tanker_15.wav,3.0
/content/drive/MyDrive/Underwater Audio Data/processed/Vessels/Tanker_15_chunk64.wav,Vessels,/content/drive/MyDrive/Underwater Audio Data/data/Vessels/Tanker_15.wav,3.0
/content/drive/MyDrive/Underwater Audio Data/processed/Vessels/Tanker_15_chunk65.wav,Vessels,/content/drive/MyDrive/Underwater Audio Data/data/Vessels/Tanker_15.wav,3.0
/content/drive/MyDrive/Underwater Audio Data/processed/Vessels/Tanker_15_chunk66.wav,Vessels,/content/drive/MyDrive/Underwater Audio Data/data/Vessels/Tanker_15.wav,3.0
/content/drive/MyDrive/Underwater Audio Data/processed/Vessels/Tanker_15_chunk67.wav,Vessels,/content/drive/MyDrive/Underwater Audio Data/data/Vessels/Tanker_15.wav,3.0
/content/drive/MyDrive/Underwater Audio Data/processed/Vessels/Tanker_15_chunk68.wav,Vessels,/content/drive/MyDrive/Underwater Audio Data/data/Vessels/Tanker_15.wav,3.0
/content/drive/MyDrive/Underwater Audio Data/processed/Vessels/Tanker_15_chunk69.wav,Vessels,/content/drive/MyDrive/Underwater Audio Data/data/Vessels/Tanker_15.wav,3.0
/content/drive/MyDrive/Underwater Audio Data/processed/Vessels/Tanker_15_chunk70.wav,Vessels,/content/drive/MyDrive/Underwater Audio Data/data/Vessels/Tanker_15.wav,3.0
/content/drive/MyDrive/Underwater Audio Data/processed/Vessels/Tanker_15_chunk71.wav,Vessels,/content/drive/MyDrive/Underwater Audio Data/data/Vessels/Tanker_15.wav,3.0
/content/drive/MyDrive/Underwater Audio Data/processed/Vessels/Tanker_15_chunk72.wav,Vessels,/content/drive/MyDrive/Underwater Audio Data/data/Vessels/Tanker_15.wav,3.0
/content/drive/MyDrive/Underwater Audio Data/processed/Vessels/Tanker_15_chunk73.wav,Vessels,/content/drive/MyDrive/Underwater Audio Data/data/Vessels/Tanker_15.wav,3.0
/content/drive/MyDrive/Underwater Audio Data/processed/Vessels/Tanker_15_chunk74.wav,Vessels,/content/drive/MyDrive/Underwater Audio Data/data/Vessels/Tanker_15.wav,3.0
/content/drive/MyDrive/Underwater Audio Data/processed/Vessels/Tanker_15_chunk75.wav,Vessels,/content/drive/MyDrive/Underwater Audio Data/data/Vessels/Tanker_15.wav,3.0
/content/drive/MyDrive/Underwater Audio Data/processed/Vessels/Tanker_15_chunk76.wav,Vessels,/content/drive/MyDrive/Underwater Audio Data/data/Vessels/Tanker_15.wav,3.0
/content/drive/MyDrive/Underwater Audio Data/processed/Vessels/Tanker_15_chunk77.wav,Vessels,/content/drive/MyDrive/Underwater Audio Data/data/Vessels/Tanker_15.wav,3.0
/content/drive/MyDrive/Underwater Audio Data/processed/Vessels/Tanker_15_chunk78.wav,Vessels,/content/drive/MyDrive/Underwater Audio Data/data/Vessels/Tanker_15.wav,3.0
/content/drive/MyDrive/Underwater Audio Data/processed/Vessels/Tanker_15_chunk79.wav,Vessels,/content/drive/MyDrive/Underwater Audio Data/data/Vessels/Tanker_15.wav,3.0
/content/drive/MyDrive/Underwater Audio Data/processed/Vessels/Tanker_15_chunk80.wav,Vessels,/content/drive/MyDrive/Underwater Audio Data/data/Vessels/Tanker_15.wav,3.0
/content/drive/MyDrive/Underwater Audio Data/processed/Vessels/Tanker_15_chunk81.wav,Vessels,/content/drive/MyDrive/Underwater Audio Data/data/Vessels/Tanker_15.wav,3.0
/content/drive/MyDrive/Underwater Audio Data/processed/Vessels/Tanker_15_chunk82.wav,Vessels,/content/drive/MyDrive/Underwater Audio Data/data/Vessels/Tanker_15.wav,3.0
/content/drive/MyDrive/Underwater Audio Data/processed/Vessels/Tanker_15_chunk83.wav,Vessels,/content/drive/MyDrive/Underwater Audio Data/data/Vessels/Tanker_15.wav,3.0
/content/drive/MyDrive/Underwater Audio Data/processed/Vessels/Tanker_15_chunk84.wav,Vessels,/content/drive/MyDrive/Underwater Audio Data/data/Vessels/Tanker_15.wav,3.0
/content/drive/MyDrive/Underwater Audio Data/processed/Vessels/Tanker_15_chunk85.wav,Vessels,/content/drive/MyDrive/Underwater Audio Data/data/Vessels/Tanker_15.wav,3.0
/content/drive/MyDrive/Underwater Audio Data/processed/Vessels/Tanker_15_chunk86.wav,Vessels,/content/drive/MyDrive/Underwater Audio Data/data/Vessels/Tanker_15.wav,3.0
/content/drive/MyDrive/Underwater Audio Data/processed/Vessels/Tanker_15_chunk87.wav,Vessels,/content/drive/MyDrive/Underwater Audio Data/data/Vessels/Tanker_15.wav,3.0
/content/drive/MyDrive/Underwater Audio Data/processed/Vessels/Tanker_15_chunk88.wav,Vessels,/content/drive/MyDrive/Underwater Audio Data/data/Vessels/Tanker_15.wav,3.0
/content/drive/MyDrive/Underwater Audio Data/processed/Vessels/Tanker_15_chunk89.wav,Vessels,/content/drive/MyDrive/Underwater Audio Data/data/Vessels/Tanker_15.wav,3.0
/content/drive/MyDrive/Underwater Audio Data/processed/Vessels/Tanker_15_chunk90.wav,Vessels,/content/drive/MyDrive/Underwater Audio Data/data/Vessels/Tanker_15.wav,3.0
/content/drive/MyDrive/Underwater Audio Data/processed/Vessels/Tanker_15_chunk91.wav,Vessels,/content/drive/MyDrive/Underwater Audio Data/data/Vessels/Tanker_15.wav,3.0
/content/drive/MyDrive/Underwater Audio Data/processed/Vessels/Tanker_15_chunk92.wav,Vessels,/content/drive/MyDrive/Underwater Audio Data/data/Vessels/Tanker_15.wav,3.0
/content/drive/MyDrive/Underwater Audio Data/processed/Vessels/Tanker_15_chunk93.wav,Vessels,/content/drive/MyDrive/Underwater Audio Data/data/Vessels/Tanker_15.wav,3.0
/content/drive/MyDrive/Underwater Audio Data/processed/Vessels/Tanker_15_chunk94.wav,Vessels,/content/drive/MyDrive/Underwater Audio Data/data/Vessels/Tanker_15.wav,3.0
/content/drive/MyDrive/Underwater Audio Data/processed/Vessels/Tanker_15_chunk95.wav,Vessels,/content/drive/MyDrive/Underwater Audio Data/data/Vessels/Tanker_15.wav,3.0
/content/drive/MyDrive/Underwater Audio Data/processed/Vessels/Tanker_15_chunk96.wav,Vessels,/content/drive/MyDrive/Underwater Audio Data/data/Vessels/Tanker_15.wav,3.0
/content/drive/MyDrive/Underwater Audio Data/processed/Vessels/Tanker_15_chunk97.wav,Vessels,/content/drive/MyDrive/Underwater Audio Data/data/Vessels/Tanker_15.wav,3.0
/content/drive/MyDrive/Underwater Audio Data/processed/Vessels/Tanker_15_chunk98.wav,Vessels,/content/drive/MyDrive/Underwater Audio Data/data/Vessels/Tanker_15.wav,3.0
/content/drive/MyDrive/Underwater Audio Data/processed/Vessels/Tanker_15_chunk99.wav,Vessels,/content/drive/MyDrive/Underwater Audio Data/data/Vessels/Tanker_15.wav,3.0
/content/drive/MyDrive/Underwater Audio Data/processed/Vessels/Tanker_15_chunk100.wav,Vessels,/content/drive/MyDrive/Underwater Audio Data/data/Vessels/Tanker_15.wav,3.0
/content/drive/MyDrive/Underwater Audio Data/processed/Vessels/Tanker_15_chunk101.wav,Vessels,/content/drive/MyDrive/Underwater Audio Data/data/Vessels/Tanker_15.wav,3.0
/content/drive/MyDrive/Underwater Audio Data/processed/Vessels/Tanker_15_chunk102.wav,Vessels,/content/drive/MyDrive/Underwater Audio Data/data/Vessels/Tanker_15.wav,3.0
/content/drive/MyDrive/Underwater Audio Data/processed/Vessels/Tanker_15_chunk103.wav,Vessels,/content/drive/MyDrive/Underwater Audio Data/data/Vessels/Tanker_15.wav,3.0
/content/drive/MyDrive/Underwater Audio Data/processed/Vessels/Tanker_22_chunk0.wav,Vessels,/content/drive/MyDrive/Underwater Audio Data/data/Vessels/Tanker_22.wav,3.0
/content/drive/MyDrive/Underwater Audio Data/processed/Vessels/Tanker_22_chunk1.wav,Vessels,/content/drive/MyDrive/Underwater Audio Data/data/Vessels/Tanker_22.wav,3.0
/content/drive/MyDrive/Underwater Audio Data/processed/Vessels/Tanker_22_chunk2.wav,Vessels,/content/drive/MyDrive/Underwater Audio Data/data/Vessels/Tanker_22.wav,3.0
/content/drive/MyDrive/Underwater Audio Data/processed/Vessels/Tanker_22_chunk3.wav,Vessels,/content/drive/MyDrive/Underwater Audio Data/data/Vessels/Tanker_22.wav,3.0
/content/drive/MyDrive/Underwater Audio Data/processed/Vessels/Tanker_22_chunk4.wav,Vessels,/content/drive/MyDrive/Underwater Audio Data/data/Vessels/Tanker_22.wav,3.0
/content/drive/MyDrive/Underwater Audio Data/processed/Vessels/Tanker_22_chunk5.wav,Vessels,/content/drive/MyDrive/Underwater Audio Data/data/Vessels/Tanker_22.wav,3.0
/content/drive/MyDrive/Underwater Audio Data/processed/Vessels/Tanker_22_chunk6.wav,Vessels,/content/drive/MyDrive/Underwater Audio Data/data/Vessels/Tanker_22.wav,3.0
/content/drive/MyDrive/Underwater Audio Data/processed/Vessels/Tanker_22_chunk7.wav,Vessels,/content/drive/MyDrive/Underwater Audio Data/data/Vessels/Tanker_22.wav,3.0
/content/drive/MyDrive/Underwater Audio Data/processed/Vessels/Tanker_22_chunk8.wav,Vessels,/content/drive/MyDrive/Underwater Audio Data/data/Vessels/Tanker_22.wav,3.0
/content/drive/MyDrive/Underwater Audio Data/processed/Vessels/Tanker_22_chunk9.wav,Vessels,/content/drive/MyDrive/Underwater Audio Data/data/Vessels/Tanker_22.wav,3.0
/content/drive/MyDrive/Underwater Audio Data/processed/Vessels/Tanker_22_chunk10.wav,Vessels,/content/drive/MyDrive/Underwater Audio Data/data/Vessels/Tanker_22.wav,3.0
/content/drive/MyDrive/Underwater Audio Data/processed/Vessels/Tanker_22_chunk11.wav,Vessels,/content/drive/MyDrive/Underwater Audio Data/data/Vessels/Tanker_22.wav,3.0
/content/drive/MyDrive/Underwater Audio Data/processed/Vessels/Tanker_22_chunk12.wav,Vessels,/content/drive/MyDrive/Underwater Audio Data/data/Vessels/Tanker_22.wav,3.0
/content/drive/MyDrive/Underwater Audio Data/processed/Vessels/Tanker_22_chunk13.wav,Vessels,/content/drive/MyDrive/Underwater Audio Data/data/Vessels/Tanker_22.wav,3.0
/content/drive/MyDrive/Underwater Audio Data/processed/Vessels/Tanker_22_chunk14.wav,Vessels,/content/drive/MyDrive/Underwater Audio Data/data/Vessels/Tanker_22.wav,3.0
/content/drive/MyDrive/Underwater Audio Data/processed/Vessels/Tanker_22_chunk15.wav,Vessels,/content/drive/MyDrive/Underwater Audio Data/data/Vessels/Tanker_22.wav,3.0
/content/drive/MyDrive/Underwater Audio Data/processed/Vessels/Tanker_23_chunk0.wav,Vessels,/content/drive/MyDrive/Underwater Audio Data/data/Vessels/Tanker_23.wav,3.0
/content/drive/MyDrive/Underwater Audio Data/processed/Vessels/Tanker_23_chunk1.wav,Vessels,/content/drive/MyDrive/Underwater Audio Data/data/Vessels/Tanker_23.wav,3.0
/content/drive/MyDrive/Underwater Audio Data/processed/Vessels/Tanker_23_chunk2.wav,Vessels,/content/drive/MyDrive/Underwater Audio Data/data/Vessels/Tanker_23.wav,3.0
/content/drive/MyDrive/Underwater Audio Data/processed/Vessels/Tanker_23_chunk3.wav,Vessels,/content/drive/MyDrive/Underwater Audio Data/data/Vessels/Tanker_23.wav,3.0
/content/drive/MyDrive/Underwater Audio Data/processed/Vessels/Tanker_23_chunk4.wav,Vessels,/content/drive/MyDrive/Underwater Audio Data/data/Vessels/Tanker_23.wav,3.0
/content/drive/MyDrive/Underwater Audio Data/processed/Vessels/Tanker_23_chunk5.wav,Vessels,/content/drive/MyDrive/Underwater Audio Data/data/Vessels/Tanker_23.wav,3.0
/content/drive/MyDrive/Underwater Audio Data/processed/Vessels/Tanker_23_chunk6.wav,Vessels,/content/drive/MyDrive/Underwater Audio Data/data/Vessels/Tanker_23.wav,3.0
/content/drive/MyDrive/Underwater Audio Data/processed/Vessels/Tanker_23_chunk7.wav,Vessels,/content/drive/MyDrive/Underwater Audio Data/data/Vessels/Tanker_23.wav,3.0
/content/drive/MyDrive/Underwater Audio Data/processed/Vessels/Tanker_23_chunk8.wav,Vessels,/content/drive/MyDrive/Underwater Audio Data/data/Vessels/Tanker_23.wav,3.0
/content/drive/MyDrive/Underwater Audio Data/processed/Vessels/Tanker_23_chunk9.wav,Vessels,/content/drive/MyDrive/Underwater Audio Data/data/Vessels/Tanker_23.wav,3.0
/content/drive/MyDrive/Underwater Audio Data/processed/Vessels/Tanker_23_chunk10.wav,Vessels,/content/drive/MyDrive/Underwater Audio Data/data/Vessels/Tanker_23.wav,3.0
/content/drive/MyDrive/Underwater Audio Data/processed/Vessels/Tanker_23_chunk11.wav,Vessels,/content/drive/MyDrive/Underwater Audio Data/data/Vessels/Tanker_23.wav,3.0
/content/drive/MyDrive/Underwater Audio Data/processed/Vessels/Tanker_23_chunk12.wav,Vessels,/content/drive/MyDrive/Underwater Audio Data/data/Vessels/Tanker_23.wav,3.0
/content/drive/MyDrive/Underwater Audio Data/processed/Vessels/Tanker_23_chunk13.wav,Vessels,/content/drive/MyDrive/Underwater Audio Data/data/Vessels/Tanker_23.wav,3.0
/content/drive/MyDrive/Underwater Audio Data/processed/Vessels/Tanker_23_chunk14.wav,Vessels,/content/drive/MyDrive/Underwater Audio Data/data/Vessels/Tanker_23.wav,3.0
/content/drive/MyDrive/Underwater Audio Data/processed/Vessels/Tanker_23_chunk15.wav,Vessels,/content/drive/MyDrive/Underwater Audio Data/data/Vessels/Tanker_23.wav,3.0
/content/drive/MyDrive/Underwater Audio Data/processed/Vessels/Tanker_23_chunk16.wav,Vessels,/content/drive/MyDrive/Underwater Audio Data/data/Vessels/Tanker_23.wav,3.0
/content/drive/MyDrive/Underwater Audio Data/processed/Vessels/Tanker_23_chunk17.wav,Vessels,/content/drive/MyDrive/Underwater Audio Data/data/Vessels/Tanker_23.wav,3.0
/content/drive/MyDrive/Underwater Audio Data/processed/Vessels/Tanker_23_chunk18.wav,Vessels,/content/drive/MyDrive/Underwater Audio Data/data/Vessels/Tanker_23.wav,3.0
/content/drive/MyDrive/Underwater Audio Data/processed/Vessels/Tanker_23_chunk19.wav,Vessels,/content/drive/MyDrive/Underwater Audio Data/data/Vessels/Tanker_23.wav,3.0
/content/drive/MyDrive/Underwater Audio Data/processed/Vessels/Tanker_23_chunk20.wav,Vessels,/content/drive/MyDrive/Underwater Audio Data/data/Vessels/Tanker_23.wav,3.0
/content/drive/MyDrive/Underwater Audio Data/processed/Vessels/Tanker_23_chunk21.wav,Vessels,/content/drive/MyDrive/Underwater Audio Data/data/Vessels/Tanker_23.wav,3.0
/content/drive/MyDrive/Underwater Audio Data/processed/Vessels/Tanker_23_chunk22.wav,Vessels,/content/drive/MyDrive/Underwater Audio Data/data/Vessels/Tanker_23.wav,3.0
/content/drive/MyDrive/Underwater Audio Data/processed/Vessels/Tanker_23_chunk23.wav,Vessels,/content/drive/MyDrive/Underwater Audio Data/data/Vessels/Tanker_23.wav,3.0
/content/drive/MyDrive/Underwater Audio Data/processed/Vessels/Tanker_23_chunk24.wav,Vessels,/content/drive/MyDrive/Underwater Audio Data/data/Vessels/Tanker_23.wav,3.0
/content/drive/MyDrive/Underwater Audio Data/processed/Vessels/Tanker_23_chunk25.wav,Vessels,/content/drive/MyDrive/Underwater Audio Data/data/Vessels/Tanker_23.wav,3.0
/content/drive/MyDrive/Underwater Audio Data/processed/Vessels/Tanker_23_chunk26.wav,Vessels,/content/drive/MyDrive/Underwater Audio Data/data/Vessels/Tanker_23.wav,3.0
/content/drive/MyDrive/Underwater Audio Data/processed/Vessels/Tanker_23_chunk27.wav,Vessels,/content/drive/MyDrive/Underwater Audio Data/data/Vessels/Tanker_23.wav,3.0
/content/drive/MyDrive/Underwater Audio Data/processed/Vessels/Tanker_23_chunk28.wav,Vessels,/content/drive/MyDrive/Underwater Audio Data/data/Vessels/Tanker_23.wav,3.0
/content/drive/MyDrive/Underwater Audio Data/processed/Vessels/Tanker_23_chunk29.wav,Vessels,/content/drive/MyDrive/Underwater Audio Data/data/Vessels/Tanker_23.wav,3.0
/content/drive/MyDrive/Underwater Audio Data/processed/Vessels/Tanker_23_chunk30.wav,Vessels,/content/drive/MyDrive/Underwater Audio Data/data/Vessels/Tanker_23.wav,3.0
/content/drive/MyDrive/Underwater Audio Data/processed/Vessels/Tanker_23_chunk31.wav,Vessels,/content/drive/MyDrive/Underwater Audio Data/data/Vessels/Tanker_23.wav,3.0
/content/drive/MyDrive/Underwater Audio Data/processed/Vessels/Tanker_23_chunk32.wav,Vessels,/content/drive/MyDrive/Underwater Audio Data/data/Vessels/Tanker_23.wav,3.0
/content/drive/MyDrive/Underwater Audio Data/processed/Vessels/Tanker_23_chunk33.wav,Vessels,/content/drive/MyDrive/Underwater Audio Data/data/Vessels/Tanker_23.wav,3.0
/content/drive/MyDrive/Underwater Audio Data/processed/Vessels/Tanker_23_chunk34.wav,Vessels,/content/drive/MyDrive/Underwater Audio Data/data/Vessels/Tanker_23.wav,3.0
/content/drive/MyDrive/Underwater Audio Data/processed/Vessels/Tanker_23_chunk35.wav,Vessels,/content/drive/MyDrive/Underwater Audio Data/data/Vessels/Tanker_23.wav,3.0
/content/drive/MyDrive/Underwater Audio Data/processed/Vessels/Tanker_23_chunk36.wav,Vessels,/content/drive/MyDrive/Underwater Audio Data/data/Vessels/Tanker_23.wav,3.0
/content/drive/MyDrive/Underwater Audio Data/processed/Vessels/Tanker_23_chunk37.wav,Vessels,/content/drive/MyDrive/Underwater Audio Data/data/Vessels/Tanker_23.wav,3.0
/content/drive/MyDrive/Underwater Audio Data/processed/Vessels/Tanker_23_chunk38.wav,Vessels,/content/drive/MyDrive/Underwater Audio Data/data/Vessels/Tanker_23.wav,3.0
/content/drive/MyDrive/Underwater Audio Data/processed/Vessels/Tanker_23_chunk39.wav,Vessels,/content/drive/MyDrive/Underwater Audio Data/data/Vessels/Tanker_23.wav,3.0
/content/drive/MyDrive/Underwater Audio Data/processed/Vessels/Tanker_23_chunk40.wav,Vessels,/content/drive/MyDrive/Underwater Audio Data/data/Vessels/Tanker_23.wav,3.0
/content/drive/MyDrive/Underwater Audio Data/processed/Vessels/Tanker_23_chunk41.wav,Vessels,/content/drive/MyDrive/Underwater Audio Data/data/Vessels/Tanker_23.wav,3.0
/content/drive/MyDrive/Underwater Audio Data/processed/Vessels/Tanker_23_chunk42.wav,Vessels,/content/drive/MyDrive/Underwater Audio Data/data/Vessels/Tanker_23.wav,3.0
/content/drive/MyDrive/Underwater Audio Data/processed/Vessels/Tanker_24_chunk0.wav,Vessels,/content/drive/MyDrive/Underwater Audio Data/data/Vessels/Tanker_24.wav,3.0
/content/drive/MyDrive/Underwater Audio Data/processed/Vessels/Tanker_24_chunk1.wav,Vessels,/content/drive/MyDrive/Underwater Audio Data/data/Vessels/Tanker_24.wav,3.0
/content/drive/MyDrive/Underwater Audio Data/processed/Vessels/Tanker_24_chunk2.wav,Vessels,/content/drive/MyDrive/Underwater Audio Data/data/Vessels/Tanker_24.wav,3.0
/content/drive/MyDrive/Underwater Audio Data/processed/Vessels/Tanker_24_chunk3.wav,Vessels,/content/drive/MyDrive/Underwater Audio Data/data/Vessels/Tanker_24.wav,3.0
/content/drive/MyDrive/Underwater Audio Data/processed/Vessels/Tanker_24_chunk4.wav,Vessels,/content/drive/MyDrive/Underwater Audio Data/data/Vessels/Tanker_24.wav,3.0
/content/drive/MyDrive/Underwater Audio Data/processed/Vessels/Tanker_24_chunk5.wav,Vessels,/content/drive/MyDrive/Underwater Audio Data/data/Vessels/Tanker_24.wav,3.0
/content/drive/MyDrive/Underwater Audio Data/processed/Vessels/Tanker_24_chunk6.wav,Vessels,/content/drive/MyDrive/Underwater Audio Data/data/Vessels/Tanker_24.wav,3.0
/content/drive/MyDrive/Underwater Audio Data/processed/Vessels/Tanker_24_chunk7.wav,Vessels,/content/drive/MyDrive/Underwater Audio Data/data/Vessels/Tanker_24.wav,3.0
/content/drive/MyDrive/Underwater Audio Data/processed/Vessels/Tanker_24_chunk8.wav,Vessels,/content/drive/MyDrive/Underwater Audio Data/data/Vessels/Tanker_24.wav,3.0
/content/drive/MyDrive/Underwater Audio Data/processed/Vessels/Tanker_14_chunk0.wav,Vessels,/content/drive/MyDrive/Underwater Audio Data/data/Vessels/Tanker_14.wav,3.0
/content/drive/MyDrive/Underwater Audio Data/processed/Vessels/Tanker_14_chunk1.wav,Vessels,/content/drive/MyDrive/Underwater Audio Data/data/Vessels/Tanker_14.wav,3.0
/content/drive/MyDrive/Underwater Audio Data/processed/Vessels/Tanker_14_chunk2.wav,Vessels,/content/drive/MyDrive/Underwater Audio Data/data/Vessels/Tanker_14.wav,3.0
/content/drive/MyDrive/Underwater Audio Data/processed/Vessels/Tanker_14_chunk3.wav,Vessels,/content/drive/MyDrive/Underwater Audio Data/data/Vessels/Tanker_14.wav,3.0
/content/drive/MyDrive/Underwater Audio Data/processed/Vessels/Tanker_14_chunk4.wav,Vessels,/content/drive/MyDrive/Underwater Audio Data/data/Vessels/Tanker_14.wav,3.0
/content/drive/MyDrive/Underwater Audio Data/processed/Vessels/Tanker_14_chunk5.wav,Vessels,/content/drive/MyDrive/Underwater Audio Data/data/Vessels/Tanker_14.wav,3.0
/content/drive/MyDrive/Underwater Audio Data/processed/Vessels/Tanker_14_chunk6.wav,Vessels,/content/drive/MyDrive/Underwater Audio Data/data/Vessels/Tanker_14.wav,3.0
/content/drive/MyDrive/Underwater Audio Data/processed/Vessels/Tanker_14_chunk7.wav,Vessels,/content/drive/MyDrive/Underwater Audio Data/data/Vessels/Tanker_14.wav,3.0
/content/drive/MyDrive/Underwater Audio Data/processed/Vessels/Tanker_14_chunk8.wav,Vessels,/content/drive/MyDrive/Underwater Audio Data/data/Vessels/Tanker_14.wav,3.0
/content/drive/MyDrive/Underwater Audio Data/processed/Vessels/Tanker_14_chunk9.wav,Vessels,/content/drive/MyDrive/Underwater Audio Data/data/Vessels/Tanker_14.wav,3.0
/content/drive/MyDrive/Underwater Audio Data/processed/Vessels/Tanker_14_chunk10.wav,Vessels,/content/drive/MyDrive/Underwater Audio Data/data/Vessels/Tanker_14.wav,3.0
/content/drive/MyDrive/Underwater Audio Data/processed/Vessels/Tanker_14_chunk11.wav,Vessels,/content/drive/MyDrive/Underwater Audio Data/data/Vessels/Tanker_14.wav,3.0
/content/drive/MyDrive/Underwater Audio Data/processed/Vessels/Tanker_14_chunk12.wav,Vessels,/content/drive/MyDrive/Underwater Audio Data/data/Vessels/Tanker_14.wav,3.0
/content/drive/MyDrive/Underwater Audio Data/processed/Vessels/Tanker_14_chunk13.wav,Vessels,/content/drive/MyDrive/Underwater Audio Data/data/Vessels/Tanker_14.wav,3.0
/content/drive/MyDrive/Underwater Audio Data/processed/Vessels/Tanker_14_chunk14.wav,Vessels,/content/drive/MyDrive/Underwater Audio Data/data/Vessels/Tanker_14.wav,3.0
/content/drive/MyDrive/Underwater Audio Data/processed/Vessels/Tanker_14_chunk15.wav,Vessels,/content/drive/MyDrive/Underwater Audio Data/data/Vessels/Tanker_14.wav,3.0
/content/drive/MyDrive/Underwater Audio Data/processed/Vessels/Tanker_14_chunk16.wav,Vessels,/content/drive/MyDrive/Underwater Audio Data/data/Vessels/Tanker_14.wav,3.0
/content/drive/MyDrive/Underwater Audio Data/processed/Vessels/Tanker_14_chunk17.wav,Vessels,/content/drive/MyDrive/Underwater Audio Data/data/Vessels/Tanker_14.wav,3.0
/content/drive/MyDrive/Underwater Audio Data/processed/Vessels/Tanker_14_chunk18.wav,Vessels,/content/drive/MyDrive/Underwater Audio Data/data/Vessels/Tanker_14.wav,3.0
/content/drive/MyDrive/Underwater Audio Data/processed/Vessels/Tanker_14_chunk19.wav,Vessels,/content/drive/MyDrive/Underwater Audio Data/data/Vessels/Tanker_14.wav,3.0
/content/drive/MyDrive/Underwater Audio Data/processed/Vessels/Tanker_14_chunk20.wav,Vessels,/content/drive/MyDrive/Underwater Audio Data/data/Vessels/Tanker_14.wav,3.0
/content/drive/MyDrive/Underwater Audio Data/processed/Vessels/Tanker_14_chunk21.wav,Vessels,/content/drive/MyDrive/Underwater Audio Data/data/Vessels/Tanker_14.wav,3.0
/content/drive/MyDrive/Underwater Audio Data/processed/Vessels/Tanker_14_chunk22.wav,Vessels,/content/drive/MyDrive/Underwater Audio Data/data/Vessels/Tanker_14.wav,3.0
/content/drive/MyDrive/Underwater Audio Data/processed/Vessels/Tanker_14_chunk23.wav,Vessels,/content/drive/MyDrive/Underwater Audio Data/data/Vessels/Tanker_14.wav,3.0
/content/drive/MyDrive/Underwater Audio Data/processed/Vessels/Tanker_14_chunk24.wav,Vessels,/content/drive/MyDrive/Underwater Audio Data/data/Vessels/Tanker_14.wav,3.0
/content/drive/MyDrive/Underwater Audio Data/processed/Vessels/Tanker_14_chunk25.wav,Vessels,/content/drive/MyDrive/Underwater Audio Data/data/Vessels/Tanker_14.wav,3.0
/content/drive/MyDrive/Underwater Audio Data/processed/Vessels/Tanker_14_chunk26.wav,Vessels,/content/drive/MyDrive/Underwater Audio Data/data/Vessels/Tanker_14.wav,3.0
/content/drive/MyDrive/Underwater Audio Data/processed/Vessels/Tanker_14_chunk27.wav,Vessels,/content/drive/MyDrive/Underwater Audio Data/data/Vessels/Tanker_14.wav,3.0
/content/drive/MyDrive/Underwater Audio Data/processed/Vessels/Tanker_14_chunk28.wav,Vessels,/content/drive/MyDrive/Underwater Audio Data/data/Vessels/Tanker_14.wav,3.0
/content/drive/MyDrive/Underwater Audio Data/processed/Vessels/Tanker_14_chunk29.wav,Vessels,/content/drive/MyDrive/Underwater Audio Data/data/Vessels/Tanker_14.wav,3.0
/content/drive/MyDrive/Underwater Audio Data/processed/Vessels/Tanker_14_chunk30.wav,Vessels,/content/drive/MyDrive/Underwater Audio Data/data/Vessels/Tanker_14.wav,3.0
/content/drive/MyDrive/Underwater Audio Data/processed/Vessels/Tanker_14_chunk31.wav,Vessels,/content/drive/MyDrive/Underwater Audio Data/data/Vessels/Tanker_14.wav,3.0
/content/drive/MyDrive/Underwater Audio Data/processed/Vessels/Tanker_14_chunk32.wav,Vessels,/content/drive/MyDrive/Underwater Audio Data/data/Vessels/Tanker_14.wav,3.0
/content/drive/MyDrive/Underwater Audio Data/processed/Vessels/Tanker_14_chunk33.wav,Vessels,/content/drive/MyDrive/Underwater Audio Data/data/Vessels/Tanker_14.wav,3.0
/content/drive/MyDrive/Underwater Audio Data/processed/Vessels/Tanker_14_chunk34.wav,Vessels,/content/drive/MyDrive/Underwater Audio Data/data/Vessels/Tanker_14.wav,3.0
/content/drive/MyDrive/Underwater Audio Data/processed/Vessels/Tanker_14_chunk35.wav,Vessels,/content/drive/MyDrive/Underwater Audio Data/data/Vessels/Tanker_14.wav,3.0
/content/drive/MyDrive/Underwater Audio Data/processed/Vessels/Tanker_14_chunk36.wav,Vessels,/content/drive/MyDrive/Underwater Audio Data/data/Vessels/Tanker_14.wav,3.0
/content/drive/MyDrive/Underwater Audio Data/processed/Vessels/Tanker_14_chunk37.wav,Vessels,/content/drive/MyDrive/Underwater Audio Data/data/Vessels/Tanker_14.wav,3.0
/content/drive/MyDrive/Underwater Audio Data/processed/Vessels/Tanker_14_chunk38.wav,Vessels,/content/drive/MyDrive/Underwater Audio Data/data/Vessels/Tanker_14.wav,3.0
/content/drive/MyDrive/Underwater Audio Data/processed/Vessels/Tanker_14_chunk39.wav,Vessels,/content/drive/MyDrive/Underwater Audio Data/data/Vessels/Tanker_14.wav,3.0
/content/drive/MyDrive/Underwater Audio Data/processed/Vessels/Tanker_14_chunk40.wav,Vessels,/content/drive/MyDrive/Underwater Audio Data/data/Vessels/Tanker_14.wav,3.0
/content/drive/MyDrive/Underwater Audio Data/processed/Vessels/Tanker_14_chunk41.wav,Vessels,/content/drive/MyDrive/Underwater Audio Data/data/Vessels/Tanker_14.wav,3.0
/content/drive/MyDrive/Underwater Audio Data/processed/Vessels/Tanker_14_chunk42.wav,Vessels,/content/drive/MyDrive/Underwater Audio Data/data/Vessels/Tanker_14.wav,3.0
/content/drive/MyDrive/Underwater Audio Data/processed/Vessels/Tanker_14_chunk43.wav,Vessels,/content/drive/MyDrive/Underwater Audio Data/data/Vessels/Tanker_14.wav,3.0
/content/drive/MyDrive/Underwater Audio Data/processed/Vessels/Tanker_14_chunk44.wav,Vessels,/content/drive/MyDrive/Underwater Audio Data/data/Vessels/Tanker_14.wav,3.0
/content/drive/MyDrive/Underwater Audio Data/processed/Vessels/Tanker_14_chunk45.wav,Vessels,/content/drive/MyDrive/Underwater Audio Data/data/Vessels/Tanker_14.wav,3.0
/content/drive/MyDrive/Underwater Audio Data/processed/Vessels/Tanker_14_chunk46.wav,Vessels,/content/drive/MyDrive/Underwater Audio Data/data/Vessels/Tanker_14.wav,3.0
/content/drive/MyDrive/Underwater Audio Data/processed/Vessels/Tanker_14_chunk47.wav,Vessels,/content/drive/MyDrive/Underwater Audio Data/data/Vessels/Tanker_14.wav,3.0
/content/drive/MyDrive/Underwater Audio Data/processed/Vessels/Tanker_14_chunk48.wav,Vessels,/content/drive/MyDrive/Underwater Audio Data/data/Vessels/Tanker_14.wav,3.0
/content/drive/MyDrive/Underwater Audio Data/processed/Vessels/Tanker_14_chunk49.wav,Vessels,/content/drive/MyDrive/Underwater Audio Data/data/Vessels/Tanker_14.wav,3.0
/content/drive/MyDrive/Underwater Audio Data/processed/Vessels/Tanker_14_chunk50.wav,Vessels,/content/drive/MyDrive/Underwater Audio Data/data/Vessels/Tanker_14.wav,3.0
/content/drive/MyDrive/Underwater Audio Data/processed/Vessels/Tanker_14_chunk51.wav,Vessels,/content/drive/MyDrive/Underwater Audio Data/data/Vessels/Tanker_14.wav,3.0
/content/drive/MyDrive/Underwater Audio Data/processed/Vessels/Tanker_14_chunk52.wav,Vessels,/content/drive/MyDrive/Underwater Audio Data/data/Vessels/Tanker_14.wav,3.0
/content/drive/MyDrive/Underwater Audio Data/processed/Vessels/Tanker_14_chunk53.wav,Vessels,/content/drive/MyDrive/Underwater Audio Data/data/Vessels/Tanker_14.wav,3.0
/content/drive/MyDrive/Underwater Audio Data/processed/Vessels/Tanker_14_chunk54.wav,Vessels,/content/drive/MyDrive/Underwater Audio Data/data/Vessels/Tanker_14.wav,3.0
/content/drive/MyDrive/Underwater Audio Data/processed/Vessels/Tanker_14_chunk55.wav,Vessels,/content/drive/MyDrive/Underwater Audio Data/data/Vessels/Tanker_14.wav,3.0
/content/drive/MyDrive/Underwater Audio Data/processed/Vessels/Tanker_14_chunk56.wav,Vessels,/content/drive/MyDrive/Underwater Audio Data/data/Vessels/Tanker_14.wav,3.0
/content/drive/MyDrive/Underwater Audio Data/processed/Vessels/Tanker_14_chunk57.wav,Vessels,/content/drive/MyDrive/Underwater Audio Data/data/Vessels/Tanker_14.wav,3.0
/content/drive/MyDrive/Underwater Audio Data/processed/Vessels/Tanker_14_chunk58.wav,Vessels,/content/drive/MyDrive/Underwater Audio Data/data/Vessels/Tanker_14.wav,3.0
/content/drive/MyDrive/Underwater Audio Data/processed/Vessels/Tanker_14_chunk59.wav,Vessels,/content/drive/MyDrive/Underwater Audio Data/data/Vessels/Tanker_14.wav,3.0
/content/drive/MyDrive/Underwater Audio Data/processed/Vessels/Tanker_14_chunk60.wav,Vessels,/content/drive/MyDrive/Underwater Audio Data/data/Vessels/Tanker_14.wav,3.0
/content/drive/MyDrive/Underwater Audio Data/processed/Vessels/Tanker_14_chunk61.wav,Vessels,/content/drive/MyDrive/Underwater Audio Data/data/Vessels/Tanker_14.wav,3.0
/content/drive/MyDrive/Underwater Audio Data/processed/Vessels/Tanker_14_chunk62.wav,Vessels,/content/drive/MyDrive/Underwater Audio Data/data/Vessels/Tanker_14.wav,3.0
/content/drive/MyDrive/Underwater Audio Data/processed/Vessels/Tanker_14_chunk63.wav,Vessels,/content/drive/MyDrive/Underwater Audio Data/data/Vessels/Tanker_14.wav,3.0
/content/drive/MyDrive/Underwater Audio Data/processed/Vessels/Tanker_14_chunk64.wav,Vessels,/content/drive/MyDrive/Underwater Audio Data/data/Vessels/Tanker_14.wav,3.0
/content/drive/MyDrive/Underwater Audio Data/processed/Vessels/Tanker_14_chunk65.wav,Vessels,/content/drive/MyDrive/Underwater Audio Data/data/Vessels/Tanker_14.wav,3.0
/content/drive/MyDrive/Underwater Audio Data/processed/Vessels/Tanker_14_chunk66.wav,Vessels,/content/drive/MyDrive/Underwater Audio Data/data/Vessels/Tanker_14.wav,3.0
/content/drive/MyDrive/Underwater Audio Data/processed/Vessels/Tanker_14_chunk67.wav,Vessels,/content/drive/MyDrive/Underwater Audio Data/data/Vessels/Tanker_14.wav,3.0
/content/drive/MyDrive/Underwater Audio Data/processed/Vessels/Tanker_14_chunk68.wav,Vessels,/content/drive/MyDrive/Underwater Audio Data/data/Vessels/Tanker_14.wav,3.0
/content/drive/MyDrive/Underwater Audio Data/processed/Vessels/Tanker_14_chunk69.wav,Vessels,/content/drive/MyDrive/Underwater Audio Data/data/Vessels/Tanker_14.wav,3.0
/content/drive/MyDrive/Underwater Audio Data/processed/Vessels/Tanker_14_chunk70.wav,Vessels,/content/drive/MyDrive/Underwater Audio Data/data/Vessels/Tanker_14.wav,3.0
/content/drive/MyDrive/Underwater Audio Data/processed/Vessels/Tanker_14_chunk71.wav,Vessels,/content/drive/MyDrive/Underwater Audio Data/data/Vessels/Tanker_14.wav,3.0
/content/drive/MyDrive/Underwater Audio Data/processed/Vessels/Tanker_14_chunk72.wav,Vessels,/content/drive/MyDrive/Underwater Audio Data/data/Vessels/Tanker_14.wav,3.0
/content/drive/MyDrive/Underwater Audio Data/processed/Vessels/Tanker_14_chunk73.wav,Vessels,/content/drive/MyDrive/Underwater Audio Data/data/Vessels/Tanker_14.wav,3.0
/content/drive/MyDrive/Underwater Audio Data/processed/Vessels/Tanker_14_chunk74.wav,Vessels,/content/drive/MyDrive/Underwater Audio Data/data/Vessels/Tanker_14.wav,3.0
/content/drive/MyDrive/Underwater Audio Data/processed/Vessels/Tanker_14_chunk75.wav,Vessels,/content/drive/MyDrive/Underwater Audio Data/data/Vessels/Tanker_14.wav,3.0
/content/drive/MyDrive/Underwater Audio Data/processed/Vessels/Tanker_14_chunk76.wav,Vessels,/content/drive/MyDrive/Underwater Audio Data/data/Vessels/Tanker_14.wav,3.0
/content/drive/MyDrive/Underwater Audio Data/processed/Vessels/Tanker_14_chunk77.wav,Vessels,/content/drive/MyDrive/Underwater Audio Data/data/Vessels/Tanker_14.wav,3.0
/content/drive/MyDrive/Underwater Audio Data/processed/Vessels/Tanker_14_chunk78.wav,Vessels,/content/drive/MyDrive/Underwater Audio Data/data/Vessels/Tanker_14.wav,3.0
/content/drive/MyDrive/Underwater Audio Data/processed/Vessels/Tanker_14_chunk79.wav,Vessels,/content/drive/MyDrive/Underwater Audio Data/data/Vessels/Tanker_14.wav,3.0
/content/drive/MyDrive/Underwater Audio Data/processed/Vessels/Tanker_14_chunk80.wav,Vessels,/content/drive/MyDrive/Underwater Audio Data/data/Vessels/Tanker_14.wav,3.0
/content/drive/MyDrive/Underwater Audio Data/processed/Vessels/Tanker_14_chunk81.wav,Vessels,/content/drive/MyDrive/Underwater Audio Data/data/Vessels/Tanker_14.wav,3.0
/content/drive/MyDrive/Underwater Audio Data/processed/Vessels/Tanker_14_chunk82.wav,Vessels,/content/drive/MyDrive/Underwater Audio Data/data/Vessels/Tanker_14.wav,3.0
/content/drive/MyDrive/Underwater Audio Data/processed/Vessels/Tanker_14_chunk83.wav,Vessels,/content/drive/MyDrive/Underwater Audio Data/data/Vessels/Tanker_14.wav,3.0
/content/drive/MyDrive/Underwater Audio Data/processed/Vessels/Tanker_14_chunk84.wav,Vessels,/content/drive/MyDrive/Underwater Audio Data/data/Vessels/Tanker_14.wav,3.0
/content/drive/MyDrive/Underwater Audio Data/processed/Vessels/Tanker_14_chunk85.wav,Vessels,/content/drive/MyDrive/Underwater Audio Data/data/Vessels/Tanker_14.wav,3.0
/content/drive/MyDrive/Underwater Audio Data/processed/Vessels/Tanker_14_chunk86.wav,Vessels,/content/drive/MyDrive/Underwater Audio Data/data/Vessels/Tanker_14.wav,3.0
/content/drive/MyDrive/Underwater Audio Data/processed/Vessels/Tanker_14_chunk87.wav,Vessels,/content/drive/MyDrive/Underwater Audio Data/data/Vessels/Tanker_14.wav,3.0
/content/drive/MyDrive/Underwater Audio Data/processed/Vessels/Tanker_14_chunk88.wav,Vessels,/content/drive/MyDrive/Underwater Audio Data/data/Vessels/Tanker_14.wav,3.0
/content/drive/MyDrive/Underwater Audio Data/processed/Vessels/Tanker_14_chunk89.wav,Vessels,/content/drive/MyDrive/Underwater Audio Data/data/Vessels/Tanker_14.wav,3.0
/content/drive/MyDrive/Underwater Audio Data/processed/Vessels/Tanker_14_chunk90.wav,Vessels,/content/drive/MyDrive/Underwater Audio Data/data/Vessels/Tanker_14.wav,3.0
/content/drive/MyDrive/Underwater Audio Data/processed/Vessels/Tanker_14_chunk91.wav,Vessels,/content/drive/MyDrive/Underwater Audio Data/data/Vessels/Tanker_14.wav,3.0
/content/drive/MyDrive/Underwater Audio Data/processed/Vessels/Tanker_14_chunk92.wav,Vessels,/content/drive/MyDrive/Underwater Audio Data/data/Vessels/Tanker_14.wav,3.0
/content/drive/MyDrive/Underwater Audio Data/processed/Vessels/Tanker_14_chunk93.wav,Vessels,/content/drive/MyDrive/Underwater Audio Data/data/Vessels/Tanker_14.wav,3.0
/content/drive/MyDrive/Underwater Audio Data/processed/Vessels/Tanker_14_chunk94.wav,Vessels,/content/drive/MyDrive/Underwater Audio Data/data/Vessels/Tanker_14.wav,3.0
/content/drive/MyDrive/Underwater Audio Data/processed/Vessels/Tanker_14_chunk95.wav,Vessels,/content/drive/MyDrive/Underwater Audio Data/data/Vessels/Tanker_14.wav,3.0
/content/drive/MyDrive/Underwater Audio Data/processed/Vessels/Tanker_14_chunk96.wav,Vessels,/content/drive/MyDrive/Underwater Audio Data/data/Vessels/Tanker_14.wav,3.0
/content/drive/MyDrive/Underwater Audio Data/processed/Vessels/Tanker_14_chunk97.wav,Vessels,/content/drive/MyDrive/Underwater Audio Data/data/Vessels/Tanker_14.wav,3.0
/content/drive/MyDrive/Underwater Audio Data/processed/Vessels/Tanker_14_chunk98.wav,Vessels,/content/drive/MyDrive/Underwater Audio Data/data/Vessels/Tanker_14.wav,3.0
/content/drive/MyDrive/Underwater Audio Data/processed/Vessels/Tanker_16_chunk0.wav,Vessels,/content/drive/MyDrive/Underwater Audio Data/data/Vessels/Tanker_16.wav,3.0
/content/drive/MyDrive/Underwater Audio Data/processed/Vessels/Tanker_16_chunk1.wav,Vessels,/content/drive/MyDrive/Underwater Audio Data/data/Vessels/Tanker_16.wav,3.0
/content/drive/MyDrive/Underwater Audio Data/processed/Vessels/Tanker_16_chunk2.wav,Vessels,/content/drive/MyDrive/Underwater Audio Data/data/Vessels/Tanker_16.wav,3.0
/content/drive/MyDrive/Underwater Audio Data/processed/Vessels/Tanker_16_chunk3.wav,Vessels,/content/drive/MyDrive/Underwater Audio Data/data/Vessels/Tanker_16.wav,3.0
/content/drive/MyDrive/Underwater Audio Data/processed/Vessels/Tanker_16_chunk4.wav,Vessels,/content/drive/MyDrive/Underwater Audio Data/data/Vessels/Tanker_16.wav,3.0
/content/drive/MyDrive/Underwater Audio Data/processed/Vessels/Tanker_16_chunk5.wav,Vessels,/content/drive/MyDrive/Underwater Audio Data/data/Vessels/Tanker_16.wav,3.0
/content/drive/MyDrive/Underwater Audio Data/processed/Vessels/Tanker_16_chunk6.wav,Vessels,/content/drive/MyDrive/Underwater Audio Data/data/Vessels/Tanker_16.wav,3.0
/content/drive/MyDrive/Underwater Audio Data/processed/Vessels/Tanker_16_chunk7.wav,Vessels,/content/drive/MyDrive/Underwater Audio Data/data/Vessels/Tanker_16.wav,3.0
/content/drive/MyDrive/Underwater Audio Data/processed/Vessels/Tanker_16_chunk8.wav,Vessels,/content/drive/MyDrive/Underwater Audio Data/data/Vessels/Tanker_16.wav,3.0
/content/drive/MyDrive/Underwater Audio Data/processed/Vessels/Tanker_16_chunk9.wav,Vessels,/content/drive/MyDrive/Underwater Audio Data/data/Vessels/Tanker_16.wav,3.0
/content/drive/MyDrive/Underwater Audio Data/processed/Vessels/Tanker_16_chunk10.wav,Vessels,/content/drive/MyDrive/Underwater Audio Data/data/Vessels/Tanker_16.wav,3.0
/content/drive/MyDrive/Underwater Audio Data/processed/Vessels/Tanker_16_chunk11.wav,Vessels,/content/drive/MyDrive/Underwater Audio Data/data/Vessels/Tanker_16.wav,3.0
/content/drive/MyDrive/Underwater Audio Data/processed/Vessels/Tanker_16_chunk12.wav,Vessels,/content/drive/MyDrive/Underwater Audio Data/data/Vessels/Tanker_16.wav,3.0
/content/drive/MyDrive/Underwater Audio Data/processed/Vessels/Tanker_16_chunk13.wav,Vessels,/content/drive/MyDrive/Underwater Audio Data/data/Vessels/Tanker_16.wav,3.0
/content/drive/MyDrive/Underwater Audio Data/processed/Vessels/Tanker_16_chunk14.wav,Vessels,/content/drive/MyDrive/Underwater Audio Data/data/Vessels/Tanker_16.wav,3.0
/content/drive/MyDrive/Underwater Audio Data/processed/Vessels/Tanker_16_chunk15.wav,Vessels,/content/drive/MyDrive/Underwater Audio Data/data/Vessels/Tanker_16.wav,3.0
/content/drive/MyDrive/Underwater Audio Data/processed/Vessels/Tanker_16_chunk16.wav,Vessels,/content/drive/MyDrive/Underwater Audio Data/data/Vessels/Tanker_16.wav,3.0
/content/drive/MyDrive/Underwater Audio Data/processed/Vessels/Tanker_16_chunk17.wav,Vessels,/content/drive/MyDrive/Underwater Audio Data/data/Vessels/Tanker_16.wav,3.0
/content/drive/MyDrive/Underwater Audio Data/processed/Vessels/Tanker_16_chunk18.wav,Vessels,/content/drive/MyDrive/Underwater Audio Data/data/Vessels/Tanker_16.wav,3.0
/content/drive/MyDrive/Underwater Audio Data/processed/Vessels/Tanker_16_chunk19.wav,Vessels,/content/drive/MyDrive/Underwater Audio Data/data/Vessels/Tanker_16.wav,3.0
/content/drive/MyDrive/Underwater Audio Data/processed/Vessels/Tanker_16_chunk20.wav,Vessels,/content/drive/MyDrive/Underwater Audio Data/data/Vessels/Tanker_16.wav,3.0
/content/drive/MyDrive/Underwater Audio Data/processed/Vessels/Tanker_16_chunk21.wav,Vessels,/content/drive/MyDrive/Underwater Audio Data/data/Vessels/Tanker_16.wav,3.0
/content/drive/MyDrive/Underwater Audio Data/processed/Vessels/Tanker_16_chunk22.wav,Vessels,/content/drive/MyDrive/Underwater Audio Data/data/Vessels/Tanker_16.wav,3.0
/content/drive/MyDrive/Underwater Audio Data/processed/Vessels/Tanker_16_chunk23.wav,Vessels,/content/drive/MyDrive/Underwater Audio Data/data/Vessels/Tanker_16.wav,3.0
/content/drive/MyDrive/Underwater Audio Data/processed/Vessels/Tanker_16_chunk24.wav,Vessels,/content/drive/MyDrive/Underwater Audio Data/data/Vessels/Tanker_16.wav,3.0
/content/drive/MyDrive/Underwater Audio Data/processed/Vessels/Tanker_16_chunk25.wav,Vessels,/content/drive/MyDrive/Underwater Audio Data/data/Vessels/Tanker_16.wav,3.0
/content/drive/MyDrive/Underwater Audio Data/processed/Vessels/Tanker_16_chunk26.wav,Vessels,/content/drive/MyDrive/Underwater Audio Data/data/Vessels/Tanker_16.wav,3.0
/content/drive/MyDrive/Underwater Audio Data/processed/Vessels/Tanker_16_chunk27.wav,Vessels,/content/drive/MyDrive/Underwater Audio Data/data/Vessels/Tanker_16.wav,3.0
/content/drive/MyDrive/Underwater Audio Data/processed/Vessels/Tanker_16_chunk28.wav,Vessels,/content/drive/MyDrive/Underwater Audio Data/data/Vessels/Tanker_16.wav,3.0
/content/drive/MyDrive/Underwater Audio Data/processed/Vessels/Tanker_16_chunk29.wav,Vessels,/content/drive/MyDrive/Underwater Audio Data/data/Vessels/Tanker_16.wav,3.0
/content/drive/MyDrive/Underwater Audio Data/processed/Vessels/Tanker_16_chunk30.wav,Vessels,/content/drive/MyDrive/Underwater Audio Data/data/Vessels/Tanker_16.wav,3.0
/content/drive/MyDrive/Underwater Audio Data/processed/Vessels/Tanker_16_chunk31.wav,Vessels,/content/drive/MyDrive/Underwater Audio Data/data/Vessels/Tanker_16.wav,3.0
/content/drive/MyDrive/Underwater Audio Data/processed/Vessels/Tanker_16_chunk32.wav,Vessels,/content/drive/MyDrive/Underwater Audio Data/data/Vessels/Tanker_16.wav,3.0
/content/drive/MyDrive/Underwater Audio Data/processed/Vessels/Tanker_16_chunk33.wav,Vessels,/content/drive/MyDrive/Underwater Audio Data/data/Vessels/Tanker_16.wav,3.0
/content/drive/MyDrive/Underwater Audio Data/processed/Vessels/Tanker_16_chunk34.wav,Vessels,/content/drive/MyDrive/Underwater Audio Data/data/Vessels/Tanker_16.wav,3.0
/content/drive/MyDrive/Underwater Audio Data/processed/Vessels/Tanker_16_chunk35.wav,Vessels,/content/drive/MyDrive/Underwater Audio Data/data/Vessels/Tanker_16.wav,3.0
/content/drive/MyDrive/Underwater Audio Data/processed/Vessels/Tanker_16_chunk36.wav,Vessels,/content/drive/MyDrive/Underwater Audio Data/data/Vessels/Tanker_16.wav,3.0
/content/drive/MyDrive/Underwater Audio Data/processed/Vessels/Tanker_16_chunk37.wav,Vessels,/content/drive/MyDrive/Underwater Audio Data/data/Vessels/Tanker_16.wav,3.0
/content/drive/MyDrive/Underwater Audio Data/processed/Vessels/Tanker_16_chunk38.wav,Vessels,/content/drive/MyDrive/Underwater Audio Data/data/Vessels/Tanker_16.wav,3.0
/content/drive/MyDrive/Underwater Audio Data/processed/Vessels/Tanker_16_chunk39.wav,Vessels,/content/drive/MyDrive/Underwater Audio Data/data/Vessels/Tanker_16.wav,3.0
/content/drive/MyDrive/Underwater Audio Data/processed/Vessels/Tanker_16_chunk40.wav,Vessels,/content/drive/MyDrive/Underwater Audio Data/data/Vessels/Tanker_16.wav,3.0
/content/drive/MyDrive/Underwater Audio Data/processed/Vessels/Tanker_16_chunk41.wav,Vessels,/content/drive/MyDrive/Underwater Audio Data/data/Vessels/Tanker_16.wav,3.0
/content/drive/MyDrive/Underwater Audio Data/processed/Vessels/Tanker_16_chunk42.wav,Vessels,/content/drive/MyDrive/Underwater Audio Data/data/Vessels/Tanker_16.wav,3.0
/content/drive/MyDrive/Underwater Audio Data/processed/Vessels/Tanker_16_chunk43.wav,Vessels,/content/drive/MyDrive/Underwater Audio Data/data/Vessels/Tanker_16.wav,3.0
/content/drive/MyDrive/Underwater Audio Data/processed/Vessels/Tanker_16_chunk44.wav,Vessels,/content/drive/MyDrive/Underwater Audio Data/data/Vessels/Tanker_16.wav,3.0
/content/drive/MyDrive/Underwater Audio Data/processed/Vessels/Tanker_16_chunk45.wav,Vessels,/content/drive/MyDrive/Underwater Audio Data/data/Vessels/Tanker_16.wav,3.0
/content/drive/MyDrive/Underwater Audio Data/processed/Vessels/Tanker_16_chunk46.wav,Vessels,/content/drive/MyDrive/Underwater Audio Data/data/Vessels/Tanker_16.wav,3.0
/content/drive/MyDrive/Underwater Audio Data/processed/Vessels/Tanker_16_chunk47.wav,Vessels,/content/drive/MyDrive/Underwater Audio Data/data/Vessels/Tanker_16.wav,3.0
/content/drive/MyDrive/Underwater Audio Data/processed/Vessels/Tanker_16_chunk48.wav,Vessels,/content/drive/MyDrive/Underwater Audio Data/data/Vessels/Tanker_16.wav,3.0
/content/drive/MyDrive/Underwater Audio Data/processed/Vessels/Tanker_16_chunk49.wav,Vessels,/content/drive/MyDrive/Underwater Audio Data/data/Vessels/Tanker_16.wav,3.0
/content/drive/MyDrive/Underwater Audio Data/processed/Vessels/Tanker_16_chunk50.wav,Vessels,/content/drive/MyDrive/Underwater Audio Data/data/Vessels/Tanker_16.wav,3.0
/content/drive/MyDrive/Underwater Audio Data/processed/Vessels/Tanker_16_chunk51.wav,Vessels,/content/drive/MyDrive/Underwater Audio Data/data/Vessels/Tanker_16.wav,3.0
/content/drive/MyDrive/Underwater Audio Data/processed/Vessels/Tanker_16_chunk52.wav,Vessels,/content/drive/MyDrive/Underwater Audio Data/data/Vessels/Tanker_16.wav,3.0
/content/drive/MyDrive/Underwater Audio Data/processed/Vessels/Tanker_16_chunk53.wav,Vessels,/content/drive/MyDrive/Underwater Audio Data/data/Vessels/Tanker_16.wav,3.0
/content/drive/MyDrive/Underwater Audio Data/processed/Vessels/Tanker_16_chunk54.wav,Vessels,/content/drive/MyDrive/Underwater Audio Data/data/Vessels/Tanker_16.wav,3.0
/content/drive/MyDrive/Underwater Audio Data/processed/Vessels/Tanker_16_chunk55.wav,Vessels,/content/drive/MyDrive/Underwater Audio Data/data/Vessels/Tanker_16.wav,3.0
/content/drive/MyDrive/Underwater Audio Data/processed/Vessels/Tanker_16_chunk56.wav,Vessels,/content/drive/MyDrive/Underwater Audio Data/data/Vessels/Tanker_16.wav,3.0
/content/drive/MyDrive/Underwater Audio Data/processed/Vessels/Tanker_16_chunk57.wav,Vessels,/content/drive/MyDrive/Underwater Audio Data/data/Vessels/Tanker_16.wav,3.0
/content/drive/MyDrive/Underwater Audio Data/processed/Vessels/Tanker_16_chunk58.wav,Vessels,/content/drive/MyDrive/Underwater Audio Data/data/Vessels/Tanker_16.wav,3.0
/content/drive/MyDrive/Underwater Audio Data/processed/Vessels/Tanker_16_chunk59.wav,Vessels,/content/drive/MyDrive/Underwater Audio Data/data/Vessels/Tanker_16.wav,3.0
/content/drive/MyDrive/Underwater Audio Data/processed/Vessels/Tanker_16_chunk60.wav,Vessels,/content/drive/MyDrive/Underwater Audio Data/data/Vessels/Tanker_16.wav,3.0
/content/drive/MyDrive/Underwater Audio Data/processed/Vessels/Tanker_16_chunk61.wav,Vessels,/content/drive/MyDrive/Underwater Audio Data/data/Vessels/Tanker_16.wav,3.0
/content/drive/MyDrive/Underwater Audio Data/processed/Vessels/Tanker_16_chunk62.wav,Vessels,/content/drive/MyDrive/Underwater Audio Data/data/Vessels/Tanker_16.wav,3.0
/content/drive/MyDrive/Underwater Audio Data/processed/Vessels/Tanker_16_chunk63.wav,Vessels,/content/drive/MyDrive/Underwater Audio Data/data/Vessels/Tanker_16.wav,3.0
/content/drive/MyDrive/Underwater Audio Data/processed/Vessels/Tanker_16_chunk64.wav,Vessels,/content/drive/MyDrive/Underwater Audio Data/data/Vessels/Tanker_16.wav,3.0
/content/drive/MyDrive/Underwater Audio Data/processed/Vessels/Tanker_16_chunk65.wav,Vessels,/content/drive/MyDrive/Underwater Audio Data/data/Vessels/Tanker_16.wav,3.0
/content/drive/MyDrive/Underwater Audio Data/processed/Vessels/Tanker_16_chunk66.wav,Vessels,/content/drive/MyDrive/Underwater Audio Data/data/Vessels/Tanker_16.wav,3.0
/content/drive/MyDrive/Underwater Audio Data/processed/Vessels/Tanker_16_chunk67.wav,Vessels,/content/drive/MyDrive/Underwater Audio Data/data/Vessels/Tanker_16.wav,3.0
/content/drive/MyDrive/Underwater Audio Data/processed/Vessels/Tanker_16_chunk68.wav,Vessels,/content/drive/MyDrive/Underwater Audio Data/data/Vessels/Tanker_16.wav,3.0
/content/drive/MyDrive/Underwater Audio Data/processed/Vessels/Tanker_1_chunk0.wav,Vessels,/content/drive/MyDrive/Underwater Audio Data/data/Vessels/Tanker_1.wav,3.0
/content/drive/MyDrive/Underwater Audio Data/processed/Vessels/Tanker_1_chunk1.wav,Vessels,/content/drive/MyDrive/Underwater Audio Data/data/Vessels/Tanker_1.wav,3.0
/content/drive/MyDrive/Underwater Audio Data/processed/Vessels/Tanker_1_chunk2.wav,Vessels,/content/drive/MyDrive/Underwater Audio Data/data/Vessels/Tanker_1.wav,3.0
/content/drive/MyDrive/Underwater Audio Data/processed/Vessels/Tanker_1_chunk3.wav,Vessels,/content/drive/MyDrive/Underwater Audio Data/data/Vessels/Tanker_1.wav,3.0
/content/drive/MyDrive/Underwater Audio Data/processed/Vessels/Tanker_1_chunk4.wav,Vessels,/content/drive/MyDrive/Underwater Audio Data/data/Vessels/Tanker_1.wav,3.0
/content/drive/MyDrive/Underwater Audio Data/processed/Vessels/Tanker_1_chunk5.wav,Vessels,/content/drive/MyDrive/Underwater Audio Data/data/Vessels/Tanker_1.wav,3.0
/content/drive/MyDrive/Underwater Audio Data/processed/Vessels/Tanker_1_chunk6.wav,Vessels,/content/drive/MyDrive/Underwater Audio Data/data/Vessels/Tanker_1.wav,3.0
/content/drive/MyDrive/Underwater Audio Data/processed/Vessels/Tanker_1_chunk7.wav,Vessels,/content/drive/MyDrive/Underwater Audio Data/data/Vessels/Tanker_1.wav,3.0
/content/drive/MyDrive/Underwater Audio Data/processed/Vessels/Tanker_1_chunk8.wav,Vessels,/content/drive/MyDrive/Underwater Audio Data/data/Vessels/Tanker_1.wav,3.0
/content/drive/MyDrive/Underwater Audio Data/processed/Vessels/Tanker_1_chunk9.wav,Vessels,/content/drive/MyDrive/Underwater Audio Data/data/Vessels/Tanker_1.wav,3.0
/content/drive/MyDrive/Underwater Audio Data/processed/Vessels/Tanker_2_chunk0.wav,Vessels,/content/drive/MyDrive/Underwater Audio Data/data/Vessels/Tanker_2.wav,3.0
/content/drive/MyDrive/Underwater Audio Data/processed/Vessels/Tanker_2_chunk1.wav,Vessels,/content/drive/MyDrive/Underwater Audio Data/data/Vessels/Tanker_2.wav,3.0
/content/drive/MyDrive/Underwater Audio Data/processed/Vessels/Tanker_2_chunk2.wav,Vessels,/content/drive/MyDrive/Underwater Audio Data/data/Vessels/Tanker_2.wav,3.0
/content/drive/MyDrive/Underwater Audio Data/processed/Vessels/Tanker_2_chunk3.wav,Vessels,/content/drive/MyDrive/Underwater Audio Data/data/Vessels/Tanker_2.wav,3.0
/content/drive/MyDrive/Underwater Audio Data/processed/Vessels/Tanker_2_chunk4.wav,Vessels,/content/drive/MyDrive/Underwater Audio Data/data/Vessels/Tanker_2.wav,3.0
/content/drive/MyDrive/Underwater Audio Data/processed/Vessels/Tanker_2_chunk5.wav,Vessels,/content/drive/MyDrive/Underwater Audio Data/data/Vessels/Tanker_2.wav,3.0
/content/drive/MyDrive/Underwater Audio Data/processed/Vessels/Tanker_2_chunk6.wav,Vessels,/content/drive/MyDrive/Underwater Audio Data/data/Vessels/Tanker_2.wav,3.0
/content/drive/MyDrive/Underwater Audio Data/processed/Vessels/Tanker_2_chunk7.wav,Vessels,/content/drive/MyDrive/Underwater Audio Data/data/Vessels/Tanker_2.wav,3.0
/content/drive/MyDrive/Underwater Audio Data/processed/Vessels/Tanker_2_chunk8.wav,Vessels,/content/drive/MyDrive/Underwater Audio Data/data/Vessels/Tanker_2.wav,3.0
/content/drive/MyDrive/Underwater Audio Data/processed/Vessels/Tanker_2_chunk9.wav,Vessels,/content/drive/MyDrive/Underwater Audio Data/data/Vessels/Tanker_2.wav,3.0
/content/drive/MyDrive/Underwater Audio Data/processed/Vessels/Tanker_2_chunk10.wav,Vessels,/content/drive/MyDrive/Underwater Audio Data/data/Vessels/Tanker_2.wav,3.0
/content/drive/MyDrive/Underwater Audio Data/processed/Vessels/Tanker_2_chunk11.wav,Vessels,/content/drive/MyDrive/Underwater Audio Data/data/Vessels/Tanker_2.wav,3.0
/content/drive/MyDrive/Underwater Audio Data/processed/Vessels/Tanker_2_chunk12.wav,Vessels,/content/drive/MyDrive/Underwater Audio Data/data/Vessels/Tanker_2.wav,3.0
/content/drive/MyDrive/Underwater Audio Data/processed/Vessels/Tanker_17_chunk0.wav,Vessels,/content/drive/MyDrive/Underwater Audio Data/data/Vessels/Tanker_17.wav,3.0
/content/drive/MyDrive/Underwater Audio Data/processed/Vessels/Tanker_17_chunk1.wav,Vessels,/content/drive/MyDrive/Underwater Audio Data/data/Vessels/Tanker_17.wav,3.0
/content/drive/MyDrive/Underwater Audio Data/processed/Vessels/Tanker_17_chunk2.wav,Vessels,/content/drive/MyDrive/Underwater Audio Data/data/Vessels/Tanker_17.wav,3.0
/content/drive/MyDrive/Underwater Audio Data/processed/Vessels/Tanker_17_chunk3.wav,Vessels,/content/drive/MyDrive/Underwater Audio Data/data/Vessels/Tanker_17.wav,3.0
/content/drive/MyDrive/Underwater Audio Data/processed/Vessels/Tanker_17_chunk4.wav,Vessels,/content/drive/MyDrive/Underwater Audio Data/data/Vessels/Tanker_17.wav,3.0
/content/drive/MyDrive/Underwater Audio Data/processed/Vessels/Tanker_17_chunk5.wav,Vessels,/content/drive/MyDrive/Underwater Audio Data/data/Vessels/Tanker_17.wav,3.0
/content/drive/MyDrive/Underwater Audio Data/processed/Vessels/Tanker_17_chunk6.wav,Vessels,/content/drive/MyDrive/Underwater Audio Data/data/Vessels/Tanker_17.wav,3.0
/content/drive/MyDrive/Underwater Audio Data/processed/Vessels/Tanker_17_chunk7.wav,Vessels,/content/drive/MyDrive/Underwater Audio Data/data/Vessels/Tanker_17.wav,3.0
/content/drive/MyDrive/Underwater Audio Data/processed/Vessels/Tanker_17_chunk8.wav,Vessels,/content/drive/MyDrive/Underwater Audio Data/data/Vessels/Tanker_17.wav,3.0
/content/drive/MyDrive/Underwater Audio Data/processed/Vessels/Tanker_17_chunk9.wav,Vessels,/content/drive/MyDrive/Underwater Audio Data/data/Vessels/Tanker_17.wav,3.0
/content/drive/MyDrive/Underwater Audio Data/processed/Vessels/Tanker_17_chunk10.wav,Vessels,/content/drive/MyDrive/Underwater Audio Data/data/Vessels/Tanker_17.wav,3.0
/content/drive/MyDrive/Underwater Audio Data/processed/Vessels/Tanker_17_chunk11.wav,Vessels,/content/drive/MyDrive/Underwater Audio Data/data/Vessels/Tanker_17.wav,3.0
/content/drive/MyDrive/Underwater Audio Data/processed/Vessels/Tanker_17_chunk12.wav,Vessels,/content/drive/MyDrive/Underwater Audio Data/data/Vessels/Tanker_17.wav,3.0
/content/drive/MyDrive/Underwater Audio Data/processed/Vessels/Tanker_17_chunk13.wav,Vessels,/content/drive/MyDrive/Underwater Audio Data/data/Vessels/Tanker_17.wav,3.0
/content/drive/MyDrive/Underwater Audio Data/processed/Vessels/Tanker_17_chunk14.wav,Vessels,/content/drive/MyDrive/Underwater Audio Data/data/Vessels/Tanker_17.wav,3.0
/content/drive/MyDrive/Underwater Audio Data/processed/Vessels/Tanker_17_chunk15.wav,Vessels,/content/drive/MyDrive/Underwater Audio Data/data/Vessels/Tanker_17.wav,3.0
/content/drive/MyDrive/Underwater Audio Data/processed/Vessels/Tanker_17_chunk16.wav,Vessels,/content/drive/MyDrive/Underwater Audio Data/data/Vessels/Tanker_17.wav,3.0
/content/drive/MyDrive/Underwater Audio Data/processed/Vessels/Tanker_17_chunk17.wav,Vessels,/content/drive/MyDrive/Underwater Audio Data/data/Vessels/Tanker_17.wav,3.0
/content/drive/MyDrive/Underwater Audio Data/processed/Vessels/Tanker_17_chunk18.wav,Vessels,/content/drive/MyDrive/Underwater Audio Data/data/Vessels/Tanker_17.wav,3.0
/content/drive/MyDrive/Underwater Audio Data/processed/Vessels/Tanker_17_chunk19.wav,Vessels,/content/drive/MyDrive/Underwater Audio Data/data/Vessels/Tanker_17.wav,3.0
/content/drive/MyDrive/Underwater Audio Data/processed/Vessels/Tanker_17_chunk20.wav,Vessels,/content/drive/MyDrive/Underwater Audio Data/data/Vessels/Tanker_17.wav,3.0
/content/drive/MyDrive/Underwater Audio Data/processed/Vessels/Tanker_17_chunk21.wav,Vessels,/content/drive/MyDrive/Underwater Audio Data/data/Vessels/Tanker_17.wav,3.0
/content/drive/MyDrive/Underwater Audio Data/processed/Vessels/Tanker_17_chunk22.wav,Vessels,/content/drive/MyDrive/Underwater Audio Data/data/Vessels/Tanker_17.wav,3.0
/content/drive/MyDrive/Underwater Audio Data/processed/Vessels/Tanker_17_chunk23.wav,Vessels,/content/drive/MyDrive/Underwater Audio Data/data/Vessels/Tanker_17.wav,3.0
/content/drive/MyDrive/Underwater Audio Data/processed/Vessels/Tanker_17_chunk24.wav,Vessels,/content/drive/MyDrive/Underwater Audio Data/data/Vessels/Tanker_17.wav,3.0
/content/drive/MyDrive/Underwater Audio Data/processed/Vessels/Tanker_17_chunk25.wav,Vessels,/content/drive/MyDrive/Underwater Audio Data/data/Vessels/Tanker_17.wav,3.0
/content/drive/MyDrive/Underwater Audio Data/processed/Vessels/Tanker_17_chunk26.wav,Vessels,/content/drive/MyDrive/Underwater Audio Data/data/Vessels/Tanker_17.wav,3.0
/content/drive/MyDrive/Underwater Audio Data/processed/Vessels/Tanker_17_chunk27.wav,Vessels,/content/drive/MyDrive/Underwater Audio Data/data/Vessels/Tanker_17.wav,3.0
/content/drive/MyDrive/Underwater Audio Data/processed/Vessels/Tanker_17_chunk28.wav,Vessels,/content/drive/MyDrive/Underwater Audio Data/data/Vessels/Tanker_17.wav,3.0
/content/drive/MyDrive/Underwater Audio Data/processed/Vessels/Tanker_17_chunk29.wav,Vessels,/content/drive/MyDrive/Underwater Audio Data/data/Vessels/Tanker_17.wav,3.0
/content/drive/MyDrive/Underwater Audio Data/processed/Vessels/Tanker_17_chunk30.wav,Vessels,/content/drive/MyDrive/Underwater Audio Data/data/Vessels/Tanker_17.wav,3.0
/content/drive/MyDrive/Underwater Audio Data/processed/Vessels/Tanker_17_chunk31.wav,Vessels,/content/drive/MyDrive/Underwater Audio Data/data/Vessels/Tanker_17.wav,3.0
/content/drive/MyDrive/Underwater Audio Data/processed/Vessels/Tanker_17_chunk32.wav,Vessels,/content/drive/MyDrive/Underwater Audio Data/data/Vessels/Tanker_17.wav,3.0
/content/drive/MyDrive/Underwater Audio Data/processed/Vessels/Tanker_17_chunk33.wav,Vessels,/content/drive/MyDrive/Underwater Audio Data/data/Vessels/Tanker_17.wav,3.0
/content/drive/MyDrive/Underwater Audio Data/processed/Vessels/Tanker_17_chunk34.wav,Vessels,/content/drive/MyDrive/Underwater Audio Data/data/Vessels/Tanker_17.wav,3.0
/content/drive/MyDrive/Underwater Audio Data/processed/Vessels/Tanker_17_chunk35.wav,Vessels,/content/drive/MyDrive/Underwater Audio Data/data/Vessels/Tanker_17.wav,3.0
/content/drive/MyDrive/Underwater Audio Data/processed/Vessels/Tanker_17_chunk36.wav,Vessels,/content/drive/MyDrive/Underwater Audio Data/data/Vessels/Tanker_17.wav,3.0
/content/drive/MyDrive/Underwater Audio Data/processed/Vessels/Tanker_17_chunk37.wav,Vessels,/content/drive/MyDrive/Underwater Audio Data/data/Vessels/Tanker_17.wav,3.0
/content/drive/MyDrive/Underwater Audio Data/processed/Vessels/Tanker_17_chunk38.wav,Vessels,/content/drive/MyDrive/Underwater Audio Data/data/Vessels/Tanker_17.wav,3.0
/content/drive/MyDrive/Underwater Audio Data/processed/Vessels/Tanker_17_chunk39.wav,Vessels,/content/drive/MyDrive/Underwater Audio Data/data/Vessels/Tanker_17.wav,3.0
/content/drive/MyDrive/Underwater Audio Data/processed/Vessels/Tanker_17_chunk40.wav,Vessels,/content/drive/MyDrive/Underwater Audio Data/data/Vessels/Tanker_17.wav,3.0
/content/drive/MyDrive/Underwater Audio Data/processed/Vessels/Tanker_17_chunk41.wav,Vessels,/content/drive/MyDrive/Underwater Audio Data/data/Vessels/Tanker_17.wav,3.0
/content/drive/MyDrive/Underwater Audio Data/processed/Vessels/Tanker_17_chunk42.wav,Vessels,/content/drive/MyDrive/Underwater Audio Data/data/Vessels/Tanker_17.wav,3.0
/content/drive/MyDrive/Underwater Audio Data/processed/Vessels/Tanker_17_chunk43.wav,Vessels,/content/drive/MyDrive/Underwater Audio Data/data/Vessels/Tanker_17.wav,3.0
/content/drive/MyDrive/Underwater Audio Data/processed/Vessels/Tanker_17_chunk44.wav,Vessels,/content/drive/MyDrive/Underwater Audio Data/data/Vessels/Tanker_17.wav,3.0
/content/drive/MyDrive/Underwater Audio Data/processed/Vessels/Tanker_17_chunk45.wav,Vessels,/content/drive/MyDrive/Underwater Audio Data/data/Vessels/Tanker_17.wav,3.0
/content/drive/MyDrive/Underwater Audio Data/processed/Vessels/Tanker_17_chunk46.wav,Vessels,/content/drive/MyDrive/Underwater Audio Data/data/Vessels/Tanker_17.wav,3.0
/content/drive/MyDrive/Underwater Audio Data/processed/Vessels/Tanker_17_chunk47.wav,Vessels,/content/drive/MyDrive/Underwater Audio Data/data/Vessels/Tanker_17.wav,3.0
/content/drive/MyDrive/Underwater Audio Data/processed/Vessels/Tanker_17_chunk48.wav,Vessels,/content/drive/MyDrive/Underwater Audio Data/data/Vessels/Tanker_17.wav,3.0
/content/drive/MyDrive/Underwater Audio Data/processed/Vessels/Tanker_17_chunk49.wav,Vessels,/content/drive/MyDrive/Underwater Audio Data/data/Vessels/Tanker_17.wav,3.0
/content/drive/MyDrive/Underwater Audio Data/processed/Vessels/Tanker_17_chunk50.wav,Vessels,/content/drive/MyDrive/Underwater Audio Data/data/Vessels/Tanker_17.wav,3.0
/content/drive/MyDrive/Underwater Audio Data/processed/Vessels/Tanker_17_chunk51.wav,Vessels,/content/drive/MyDrive/Underwater Audio Data/data/Vessels/Tanker_17.wav,3.0
/content/drive/MyDrive/Underwater Audio Data/processed/Vessels/Tanker_17_chunk52.wav,Vessels,/content/drive/MyDrive/Underwater Audio Data/data/Vessels/Tanker_17.wav,3.0
/content/drive/MyDrive/Underwater Audio Data/processed/Vessels/Tanker_17_chunk53.wav,Vessels,/content/drive/MyDrive/Underwater Audio Data/data/Vessels/Tanker_17.wav,3.0
/content/drive/MyDrive/Underwater Audio Data/processed/Vessels/Tanker_17_chunk54.wav,Vessels,/content/drive/MyDrive/Underwater Audio Data/data/Vessels/Tanker_17.wav,3.0
/content/drive/MyDrive/Underwater Audio Data/processed/Vessels/Tanker_17_chunk55.wav,Vessels,/content/drive/MyDrive/Underwater Audio Data/data/Vessels/Tanker_17.wav,3.0
/content/drive/MyDrive/Underwater Audio Data/processed/Vessels/Tanker_17_chunk56.wav,Vessels,/content/drive/MyDrive/Underwater Audio Data/data/Vessels/Tanker_17.wav,3.0
/content/drive/MyDrive/Underwater Audio Data/processed/Vessels/Tanker_17_chunk57.wav,Vessels,/content/drive/MyDrive/Underwater Audio Data/data/Vessels/Tanker_17.wav,3.0
/content/drive/MyDrive/Underwater Audio Data/processed/Vessels/Tanker_17_chunk58.wav,Vessels,/content/drive/MyDrive/Underwater Audio Data/data/Vessels/Tanker_17.wav,3.0
/content/drive/MyDrive/Underwater Audio Data/processed/Vessels/Tanker_17_chunk59.wav,Vessels,/content/drive/MyDrive/Underwater Audio Data/data/Vessels/Tanker_17.wav,3.0
/content/drive/MyDrive/Underwater Audio Data/processed/Vessels/Tanker_17_chunk60.wav,Vessels,/content/drive/MyDrive/Underwater Audio Data/data/Vessels/Tanker_17.wav,3.0
/content/drive/MyDrive/Underwater Audio Data/processed/Vessels/Tanker_17_chunk61.wav,Vessels,/content/drive/MyDrive/Underwater Audio Data/data/Vessels/Tanker_17.wav,3.0
/content/drive/MyDrive/Underwater Audio Data/processed/Vessels/Tanker_17_chunk62.wav,Vessels,/content/drive/MyDrive/Underwater Audio Data/data/Vessels/Tanker_17.wav,3.0
/content/drive/MyDrive/Underwater Audio Data/processed/Vessels/Tanker_17_chunk63.wav,Vessels,/content/drive/MyDrive/Underwater Audio Data/data/Vessels/Tanker_17.wav,3.0
/content/drive/MyDrive/Underwater Audio Data/processed/Vessels/Tanker_17_chunk64.wav,Vessels,/content/drive/MyDrive/Underwater Audio Data/data/Vessels/Tanker_17.wav,3.0
/content/drive/MyDrive/Underwater Audio Data/processed/Vessels/Tanker_17_chunk65.wav,Vessels,/content/drive/MyDrive/Underwater Audio Data/data/Vessels/Tanker_17.wav,3.0
/content/drive/MyDrive/Underwater Audio Data/processed/Vessels/Tanker_17_chunk66.wav,Vessels,/content/drive/MyDrive/Underwater Audio Data/data/Vessels/Tanker_17.wav,3.0
/content/drive/MyDrive/Underwater Audio Data/processed/Vessels/Tanker_17_chunk67.wav,Vessels,/content/drive/MyDrive/Underwater Audio Data/data/Vessels/Tanker_17.wav,3.0
/content/drive/MyDrive/Underwater Audio Data/processed/Vessels/Tanker_17_chunk68.wav,Vessels,/content/drive/MyDrive/Underwater Audio Data/data/Vessels/Tanker_17.wav,3.0
/content/drive/MyDrive/Underwater Audio Data/processed/Vessels/Tanker_17_chunk69.wav,Vessels,/content/drive/MyDrive/Underwater Audio Data/data/Vessels/Tanker_17.wav,3.0
/content/drive/MyDrive/Underwater Audio Data/processed/Vessels/Tanker_17_chunk70.wav,Vessels,/content/drive/MyDrive/Underwater Audio Data/data/Vessels/Tanker_17.wav,3.0
/content/drive/MyDrive/Underwater Audio Data/processed/Vessels/Tanker_17_chunk71.wav,Vessels,/content/drive/MyDrive/Underwater Audio Data/data/Vessels/Tanker_17.wav,3.0
/content/drive/MyDrive/Underwater Audio Data/processed/Vessels/Tanker_3_chunk0.wav,Vessels,/content/drive/MyDrive/Underwater Audio Data/data/Vessels/Tanker_3.wav,3.0
/content/drive/MyDrive/Underwater Audio Data/processed/Vessels/Tanker_3_chunk1.wav,Vessels,/content/drive/MyDrive/Underwater Audio Data/data/Vessels/Tanker_3.wav,3.0
/content/drive/MyDrive/Underwater Audio Data/processed/Vessels/Tanker_3_chunk2.wav,Vessels,/content/drive/MyDrive/Underwater Audio Data/data/Vessels/Tanker_3.wav,3.0
/content/drive/MyDrive/Underwater Audio Data/processed/Vessels/Tanker_3_chunk3.wav,Vessels,/content/drive/MyDrive/Underwater Audio Data/data/Vessels/Tanker_3.wav,3.0
/content/drive/MyDrive/Underwater Audio Data/processed/Vessels/Tanker_3_chunk4.wav,Vessels,/content/drive/MyDrive/Underwater Audio Data/data/Vessels/Tanker_3.wav,3.0
/content/drive/MyDrive/Underwater Audio Data/processed/Vessels/Tanker_3_chunk5.wav,Vessels,/content/drive/MyDrive/Underwater Audio Data/data/Vessels/Tanker_3.wav,3.0
/content/drive/MyDrive/Underwater Audio Data/processed/Vessels/Tanker_3_chunk6.wav,Vessels,/content/drive/MyDrive/Underwater Audio Data/data/Vessels/Tanker_3.wav,3.0
/content/drive/MyDrive/Underwater Audio Data/processed/Vessels/Tanker_3_chunk7.wav,Vessels,/content/drive/MyDrive/Underwater Audio Data/data/Vessels/Tanker_3.wav,3.0
/content/drive/MyDrive/Underwater Audio Data/processed/Vessels/Tanker_3_chunk8.wav,Vessels,/content/drive/MyDrive/Underwater Audio Data/data/Vessels/Tanker_3.wav,3.0
/content/drive/MyDrive/Underwater Audio Data/processed/Vessels/Tanker_3_chunk9.wav,Vessels,/content/drive/MyDrive/Underwater Audio Data/data/Vessels/Tanker_3.wav,3.0
/content/drive/MyDrive/Underwater Audio Data/processed/Vessels/Tanker_3_chunk10.wav,Vessels,/content/drive/MyDrive/Underwater Audio Data/data/Vessels/Tanker_3.wav,3.0
/content/drive/MyDrive/Underwater Audio Data/processed/Vessels/Tanker_3_chunk11.wav,Vessels,/content/drive/MyDrive/Underwater Audio Data/data/Vessels/Tanker_3.wav,3.0
/content/drive/MyDrive/Underwater Audio Data/processed/Vessels/Tanker_3_chunk12.wav,Vessels,/content/drive/MyDrive/Underwater Audio Data/data/Vessels/Tanker_3.wav,3.0
/content/drive/MyDrive/Underwater Audio Data/processed/Vessels/Tanker_3_chunk13.wav,Vessels,/content/drive/MyDrive/Underwater Audio Data/data/Vessels/Tanker_3.wav,3.0
/content/drive/MyDrive/Underwater Audio Data/processed/Vessels/Tanker_3_chunk14.wav,Vessels,/content/drive/MyDrive/Underwater Audio Data/data/Vessels/Tanker_3.wav,3.0
/content/drive/MyDrive/Underwater Audio Data/processed/Vessels/Tanker_3_chunk15.wav,Vessels,/content/drive/MyDrive/Underwater Audio Data/data/Vessels/Tanker_3.wav,3.0
/content/drive/MyDrive/Underwater Audio Data/processed/Vessels/Tanker_3_chunk16.wav,Vessels,/content/drive/MyDrive/Underwater Audio Data/data/Vessels/Tanker_3.wav,3.0
/content/drive/MyDrive/Underwater Audio Data/processed/Vessels/Tanker_3_chunk17.wav,Vessels,/content/drive/MyDrive/Underwater Audio Data/data/Vessels/Tanker_3.wav,3.0
/content/drive/MyDrive/Underwater Audio Data/processed/Vessels/Tanker_3_chunk18.wav,Vessels,/content/drive/MyDrive/Underwater Audio Data/data/Vessels/Tanker_3.wav,3.0
/content/drive/MyDrive/Underwater Audio Data/processed/Vessels/Tanker_3_chunk19.wav,Vessels,/content/drive/MyDrive/Underwater Audio Data/data/Vessels/Tanker_3.wav,3.0
/content/drive/MyDrive/Underwater Audio Data/processed/Vessels/Tanker_3_chunk20.wav,Vessels,/content/drive/MyDrive/Underwater Audio Data/data/Vessels/Tanker_3.wav,3.0
/content/drive/MyDrive/Underwater Audio Data/processed/Vessels/Tanker_4_chunk0.wav,Vessels,/content/drive/MyDrive/Underwater Audio Data/data/Vessels/Tanker_4.wav,3.0
/content/drive/MyDrive/Underwater Audio Data/processed/Vessels/Tanker_4_chunk1.wav,Vessels,/content/drive/MyDrive/Underwater Audio Data/data/Vessels/Tanker_4.wav,3.0
/content/drive/MyDrive/Underwater Audio Data/processed/Vessels/Tanker_4_chunk2.wav,Vessels,/content/drive/MyDrive/Underwater Audio Data/data/Vessels/Tanker_4.wav,3.0
/content/drive/MyDrive/Underwater Audio Data/processed/Vessels/Tanker_4_chunk3.wav,Vessels,/content/drive/MyDrive/Underwater Audio Data/data/Vessels/Tanker_4.wav,3.0
/content/drive/MyDrive/Underwater Audio Data/processed/Vessels/Tanker_4_chunk4.wav,Vessels,/content/drive/MyDrive/Underwater Audio Data/data/Vessels/Tanker_4.wav,3.0
/content/drive/MyDrive/Underwater Audio Data/processed/Vessels/Tanker_4_chunk5.wav,Vessels,/content/drive/MyDrive/Underwater Audio Data/data/Vessels/Tanker_4.wav,3.0
/content/drive/MyDrive/Underwater Audio Data/processed/Vessels/Tanker_4_chunk6.wav,Vessels,/content/drive/MyDrive/Underwater Audio Data/data/Vessels/Tanker_4.wav,3.0
/content/drive/MyDrive/Underwater Audio Data/processed/Vessels/Tanker_4_chunk7.wav,Vessels,/content/drive/MyDrive/Underwater Audio Data/data/Vessels/Tanker_4.wav,3.0
/content/drive/MyDrive/Underwater Audio Data/processed/Vessels/Tanker_4_chunk8.wav,Vessels,/content/drive/MyDrive/Underwater Audio Data/data/Vessels/Tanker_4.wav,3.0
/content/drive/MyDrive/Underwater Audio Data/processed/Vessels/Tanker_4_chunk9.wav,Vessels,/content/drive/MyDrive/Underwater Audio Data/data/Vessels/Tanker_4.wav,3.0
/content/drive/MyDrive/Underwater Audio Data/processed/Vessels/Tanker_4_chunk10.wav,Vessels,/content/drive/MyDrive/Underwater Audio Data/data/Vessels/Tanker_4.wav,3.0
/content/drive/MyDrive/Underwater Audio Data/processed/Vessels/Tanker_4_chunk11.wav,Vessels,/content/drive/MyDrive/Underwater Audio Data/data/Vessels/Tanker_4.wav,3.0
/content/drive/MyDrive/Underwater Audio Data/processed/Vessels/Tanker_4_chunk12.wav,Vessels,/content/drive/MyDrive/Underwater Audio Data/data/Vessels/Tanker_4.wav,3.0
/content/drive/MyDrive/Underwater Audio Data/processed/Vessels/Tanker_4_chunk13.wav,Vessels,/content/drive/MyDrive/Underwater Audio Data/data/Vessels/Tanker_4.wav,3.0
/content/drive/MyDrive/Underwater Audio Data/processed/Vessels/Tanker_4_chunk14.wav,Vessels,/content/drive/MyDrive/Underwater Audio Data/data/Vessels/Tanker_4.wav,3.0
/content/drive/MyDrive/Underwater Audio Data/processed/Vessels/Tanker_4_chunk15.wav,Vessels,/content/drive/MyDrive/Underwater Audio Data/data/Vessels/Tanker_4.wav,3.0
/content/drive/MyDrive/Underwater Audio Data/processed/Vessels/Tanker_4_chunk16.wav,Vessels,/content/drive/MyDrive/Underwater Audio Data/data/Vessels/Tanker_4.wav,3.0
/content/drive/MyDrive/Underwater Audio Data/processed/Vessels/Tanker_4_chunk17.wav,Vessels,/content/drive/MyDrive/Underwater Audio Data/data/Vessels/Tanker_4.wav,3.0
/content/drive/MyDrive/Underwater Audio Data/processed/Vessels/Tanker_4_chunk18.wav,Vessels,/content/drive/MyDrive/Underwater Audio Data/data/Vessels/Tanker_4.wav,3.0
/content/drive/MyDrive/Underwater Audio Data/processed/Vessels/Tanker_4_chunk19.wav,Vessels,/content/drive/MyDrive/Underwater Audio Data/data/Vessels/Tanker_4.wav,3.0
/content/drive/MyDrive/Underwater Audio Data/processed/Vessels/Tanker_4_chunk20.wav,Vessels,/content/drive/MyDrive/Underwater Audio Data/data/Vessels/Tanker_4.wav,3.0
/content/drive/MyDrive/Underwater Audio Data/processed/Vessels/Tanker_4_chunk21.wav,Vessels,/content/drive/MyDrive/Underwater Audio Data/data/Vessels/Tanker_4.wav,3.0
/content/drive/MyDrive/Underwater Audio Data/processed/Vessels/Tanker_4_chunk22.wav,Vessels,/content/drive/MyDrive/Underwater Audio Data/data/Vessels/Tanker_4.wav,3.0
/content/drive/MyDrive/Underwater Audio Data/processed/Vessels/Tanker_4_chunk23.wav,Vessels,/content/drive/MyDrive/Underwater Audio Data/data/Vessels/Tanker_4.wav,3.0
/content/drive/MyDrive/Underwater Audio Data/processed/Vessels/Tanker_4_chunk24.wav,Vessels,/content/drive/MyDrive/Underwater Audio Data/data/Vessels/Tanker_4.wav,3.0
/content/drive/MyDrive/Underwater Audio Data/processed/Vessels/Tanker_5_chunk0.wav,Vessels,/content/drive/MyDrive/Underwater Audio Data/data/Vessels/Tanker_5.wav,3.0
/content/drive/MyDrive/Underwater Audio Data/processed/Vessels/Tanker_5_chunk1.wav,Vessels,/content/drive/MyDrive/Underwater Audio Data/data/Vessels/Tanker_5.wav,3.0
/content/drive/MyDrive/Underwater Audio Data/processed/Vessels/Tanker_5_chunk2.wav,Vessels,/content/drive/MyDrive/Underwater Audio Data/data/Vessels/Tanker_5.wav,3.0
/content/drive/MyDrive/Underwater Audio Data/processed/Vessels/Tanker_5_chunk3.wav,Vessels,/content/drive/MyDrive/Underwater Audio Data/data/Vessels/Tanker_5.wav,3.0
/content/drive/MyDrive/Underwater Audio Data/processed/Vessels/Tanker_5_chunk4.wav,Vessels,/content/drive/MyDrive/Underwater Audio Data/data/Vessels/Tanker_5.wav,3.0
/content/drive/MyDrive/Underwater Audio Data/processed/Vessels/Tanker_5_chunk5.wav,Vessels,/content/drive/MyDrive/Underwater Audio Data/data/Vessels/Tanker_5.wav,3.0
/content/drive/MyDrive/Underwater Audio Data/processed/Vessels/Tanker_5_chunk6.wav,Vessels,/content/drive/MyDrive/Underwater Audio Data/data/Vessels/Tanker_5.wav,3.0
/content/drive/MyDrive/Underwater Audio Data/processed/Vessels/Tanker_5_chunk7.wav,Vessels,/content/drive/MyDrive/Underwater Audio Data/data/Vessels/Tanker_5.wav,3.0
/content/drive/MyDrive/Underwater Audio Data/processed/Vessels/Tanker_5_chunk8.wav,Vessels,/content/drive/MyDrive/Underwater Audio Data/data/Vessels/Tanker_5.wav,3.0
/content/drive/MyDrive/Underwater Audio Data/processed/Vessels/Tanker_5_chunk9.wav,Vessels,/content/drive/MyDrive/Underwater Audio Data/data/Vessels/Tanker_5.wav,3.0
/content/drive/MyDrive/Underwater Audio Data/processed/Vessels/Tanker_6_chunk0.wav,Vessels,/content/drive/MyDrive/Underwater Audio Data/data/Vessels/Tanker_6.wav,3.0
/content/drive/MyDrive/Underwater Audio Data/processed/Vessels/Tanker_6_chunk1.wav,Vessels,/content/drive/MyDrive/Underwater Audio Data/data/Vessels/Tanker_6.wav,3.0
/content/drive/MyDrive/Underwater Audio Data/processed/Vessels/Tanker_6_chunk2.wav,Vessels,/content/drive/MyDrive/Underwater Audio Data/data/Vessels/Tanker_6.wav,3.0
/content/drive/MyDrive/Underwater Audio Data/processed/Vessels/Tanker_6_chunk3.wav,Vessels,/content/drive/MyDrive/Underwater Audio Data/data/Vessels/Tanker_6.wav,3.0
/content/drive/MyDrive/Underwater Audio Data/processed/Vessels/Tanker_6_chunk4.wav,Vessels,/content/drive/MyDrive/Underwater Audio Data/data/Vessels/Tanker_6.wav,3.0
/content/drive/MyDrive/Underwater Audio Data/processed/Vessels/Tanker_6_chunk5.wav,Vessels,/content/drive/MyDrive/Underwater Audio Data/data/Vessels/Tanker_6.wav,3.0
/content/drive/MyDrive/Underwater Audio Data/processed/Vessels/Tanker_6_chunk6.wav,Vessels,/content/drive/MyDrive/Underwater Audio Data/data/Vessels/Tanker_6.wav,3.0
/content/drive/MyDrive/Underwater Audio Data/processed/Vessels/Tanker_6_chunk7.wav,Vessels,/content/drive/MyDrive/Underwater Audio Data/data/Vessels/Tanker_6.wav,3.0
/content/drive/MyDrive/Underwater Audio Data/processed/Vessels/Tanker_6_chunk8.wav,Vessels,/content/drive/MyDrive/Underwater Audio Data/data/Vessels/Tanker_6.wav,3.0
/content/drive/MyDrive/Underwater Audio Data/processed/Vessels/Tanker_6_chunk9.wav,Vessels,/content/drive/MyDrive/Underwater Audio Data/data/Vessels/Tanker_6.wav,3.0
/content/drive/MyDrive/Underwater Audio Data/processed/Vessels/Tanker_18_chunk0.wav,Vessels,/content/drive/MyDrive/Underwater Audio Data/data/Vessels/Tanker_18.wav,3.0
/content/drive/MyDrive/Underwater Audio Data/processed/Vessels/Tanker_18_chunk1.wav,Vessels,/content/drive/MyDrive/Underwater Audio Data/data/Vessels/Tanker_18.wav,3.0
/content/drive/MyDrive/Underwater Audio Data/processed/Vessels/Tanker_18_chunk2.wav,Vessels,/content/drive/MyDrive/Underwater Audio Data/data/Vessels/Tanker_18.wav,3.0
/content/drive/MyDrive/Underwater Audio Data/processed/Vessels/Tanker_18_chunk3.wav,Vessels,/content/drive/MyDrive/Underwater Audio Data/data/Vessels/Tanker_18.wav,3.0
/content/drive/MyDrive/Underwater Audio Data/processed/Vessels/Tanker_18_chunk4.wav,Vessels,/content/drive/MyDrive/Underwater Audio Data/data/Vessels/Tanker_18.wav,3.0
/content/drive/MyDrive/Underwater Audio Data/processed/Vessels/Tanker_18_chunk5.wav,Vessels,/content/drive/MyDrive/Underwater Audio Data/data/Vessels/Tanker_18.wav,3.0
/content/drive/MyDrive/Underwater Audio Data/processed/Vessels/Tanker_18_chunk6.wav,Vessels,/content/drive/MyDrive/Underwater Audio Data/data/Vessels/Tanker_18.wav,3.0
/content/drive/MyDrive/Underwater Audio Data/processed/Vessels/Tanker_18_chunk7.wav,Vessels,/content/drive/MyDrive/Underwater Audio Data/data/Vessels/Tanker_18.wav,3.0
/content/drive/MyDrive/Underwater Audio Data/processed/Vessels/Tanker_18_chunk8.wav,Vessels,/content/drive/MyDrive/Underwater Audio Data/data/Vessels/Tanker_18.wav,3.0
/content/drive/MyDrive/Underwater Audio Data/processed/Vessels/Tanker_18_chunk9.wav,Vessels,/content/drive/MyDrive/Underwater Audio Data/data/Vessels/Tanker_18.wav,3.0
/content/drive/MyDrive/Underwater Audio Data/processed/Vessels/Tanker_18_chunk10.wav,Vessels,/content/drive/MyDrive/Underwater Audio Data/data/Vessels/Tanker_18.wav,3.0
/content/drive/MyDrive/Underwater Audio Data/processed/Vessels/Tanker_18_chunk11.wav,Vessels,/content/drive/MyDrive/Underwater Audio Data/data/Vessels/Tanker_18.wav,3.0
/content/drive/MyDrive/Underwater Audio Data/processed/Vessels/Tanker_18_chunk12.wav,Vessels,/content/drive/MyDrive/Underwater Audio Data/data/Vessels/Tanker_18.wav,3.0
/content/drive/MyDrive/Underwater Audio Data/processed/Vessels/Tanker_18_chunk13.wav,Vessels,/content/drive/MyDrive/Underwater Audio Data/data/Vessels/Tanker_18.wav,3.0
/content/drive/MyDrive/Underwater Audio Data/processed/Vessels/Tanker_18_chunk14.wav,Vessels,/content/drive/MyDrive/Underwater Audio Data/data/Vessels/Tanker_18.wav,3.0
/content/drive/MyDrive/Underwater Audio Data/processed/Vessels/Tanker_18_chunk15.wav,Vessels,/content/drive/MyDrive/Underwater Audio Data/data/Vessels/Tanker_18.wav,3.0
/content/drive/MyDrive/Underwater Audio Data/processed/Vessels/Tanker_18_chunk16.wav,Vessels,/content/drive/MyDrive/Underwater Audio Data/data/Vessels/Tanker_18.wav,3.0
/content/drive/MyDrive/Underwater Audio Data/processed/Vessels/Tanker_18_chunk17.wav,Vessels,/content/drive/MyDrive/Underwater Audio Data/data/Vessels/Tanker_18.wav,3.0
/content/drive/MyDrive/Underwater Audio Data/processed/Vessels/Tanker_18_chunk18.wav,Vessels,/content/drive/MyDrive/Underwater Audio Data/data/Vessels/Tanker_18.wav,3.0
/content/drive/MyDrive/Underwater Audio Data/processed/Vessels/Tanker_18_chunk19.wav,Vessels,/content/drive/MyDrive/Underwater Audio Data/data/Vessels/Tanker_18.wav,3.0
/content/drive/MyDrive/Underwater Audio Data/processed/Vessels/Tanker_18_chunk20.wav,Vessels,/content/drive/MyDrive/Underwater Audio Data/data/Vessels/Tanker_18.wav,3.0
/content/drive/MyDrive/Underwater Audio Data/processed/Vessels/Tanker_18_chunk21.wav,Vessels,/content/drive/MyDrive/Underwater Audio Data/data/Vessels/Tanker_18.wav,3.0
/content/drive/MyDrive/Underwater Audio Data/processed/Vessels/Tanker_18_chunk22.wav,Vessels,/content/drive/MyDrive/Underwater Audio Data/data/Vessels/Tanker_18.wav,3.0
/content/drive/MyDrive/Underwater Audio Data/processed/Vessels/Tanker_18_chunk23.wav,Vessels,/content/drive/MyDrive/Underwater Audio Data/data/Vessels/Tanker_18.wav,3.0
/content/drive/MyDrive/Underwater Audio Data/processed/Vessels/Tanker_18_chunk24.wav,Vessels,/content/drive/MyDrive/Underwater Audio Data/data/Vessels/Tanker_18.wav,3.0
/content/drive/MyDrive/Underwater Audio Data/processed/Vessels/Tanker_18_chunk25.wav,Vessels,/content/drive/MyDrive/Underwater Audio Data/data/Vessels/Tanker_18.wav,3.0
/content/drive/MyDrive/Underwater Audio Data/processed/Vessels/Tanker_18_chunk26.wav,Vessels,/content/drive/MyDrive/Underwater Audio Data/data/Vessels/Tanker_18.wav,3.0
/content/drive/MyDrive/Underwater Audio Data/processed/Vessels/Tanker_18_chunk27.wav,Vessels,/content/drive/MyDrive/Underwater Audio Data/data/Vessels/Tanker_18.wav,3.0
/content/drive/MyDrive/Underwater Audio Data/processed/Vessels/Tanker_18_chunk28.wav,Vessels,/content/drive/MyDrive/Underwater Audio Data/data/Vessels/Tanker_18.wav,3.0
/content/drive/MyDrive/Underwater Audio Data/processed/Vessels/Tanker_18_chunk29.wav,Vessels,/content/drive/MyDrive/Underwater Audio Data/data/Vessels/Tanker_18.wav,3.0
/content/drive/MyDrive/Underwater Audio Data/processed/Vessels/Tanker_18_chunk30.wav,Vessels,/content/drive/MyDrive/Underwater Audio Data/data/Vessels/Tanker_18.wav,3.0
/content/drive/MyDrive/Underwater Audio Data/processed/Vessels/Tanker_18_chunk31.wav,Vessels,/content/drive/MyDrive/Underwater Audio Data/data/Vessels/Tanker_18.wav,3.0
/content/drive/MyDrive/Underwater Audio Data/processed/Vessels/Tanker_18_chunk32.wav,Vessels,/content/drive/MyDrive/Underwater Audio Data/data/Vessels/Tanker_18.wav,3.0
/content/drive/MyDrive/Underwater Audio Data/processed/Vessels/Tanker_18_chunk33.wav,Vessels,/content/drive/MyDrive/Underwater Audio Data/data/Vessels/Tanker_18.wav,3.0
/content/drive/MyDrive/Underwater Audio Data/processed/Vessels/Tanker_18_chunk34.wav,Vessels,/content/drive/MyDrive/Underwater Audio Data/data/Vessels/Tanker_18.wav,3.0
/content/drive/MyDrive/Underwater Audio Data/processed/Vessels/Tanker_18_chunk35.wav,Vessels,/content/drive/MyDrive/Underwater Audio Data/data/Vessels/Tanker_18.wav,3.0
/content/drive/MyDrive/Underwater Audio Data/processed/Vessels/Tanker_18_chunk36.wav,Vessels,/content/drive/MyDrive/Underwater Audio Data/data/Vessels/Tanker_18.wav,3.0
/content/drive/MyDrive/Underwater Audio Data/processed/Vessels/Tanker_18_chunk37.wav,Vessels,/content/drive/MyDrive/Underwater Audio Data/data/Vessels/Tanker_18.wav,3.0
/content/drive/MyDrive/Underwater Audio Data/processed/Vessels/Tanker_18_chunk38.wav,Vessels,/content/drive/MyDrive/Underwater Audio Data/data/Vessels/Tanker_18.wav,3.0
/content/drive/MyDrive/Underwater Audio Data/processed/Vessels/Tanker_18_chunk39.wav,Vessels,/content/drive/MyDrive/Underwater Audio Data/data/Vessels/Tanker_18.wav,3.0
/content/drive/MyDrive/Underwater Audio Data/processed/Vessels/Tanker_18_chunk40.wav,Vessels,/content/drive/MyDrive/Underwater Audio Data/data/Vessels/Tanker_18.wav,3.0
/content/drive/MyDrive/Underwater Audio Data/processed/Vessels/Tanker_18_chunk41.wav,Vessels,/content/drive/MyDrive/Underwater Audio Data/data/Vessels/Tanker_18.wav,3.0
/content/drive/MyDrive/Underwater Audio Data/processed/Vessels/Tanker_18_chunk42.wav,Vessels,/content/drive/MyDrive/Underwater Audio Data/data/Vessels/Tanker_18.wav,3.0
/content/drive/MyDrive/Underwater Audio Data/processed/Vessels/Tanker_18_chunk43.wav,Vessels,/content/drive/MyDrive/Underwater Audio Data/data/Vessels/Tanker_18.wav,3.0
/content/drive/MyDrive/Underwater Audio Data/processed/Vessels/Tanker_18_chunk44.wav,Vessels,/content/drive/MyDrive/Underwater Audio Data/data/Vessels/Tanker_18.wav,3.0
/content/drive/MyDrive/Underwater Audio Data/processed/Vessels/Tanker_18_chunk45.wav,Vessels,/content/drive/MyDrive/Underwater Audio Data/data/Vessels/Tanker_18.wav,3.0
/content/drive/MyDrive/Underwater Audio Data/processed/Vessels/Tanker_18_chunk46.wav,Vessels,/content/drive/MyDrive/Underwater Audio Data/data/Vessels/Tanker_18.wav,3.0
/content/drive/MyDrive/Underwater Audio Data/processed/Vessels/Tanker_18_chunk47.wav,Vessels,/content/drive/MyDrive/Underwater Audio Data/data/Vessels/Tanker_18.wav,3.0
/content/drive/MyDrive/Underwater Audio Data/processed/Vessels/Tanker_18_chunk48.wav,Vessels,/content/drive/MyDrive/Underwater Audio Data/data/Vessels/Tanker_18.wav,3.0
/content/drive/MyDrive/Underwater Audio Data/processed/Vessels/Tanker_18_chunk49.wav,Vessels,/content/drive/MyDrive/Underwater Audio Data/data/Vessels/Tanker_18.wav,3.0
/content/drive/MyDrive/Underwater Audio Data/processed/Vessels/Tanker_18_chunk50.wav,Vessels,/content/drive/MyDrive/Underwater Audio Data/data/Vessels/Tanker_18.wav,3.0
/content/drive/MyDrive/Underwater Audio Data/processed/Vessels/Tanker_18_chunk51.wav,Vessels,/content/drive/MyDrive/Underwater Audio Data/data/Vessels/Tanker_18.wav,3.0
/content/drive/MyDrive/Underwater Audio Data/processed/Vessels/Tanker_18_chunk52.wav,Vessels,/content/drive/MyDrive/Underwater Audio Data/data/Vessels/Tanker_18.wav,3.0
/content/drive/MyDrive/Underwater Audio Data/processed/Vessels/Tanker_18_chunk53.wav,Vessels,/content/drive/MyDrive/Underwater Audio Data/data/Vessels/Tanker_18.wav,3.0
/content/drive/MyDrive/Underwater Audio Data/processed/Vessels/Tanker_18_chunk54.wav,Vessels,/content/drive/MyDrive/Underwater Audio Data/data/Vessels/Tanker_18.wav,3.0
/content/drive/MyDrive/Underwater Audio Data/processed/Vessels/Tanker_18_chunk55.wav,Vessels,/content/drive/MyDrive/Underwater Audio Data/data/Vessels/Tanker_18.wav,3.0
/content/drive/MyDrive/Underwater Audio Data/processed/Vessels/Tanker_18_chunk56.wav,Vessels,/content/drive/MyDrive/Underwater Audio Data/data/Vessels/Tanker_18.wav,3.0
/content/drive/MyDrive/Underwater Audio Data/processed/Vessels/Tanker_18_chunk57.wav,Vessels,/content/drive/MyDrive/Underwater Audio Data/data/Vessels/Tanker_18.wav,3.0
/content/drive/MyDrive/Underwater Audio Data/processed/Vessels/Tanker_18_chunk58.wav,Vessels,/content/drive/MyDrive/Underwater Audio Data/data/Vessels/Tanker_18.wav,3.0
/content/drive/MyDrive/Underwater Audio Data/processed/Vessels/Tanker_18_chunk59.wav,Vessels,/content/drive/MyDrive/Underwater Audio Data/data/Vessels/Tanker_18.wav,3.0
/content/drive/MyDrive/Underwater Audio Data/processed/Vessels/Tanker_18_chunk60.wav,Vessels,/content/drive/MyDrive/Underwater Audio Data/data/Vessels/Tanker_18.wav,3.0
/content/drive/MyDrive/Underwater Audio Data/processed/Vessels/Tanker_18_chunk61.wav,Vessels,/content/drive/MyDrive/Underwater Audio Data/data/Vessels/Tanker_18.wav,3.0
/content/drive/MyDrive/Underwater Audio Data/processed/Vessels/Tanker_18_chunk62.wav,Vessels,/content/drive/MyDrive/Underwater Audio Data/data/Vessels/Tanker_18.wav,3.0
/content/drive/MyDrive/Underwater Audio Data/processed/Vessels/Tanker_18_chunk63.wav,Vessels,/content/drive/MyDrive/Underwater Audio Data/data/Vessels/Tanker_18.wav,3.0
/content/drive/MyDrive/Underwater Audio Data/processed/Vessels/Tanker_18_chunk64.wav,Vessels,/content/drive/MyDrive/Underwater Audio Data/data/Vessels/Tanker_18.wav,3.0
/content/drive/MyDrive/Underwater Audio Data/processed/Vessels/Tanker_18_chunk65.wav,Vessels,/content/drive/MyDrive/Underwater Audio Data/data/Vessels/Tanker_18.wav,3.0
/content/drive/MyDrive/Underwater Audio Data/processed/Vessels/Tanker_18_chunk66.wav,Vessels,/content/drive/MyDrive/Underwater Audio Data/data/Vessels/Tanker_18.wav,3.0
/content/drive/MyDrive/Underwater Audio Data/processed/Vessels/Tanker_18_chunk67.wav,Vessels,/content/drive/MyDrive/Underwater Audio Data/data/Vessels/Tanker_18.wav,3.0
/content/drive/MyDrive/Underwater Audio Data/processed/Vessels/Tanker_18_chunk68.wav,Vessels,/content/drive/MyDrive/Underwater Audio Data/data/Vessels/Tanker_18.wav,3.0
/content/drive/MyDrive/Underwater Audio Data/processed/Vessels/Tanker_18_chunk69.wav,Vessels,/content/drive/MyDrive/Underwater Audio Data/data/Vessels/Tanker_18.wav,3.0
/content/drive/MyDrive/Underwater Audio Data/processed/Vessels/Tanker_18_chunk70.wav,Vessels,/content/drive/MyDrive/Underwater Audio Data/data/Vessels/Tanker_18.wav,3.0
/content/drive/MyDrive/Underwater Audio Data/processed/Vessels/Tanker_18_chunk71.wav,Vessels,/content/drive/MyDrive/Underwater Audio Data/data/Vessels/Tanker_18.wav,3.0
/content/drive/MyDrive/Underwater Audio Data/processed/Vessels/Tanker_18_chunk72.wav,Vessels,/content/drive/MyDrive/Underwater Audio Data/data/Vessels/Tanker_18.wav,3.0
/content/drive/MyDrive/Underwater Audio Data/processed/Vessels/Tanker_18_chunk73.wav,Vessels,/content/drive/MyDrive/Underwater Audio Data/data/Vessels/Tanker_18.wav,3.0
/content/drive/MyDrive/Underwater Audio Data/processed/Vessels/Tanker_18_chunk74.wav,Vessels,/content/drive/MyDrive/Underwater Audio Data/data/Vessels/Tanker_18.wav,3.0
/content/drive/MyDrive/Underwater Audio Data/processed/Vessels/Tanker_18_chunk75.wav,Vessels,/content/drive/MyDrive/Underwater Audio Data/data/Vessels/Tanker_18.wav,3.0
/content/drive/MyDrive/Underwater Audio Data/processed/Vessels/Tanker_18_chunk76.wav,Vessels,/content/drive/MyDrive/Underwater Audio Data/data/Vessels/Tanker_18.wav,3.0
/content/drive/MyDrive/Underwater Audio Data/processed/Vessels/Tanker_18_chunk77.wav,Vessels,/content/drive/MyDrive/Underwater Audio Data/data/Vessels/Tanker_18.wav,3.0
/content/drive/MyDrive/Underwater Audio Data/processed/Vessels/Tanker_18_chunk78.wav,Vessels,/content/drive/MyDrive/Underwater Audio Data/data/Vessels/Tanker_18.wav,3.0
/content/drive/MyDrive/Underwater Audio Data/processed/Vessels/Tanker_18_chunk79.wav,Vessels,/content/drive/MyDrive/Underwater Audio Data/data/Vessels/Tanker_18.wav,3.0
/content/drive/MyDrive/Underwater Audio Data/processed/Vessels/Tanker_18_chunk80.wav,Vessels,/content/drive/MyDrive/Underwater Audio Data/data/Vessels/Tanker_18.wav,3.0
/content/drive/MyDrive/Underwater Audio Data/processed/Vessels/Tanker_18_chunk81.wav,Vessels,/content/drive/MyDrive/Underwater Audio Data/data/Vessels/Tanker_18.wav,3.0
/content/drive/MyDrive/Underwater Audio Data/processed/Vessels/Tanker_18_chunk82.wav,Vessels,/content/drive/MyDrive/Underwater Audio Data/data/Vessels/Tanker_18.wav,3.0
/content/drive/MyDrive/Underwater Audio Data/processed/Vessels/Tanker_18_chunk83.wav,Vessels,/content/drive/MyDrive/Underwater Audio Data/data/Vessels/Tanker_18.wav,3.0
/content/drive/MyDrive/Underwater Audio Data/processed/Vessels/Tanker_18_chunk84.wav,Vessels,/content/drive/MyDrive/Underwater Audio Data/data/Vessels/Tanker_18.wav,3.0
/content/drive/MyDrive/Underwater Audio Data/processed/Vessels/Tanker_18_chunk85.wav,Vessels,/content/drive/MyDrive/Underwater Audio Data/data/Vessels/Tanker_18.wav,3.0
/content/drive/MyDrive/Underwater Audio Data/processed/Vessels/Tanker_18_chunk86.wav,Vessels,/content/drive/MyDrive/Underwater Audio Data/data/Vessels/Tanker_18.wav,3.0
/content/drive/MyDrive/Underwater Audio Data/processed/Vessels/Tanker_18_chunk87.wav,Vessels,/content/drive/MyDrive/Underwater Audio Data/data/Vessels/Tanker_18.wav,3.0
/content/drive/MyDrive/Underwater Audio Data/processed/Vessels/Tanker_18_chunk88.wav,Vessels,/content/drive/MyDrive/Underwater Audio Data/data/Vessels/Tanker_18.wav,3.0
/content/drive/MyDrive/Underwater Audio Data/processed/Vessels/Tanker_18_chunk89.wav,Vessels,/content/drive/MyDrive/Underwater Audio Data/data/Vessels/Tanker_18.wav,3.0
/content/drive/MyDrive/Underwater Audio Data/processed/Vessels/Tanker_18_chunk90.wav,Vessels,/content/drive/MyDrive/Underwater Audio Data/data/Vessels/Tanker_18.wav,3.0
/content/drive/MyDrive/Underwater Audio Data/processed/Vessels/Tanker_18_chunk91.wav,Vessels,/content/drive/MyDrive/Underwater Audio Data/data/Vessels/Tanker_18.wav,3.0
/content/drive/MyDrive/Underwater Audio Data/processed/Vessels/Tanker_18_chunk92.wav,Vessels,/content/drive/MyDrive/Underwater Audio Data/data/Vessels/Tanker_18.wav,3.0
/content/drive/MyDrive/Underwater Audio Data/processed/Vessels/Tanker_18_chunk93.wav,Vessels,/content/drive/MyDrive/Underwater Audio Data/data/Vessels/Tanker_18.wav,3.0
/content/drive/MyDrive/Underwater Audio Data/processed/Vessels/Tanker_18_chunk94.wav,Vessels,/content/drive/MyDrive/Underwater Audio Data/data/Vessels/Tanker_18.wav,3.0
/content/drive/MyDrive/Underwater Audio Data/processed/Vessels/Tanker_18_chunk95.wav,Vessels,/content/drive/MyDrive/Underwater Audio Data/data/Vessels/Tanker_18.wav,3.0
/content/drive/MyDrive/Underwater Audio Data/processed/Vessels/Tanker_18_chunk96.wav,Vessels,/content/drive/MyDrive/Underwater Audio Data/data/Vessels/Tanker_18.wav,3.0
/content/drive/MyDrive/Underwater Audio Data/processed/Vessels/Tanker_18_chunk97.wav,Vessels,/content/drive/MyDrive/Underwater Audio Data/data/Vessels/Tanker_18.wav,3.0
/content/drive/MyDrive/Underwater Audio Data/processed/Vessels/Tanker_18_chunk98.wav,Vessels,/content/drive/MyDrive/Underwater Audio Data/data/Vessels/Tanker_18.wav,3.0
/content/drive/MyDrive/Underwater Audio Data/processed/Vessels/Tanker_18_chunk99.wav,Vessels,/content/drive/MyDrive/Underwater Audio Data/data/Vessels/Tanker_18.wav,3.0
/content/drive/MyDrive/Underwater Audio Data/processed/Vessels/Tanker_18_chunk100.wav,Vessels,/content/drive/MyDrive/Underwater Audio Data/data/Vessels/Tanker_18.wav,3.0
/content/drive/MyDrive/Underwater Audio Data/processed/Vessels/Tanker_18_chunk101.wav,Vessels,/content/drive/MyDrive/Underwater Audio Data/data/Vessels/Tanker_18.wav,3.0
/content/drive/MyDrive/Underwater Audio Data/processed/Vessels/Tanker_18_chunk102.wav,Vessels,/content/drive/MyDrive/Underwater Audio Data/data/Vessels/Tanker_18.wav,3.0
/content/drive/MyDrive/Underwater Audio Data/processed/Vessels/Tanker_18_chunk103.wav,Vessels,/content/drive/MyDrive/Underwater Audio Data/data/Vessels/Tanker_18.wav,3.0
/content/drive/MyDrive/Underwater Audio Data/processed/Vessels/Tanker_18_chunk104.wav,Vessels,/content/drive/MyDrive/Underwater Audio Data/data/Vessels/Tanker_18.wav,3.0
/content/drive/MyDrive/Underwater Audio Data/processed/Vessels/Tanker_18_chunk105.wav,Vessels,/content/drive/MyDrive/Underwater Audio Data/data/Vessels/Tanker_18.wav,3.0
/content/drive/MyDrive/Underwater Audio Data/processed/Vessels/Tanker_18_chunk106.wav,Vessels,/content/drive/MyDrive/Underwater Audio Data/data/Vessels/Tanker_18.wav,3.0
/content/drive/MyDrive/Underwater Audio Data/processed/Vessels/Tanker_18_chunk107.wav,Vessels,/content/drive/MyDrive/Underwater Audio Data/data/Vessels/Tanker_18.wav,3.0
/content/drive/MyDrive/Underwater Audio Data/processed/Vessels/Tanker_18_chunk108.wav,Vessels,/content/drive/MyDrive/Underwater Audio Data/data/Vessels/Tanker_18.wav,3.0
/content/drive/MyDrive/Underwater Audio Data/processed/Vessels/Tanker_18_chunk109.wav,Vessels,/content/drive/MyDrive/Underwater Audio Data/data/Vessels/Tanker_18.wav,3.0
/content/drive/MyDrive/Underwater Audio Data/processed/Vessels/Tanker_18_chunk110.wav,Vessels,/content/drive/MyDrive/Underwater Audio Data/data/Vessels/Tanker_18.wav,3.0
/content/drive/MyDrive/Underwater Audio Data/processed/Vessels/Tanker_18_chunk111.wav,Vessels,/content/drive/MyDrive/Underwater Audio Data/data/Vessels/Tanker_18.wav,3.0
/content/drive/MyDrive/Underwater Audio Data/processed/Vessels/Tanker_18_chunk112.wav,Vessels,/content/drive/MyDrive/Underwater Audio Data/data/Vessels/Tanker_18.wav,3.0
/content/drive/MyDrive/Underwater Audio Data/processed/Vessels/Tanker_18_chunk113.wav,Vessels,/content/drive/MyDrive/Underwater Audio Data/data/Vessels/Tanker_18.wav,3.0
/content/drive/MyDrive/Underwater Audio Data/processed/Vessels/Tanker_18_chunk114.wav,Vessels,/content/drive/MyDrive/Underwater Audio Data/data/Vessels/Tanker_18.wav,3.0
/content/drive/MyDrive/Underwater Audio Data/processed/Vessels/Tanker_19_chunk0.wav,Vessels,/content/drive/MyDrive/Underwater Audio Data/data/Vessels/Tanker_19.wav,3.0
/content/drive/MyDrive/Underwater Audio Data/processed/Vessels/Tanker_19_chunk1.wav,Vessels,/content/drive/MyDrive/Underwater Audio Data/data/Vessels/Tanker_19.wav,3.0
/content/drive/MyDrive/Underwater Audio Data/processed/Vessels/Tanker_19_chunk2.wav,Vessels,/content/drive/MyDrive/Underwater Audio Data/data/Vessels/Tanker_19.wav,3.0
/content/drive/MyDrive/Underwater Audio Data/processed/Vessels/Tanker_19_chunk3.wav,Vessels,/content/drive/MyDrive/Underwater Audio Data/data/Vessels/Tanker_19.wav,3.0
/content/drive/MyDrive/Underwater Audio Data/processed/Vessels/Tanker_19_chunk4.wav,Vessels,/content/drive/MyDrive/Underwater Audio Data/data/Vessels/Tanker_19.wav,3.0
/content/drive/MyDrive/Underwater Audio Data/processed/Vessels/Tanker_19_chunk5.wav,Vessels,/content/drive/MyDrive/Underwater Audio Data/data/Vessels/Tanker_19.wav,3.0
/content/drive/MyDrive/Underwater Audio Data/processed/Vessels/Tanker_19_chunk6.wav,Vessels,/content/drive/MyDrive/Underwater Audio Data/data/Vessels/Tanker_19.wav,3.0
/content/drive/MyDrive/Underwater Audio Data/processed/Vessels/Tanker_19_chunk7.wav,Vessels,/content/drive/MyDrive/Underwater Audio Data/data/Vessels/Tanker_19.wav,3.0
/content/drive/MyDrive/Underwater Audio Data/processed/Vessels/Tanker_19_chunk8.wav,Vessels,/content/drive/MyDrive/Underwater Audio Data/data/Vessels/Tanker_19.wav,3.0
/content/drive/MyDrive/Underwater Audio Data/processed/Vessels/Tanker_19_chunk9.wav,Vessels,/content/drive/MyDrive/Underwater Audio Data/data/Vessels/Tanker_19.wav,3.0
/content/drive/MyDrive/Underwater Audio Data/processed/Vessels/Tanker_19_chunk10.wav,Vessels,/content/drive/MyDrive/Underwater Audio Data/data/Vessels/Tanker_19.wav,3.0
/content/drive/MyDrive/Underwater Audio Data/processed/Vessels/Tanker_19_chunk11.wav,Vessels,/content/drive/MyDrive/Underwater Audio Data/data/Vessels/Tanker_19.wav,3.0
/content/drive/MyDrive/Underwater Audio Data/processed/Vessels/Tanker_19_chunk12.wav,Vessels,/content/drive/MyDrive/Underwater Audio Data/data/Vessels/Tanker_19.wav,3.0
/content/drive/MyDrive/Underwater Audio Data/processed/Vessels/Tanker_19_chunk13.wav,Vessels,/content/drive/MyDrive/Underwater Audio Data/data/Vessels/Tanker_19.wav,3.0
/content/drive/MyDrive/Underwater Audio Data/processed/Vessels/Tanker_19_chunk14.wav,Vessels,/content/drive/MyDrive/Underwater Audio Data/data/Vessels/Tanker_19.wav,3.0
/content/drive/MyDrive/Underwater Audio Data/processed/Vessels/Tanker_19_chunk15.wav,Vessels,/content/drive/MyDrive/Underwater Audio Data/data/Vessels/Tanker_19.wav,3.0
/content/drive/MyDrive/Underwater Audio Data/processed/Vessels/Tanker_19_chunk16.wav,Vessels,/content/drive/MyDrive/Underwater Audio Data/data/Vessels/Tanker_19.wav,3.0
/content/drive/MyDrive/Underwater Audio Data/processed/Vessels/Tanker_19_chunk17.wav,Vessels,/content/drive/MyDrive/Underwater Audio Data/data/Vessels/Tanker_19.wav,3.0
/content/drive/MyDrive/Underwater Audio Data/processed/Vessels/Tanker_19_chunk18.wav,Vessels,/content/drive/MyDrive/Underwater Audio Data/data/Vessels/Tanker_19.wav,3.0
/content/drive/MyDrive/Underwater Audio Data/processed/Vessels/Tanker_19_chunk19.wav,Vessels,/content/drive/MyDrive/Underwater Audio Data/data/Vessels/Tanker_19.wav,3.0
/content/drive/MyDrive/Underwater Audio Data/processed/Vessels/Tanker_19_chunk20.wav,Vessels,/content/drive/MyDrive/Underwater Audio Data/data/Vessels/Tanker_19.wav,3.0
/content/drive/MyDrive/Underwater Audio Data/processed/Vessels/Tanker_19_chunk21.wav,Vessels,/content/drive/MyDrive/Underwater Audio Data/data/Vessels/Tanker_19.wav,3.0
/content/drive/MyDrive/Underwater Audio Data/processed/Vessels/Tanker_19_chunk22.wav,Vessels,/content/drive/MyDrive/Underwater Audio Data/data/Vessels/Tanker_19.wav,3.0
/content/drive/MyDrive/Underwater Audio Data/processed/Vessels/Tanker_19_chunk23.wav,Vessels,/content/drive/MyDrive/Underwater Audio Data/data/Vessels/Tanker_19.wav,3.0
/content/drive/MyDrive/Underwater Audio Data/processed/Vessels/Tanker_19_chunk24.wav,Vessels,/content/drive/MyDrive/Underwater Audio Data/data/Vessels/Tanker_19.wav,3.0
/content/drive/MyDrive/Underwater Audio Data/processed/Vessels/Tanker_19_chunk25.wav,Vessels,/content/drive/MyDrive/Underwater Audio Data/data/Vessels/Tanker_19.wav,3.0
/content/drive/MyDrive/Underwater Audio Data/processed/Vessels/Tanker_19_chunk26.wav,Vessels,/content/drive/MyDrive/Underwater Audio Data/data/Vessels/Tanker_19.wav,3.0
/content/drive/MyDrive/Underwater Audio Data/processed/Vessels/Tanker_19_chunk27.wav,Vessels,/content/drive/MyDrive/Underwater Audio Data/data/Vessels/Tanker_19.wav,3.0
/content/drive/MyDrive/Underwater Audio Data/processed/Vessels/Tanker_19_chunk28.wav,Vessels,/content/drive/MyDrive/Underwater Audio Data/data/Vessels/Tanker_19.wav,3.0
/content/drive/MyDrive/Underwater Audio Data/processed/Vessels/Tanker_19_chunk29.wav,Vessels,/content/drive/MyDrive/Underwater Audio Data/data/Vessels/Tanker_19.wav,3.0
/content/drive/MyDrive/Underwater Audio Data/processed/Vessels/Tanker_19_chunk30.wav,Vessels,/content/drive/MyDrive/Underwater Audio Data/data/Vessels/Tanker_19.wav,3.0
/content/drive/MyDrive/Underwater Audio Data/processed/Vessels/Tanker_19_chunk31.wav,Vessels,/content/drive/MyDrive/Underwater Audio Data/data/Vessels/Tanker_19.wav,3.0
/content/drive/MyDrive/Underwater Audio Data/processed/Vessels/Tanker_19_chunk32.wav,Vessels,/content/drive/MyDrive/Underwater Audio Data/data/Vessels/Tanker_19.wav,3.0
/content/drive/MyDrive/Underwater Audio Data/processed/Vessels/Tanker_19_chunk33.wav,Vessels,/content/drive/MyDrive/Underwater Audio Data/data/Vessels/Tanker_19.wav,3.0
/content/drive/MyDrive/Underwater Audio Data/processed/Vessels/Tanker_19_chunk34.wav,Vessels,/content/drive/MyDrive/Underwater Audio Data/data/Vessels/Tanker_19.wav,3.0
/content/drive/MyDrive/Underwater Audio Data/processed/Vessels/Tanker_19_chunk35.wav,Vessels,/content/drive/MyDrive/Underwater Audio Data/data/Vessels/Tanker_19.wav,3.0
/content/drive/MyDrive/Underwater Audio Data/processed/Vessels/Tanker_19_chunk36.wav,Vessels,/content/drive/MyDrive/Underwater Audio Data/data/Vessels/Tanker_19.wav,3.0
/content/drive/MyDrive/Underwater Audio Data/processed/Vessels/Tanker_19_chunk37.wav,Vessels,/content/drive/MyDrive/Underwater Audio Data/data/Vessels/Tanker_19.wav,3.0
/content/drive/MyDrive/Underwater Audio Data/processed/Vessels/Tanker_19_chunk38.wav,Vessels,/content/drive/MyDrive/Underwater Audio Data/data/Vessels/Tanker_19.wav,3.0
/content/drive/MyDrive/Underwater Audio Data/processed/Vessels/Tanker_19_chunk39.wav,Vessels,/content/drive/MyDrive/Underwater Audio Data/data/Vessels/Tanker_19.wav,3.0
/content/drive/MyDrive/Underwater Audio Data/processed/Vessels/Tanker_19_chunk40.wav,Vessels,/content/drive/MyDrive/Underwater Audio Data/data/Vessels/Tanker_19.wav,3.0
/content/drive/MyDrive/Underwater Audio Data/processed/Vessels/Tanker_19_chunk41.wav,Vessels,/content/drive/MyDrive/Underwater Audio Data/data/Vessels/Tanker_19.wav,3.0
/content/drive/MyDrive/Underwater Audio Data/processed/Vessels/Tanker_19_chunk42.wav,Vessels,/content/drive/MyDrive/Underwater Audio Data/data/Vessels/Tanker_19.wav,3.0
/content/drive/MyDrive/Underwater Audio Data/processed/Vessels/Tanker_19_chunk43.wav,Vessels,/content/drive/MyDrive/Underwater Audio Data/data/Vessels/Tanker_19.wav,3.0
/content/drive/MyDrive/Underwater Audio Data/processed/Vessels/Tanker_19_chunk44.wav,Vessels,/content/drive/MyDrive/Underwater Audio Data/data/Vessels/Tanker_19.wav,3.0
/content/drive/MyDrive/Underwater Audio Data/processed/Vessels/Tanker_19_chunk45.wav,Vessels,/content/drive/MyDrive/Underwater Audio Data/data/Vessels/Tanker_19.wav,3.0
/content/drive/MyDrive/Underwater Audio Data/processed/Vessels/Tanker_19_chunk46.wav,Vessels,/content/drive/MyDrive/Underwater Audio Data/data/Vessels/Tanker_19.wav,3.0
/content/drive/MyDrive/Underwater Audio Data/processed/Vessels/Tanker_19_chunk47.wav,Vessels,/content/drive/MyDrive/Underwater Audio Data/data/Vessels/Tanker_19.wav,3.0
/content/drive/MyDrive/Underwater Audio Data/processed/Vessels/Tanker_19_chunk48.wav,Vessels,/content/drive/MyDrive/Underwater Audio Data/data/Vessels/Tanker_19.wav,3.0
/content/drive/MyDrive/Underwater Audio Data/processed/Vessels/Tanker_19_chunk49.wav,Vessels,/content/drive/MyDrive/Underwater Audio Data/data/Vessels/Tanker_19.wav,3.0
/content/drive/MyDrive/Underwater Audio Data/processed/Vessels/Tanker_19_chunk50.wav,Vessels,/content/drive/MyDrive/Underwater Audio Data/data/Vessels/Tanker_19.wav,3.0
/content/drive/MyDrive/Underwater Audio Data/processed/Vessels/Tanker_19_chunk51.wav,Vessels,/content/drive/MyDrive/Underwater Audio Data/data/Vessels/Tanker_19.wav,3.0
/content/drive/MyDrive/Underwater Audio Data/processed/Vessels/Tanker_19_chunk52.wav,Vessels,/content/drive/MyDrive/Underwater Audio Data/data/Vessels/Tanker_19.wav,3.0
/content/drive/MyDrive/Underwater Audio Data/processed/Vessels/Tanker_19_chunk53.wav,Vessels,/content/drive/MyDrive/Underwater Audio Data/data/Vessels/Tanker_19.wav,3.0
/content/drive/MyDrive/Underwater Audio Data/processed/Vessels/Tanker_19_chunk54.wav,Vessels,/content/drive/MyDrive/Underwater Audio Data/data/Vessels/Tanker_19.wav,3.0
/content/drive/MyDrive/Underwater Audio Data/processed/Vessels/Tanker_19_chunk55.wav,Vessels,/content/drive/MyDrive/Underwater Audio Data/data/Vessels/Tanker_19.wav,3.0
/content/drive/MyDrive/Underwater Audio Data/processed/Vessels/Tanker_19_chunk56.wav,Vessels,/content/drive/MyDrive/Underwater Audio Data/data/Vessels/Tanker_19.wav,3.0
/content/drive/MyDrive/Underwater Audio Data/processed/Vessels/Tanker_19_chunk57.wav,Vessels,/content/drive/MyDrive/Underwater Audio Data/data/Vessels/Tanker_19.wav,3.0
/content/drive/MyDrive/Underwater Audio Data/processed/Vessels/Tanker_19_chunk58.wav,Vessels,/content/drive/MyDrive/Underwater Audio Data/data/Vessels/Tanker_19.wav,3.0
/content/drive/MyDrive/Underwater Audio Data/processed/Vessels/Tanker_19_chunk59.wav,Vessels,/content/drive/MyDrive/Underwater Audio Data/data/Vessels/Tanker_19.wav,3.0
/content/drive/MyDrive/Underwater Audio Data/processed/Vessels/Tanker_19_chunk60.wav,Vessels,/content/drive/MyDrive/Underwater Audio Data/data/Vessels/Tanker_19.wav,3.0
/content/drive/MyDrive/Underwater Audio Data/processed/Vessels/Tanker_19_chunk61.wav,Vessels,/content/drive/MyDrive/Underwater Audio Data/data/Vessels/Tanker_19.wav,3.0
/content/drive/MyDrive/Underwater Audio Data/processed/Vessels/Tanker_19_chunk62.wav,Vessels,/content/drive/MyDrive/Underwater Audio Data/data/Vessels/Tanker_19.wav,3.0
/content/drive/MyDrive/Underwater Audio Data/processed/Vessels/Tanker_19_chunk63.wav,Vessels,/content/drive/MyDrive/Underwater Audio Data/data/Vessels/Tanker_19.wav,3.0
/content/drive/MyDrive/Underwater Audio Data/processed/Vessels/Tanker_19_chunk64.wav,Vessels,/content/drive/MyDrive/Underwater Audio Data/data/Vessels/Tanker_19.wav,3.0
/content/drive/MyDrive/Underwater Audio Data/processed/Vessels/Tanker_19_chunk65.wav,Vessels,/content/drive/MyDrive/Underwater Audio Data/data/Vessels/Tanker_19.wav,3.0
/content/drive/MyDrive/Underwater Audio Data/processed/Vessels/Tanker_19_chunk66.wav,Vessels,/content/drive/MyDrive/Underwater Audio Data/data/Vessels/Tanker_19.wav,3.0
/content/drive/MyDrive/Underwater Audio Data/processed/Vessels/Tanker_19_chunk67.wav,Vessels,/content/drive/MyDrive/Underwater Audio Data/data/Vessels/Tanker_19.wav,3.0
/content/drive/MyDrive/Underwater Audio Data/processed/Vessels/Tanker_19_chunk68.wav,Vessels,/content/drive/MyDrive/Underwater Audio Data/data/Vessels/Tanker_19.wav,3.0
/content/drive/MyDrive/Underwater Audio Data/processed/Vessels/Tanker_19_chunk69.wav,Vessels,/content/drive/MyDrive/Underwater Audio Data/data/Vessels/Tanker_19.wav,3.0
/content/drive/MyDrive/Underwater Audio Data/processed/Vessels/Tanker_19_chunk70.wav,Vessels,/content/drive/MyDrive/Underwater Audio Data/data/Vessels/Tanker_19.wav,3.0
/content/drive/MyDrive/Underwater Audio Data/processed/Vessels/Tanker_19_chunk71.wav,Vessels,/content/drive/MyDrive/Underwater Audio Data/data/Vessels/Tanker_19.wav,3.0
/content/drive/MyDrive/Underwater Audio Data/processed/Vessels/Tanker_19_chunk72.wav,Vessels,/content/drive/MyDrive/Underwater Audio Data/data/Vessels/Tanker_19.wav,3.0
/content/drive/MyDrive/Underwater Audio Data/processed/Vessels/Tanker_19_chunk73.wav,Vessels,/content/drive/MyDrive/Underwater Audio Data/data/Vessels/Tanker_19.wav,3.0
/content/drive/MyDrive/Underwater Audio Data/processed/Vessels/Tanker_19_chunk74.wav,Vessels,/content/drive/MyDrive/Underwater Audio Data/data/Vessels/Tanker_19.wav,3.0
/content/drive/MyDrive/Underwater Audio Data/processed/Vessels/Tanker_19_chunk75.wav,Vessels,/content/drive/MyDrive/Underwater Audio Data/data/Vessels/Tanker_19.wav,3.0
/content/drive/MyDrive/Underwater Audio Data/processed/Vessels/Tanker_19_chunk76.wav,Vessels,/content/drive/MyDrive/Underwater Audio Data/data/Vessels/Tanker_19.wav,3.0
/content/drive/MyDrive/Underwater Audio Data/processed/Vessels/Tanker_19_chunk77.wav,Vessels,/content/drive/MyDrive/Underwater Audio Data/data/Vessels/Tanker_19.wav,3.0
/content/drive/MyDrive/Underwater Audio Data/processed/Vessels/Tanker_19_chunk78.wav,Vessels,/content/drive/MyDrive/Underwater Audio Data/data/Vessels/Tanker_19.wav,3.0
/content/drive/MyDrive/Underwater Audio Data/processed/Vessels/Tanker_19_chunk79.wav,Vessels,/content/drive/MyDrive/Underwater Audio Data/data/Vessels/Tanker_19.wav,3.0
/content/drive/MyDrive/Underwater Audio Data/processed/Vessels/Tanker_19_chunk80.wav,Vessels,/content/drive/MyDrive/Underwater Audio Data/data/Vessels/Tanker_19.wav,3.0
/content/drive/MyDrive/Underwater Audio Data/processed/Vessels/Tanker_19_chunk81.wav,Vessels,/content/drive/MyDrive/Underwater Audio Data/data/Vessels/Tanker_19.wav,3.0
/content/drive/MyDrive/Underwater Audio Data/processed/Vessels/Tanker_19_chunk82.wav,Vessels,/content/drive/MyDrive/Underwater Audio Data/data/Vessels/Tanker_19.wav,3.0
/content/drive/MyDrive/Underwater Audio Data/processed/Vessels/Tanker_19_chunk83.wav,Vessels,/content/drive/MyDrive/Underwater Audio Data/data/Vessels/Tanker_19.wav,3.0
/content/drive/MyDrive/Underwater Audio Data/processed/Vessels/Tanker_19_chunk84.wav,Vessels,/content/drive/MyDrive/Underwater Audio Data/data/Vessels/Tanker_19.wav,3.0
/content/drive/MyDrive/Underwater Audio Data/processed/Vessels/Tanker_7_chunk0.wav,Vessels,/content/drive/MyDrive/Underwater Audio Data/data/Vessels/Tanker_7.wav,3.0
/content/drive/MyDrive/Underwater Audio Data/processed/Vessels/Tanker_7_chunk1.wav,Vessels,/content/drive/MyDrive/Underwater Audio Data/data/Vessels/Tanker_7.wav,3.0
/content/drive/MyDrive/Underwater Audio Data/processed/Vessels/Tanker_7_chunk2.wav,Vessels,/content/drive/MyDrive/Underwater Audio Data/data/Vessels/Tanker_7.wav,3.0
/content/drive/MyDrive/Underwater Audio Data/processed/Vessels/Tanker_7_chunk3.wav,Vessels,/content/drive/MyDrive/Underwater Audio Data/data/Vessels/Tanker_7.wav,3.0
/content/drive/MyDrive/Underwater Audio Data/processed/Vessels/Tanker_7_chunk4.wav,Vessels,/content/drive/MyDrive/Underwater Audio Data/data/Vessels/Tanker_7.wav,3.0
/content/drive/MyDrive/Underwater Audio Data/processed/Vessels/Tanker_7_chunk5.wav,Vessels,/content/drive/MyDrive/Underwater Audio Data/data/Vessels/Tanker_7.wav,3.0
/content/drive/MyDrive/Underwater Audio Data/processed/Vessels/Tanker_7_chunk6.wav,Vessels,/content/drive/MyDrive/Underwater Audio Data/data/Vessels/Tanker_7.wav,3.0
/content/drive/MyDrive/Underwater Audio Data/processed/Vessels/Tanker_7_chunk7.wav,Vessels,/content/drive/MyDrive/Underwater Audio Data/data/Vessels/Tanker_7.wav,3.0
/content/drive/MyDrive/Underwater Audio Data/processed/Vessels/Tanker_7_chunk8.wav,Vessels,/content/drive/MyDrive/Underwater Audio Data/data/Vessels/Tanker_7.wav,3.0
/content/drive/MyDrive/Underwater Audio Data/processed/Vessels/Tanker_7_chunk9.wav,Vessels,/content/drive/MyDrive/Underwater Audio Data/data/Vessels/Tanker_7.wav,3.0
/content/drive/MyDrive/Underwater Audio Data/processed/Vessels/Tanker_7_chunk10.wav,Vessels,/content/drive/MyDrive/Underwater Audio Data/data/Vessels/Tanker_7.wav,3.0
/content/drive/MyDrive/Underwater Audio Data/processed/Vessels/Tanker_7_chunk11.wav,Vessels,/content/drive/MyDrive/Underwater Audio Data/data/Vessels/Tanker_7.wav,3.0
/content/drive/MyDrive/Underwater Audio Data/processed/Vessels/Tanker_7_chunk12.wav,Vessels,/content/drive/MyDrive/Underwater Audio Data/data/Vessels/Tanker_7.wav,3.0
/content/drive/MyDrive/Underwater Audio Data/processed/Vessels/Tanker_7_chunk13.wav,Vessels,/content/drive/MyDrive/Underwater Audio Data/data/Vessels/Tanker_7.wav,3.0
/content/drive/MyDrive/Underwater Audio Data/processed/Vessels/Tanker_7_chunk14.wav,Vessels,/content/drive/MyDrive/Underwater Audio Data/data/Vessels/Tanker_7.wav,3.0
/content/drive/MyDrive/Underwater Audio Data/processed/Vessels/Tanker_7_chunk15.wav,Vessels,/content/drive/MyDrive/Underwater Audio Data/data/Vessels/Tanker_7.wav,3.0
/content/drive/MyDrive/Underwater Audio Data/processed/Vessels/Tanker_7_chunk16.wav,Vessels,/content/drive/MyDrive/Underwater Audio Data/data/Vessels/Tanker_7.wav,3.0
/content/drive/MyDrive/Underwater Audio Data/processed/Vessels/Tanker_7_chunk17.wav,Vessels,/content/drive/MyDrive/Underwater Audio Data/data/Vessels/Tanker_7.wav,3.0
/content/drive/MyDrive/Underwater Audio Data/processed/Vessels/Tanker_7_chunk18.wav,Vessels,/content/drive/MyDrive/Underwater Audio Data/data/Vessels/Tanker_7.wav,3.0
/content/drive/MyDrive/Underwater Audio Data/processed/Vessels/Tanker_7_chunk19.wav,Vessels,/content/drive/MyDrive/Underwater Audio Data/data/Vessels/Tanker_7.wav,3.0
/content/drive/MyDrive/Underwater Audio Data/processed/Vessels/Tanker_7_chunk20.wav,Vessels,/content/drive/MyDrive/Underwater Audio Data/data/Vessels/Tanker_7.wav,3.0
/content/drive/MyDrive/Underwater Audio Data/processed/Vessels/Tanker_7_chunk21.wav,Vessels,/content/drive/MyDrive/Underwater Audio Data/data/Vessels/Tanker_7.wav,3.0
/content/drive/MyDrive/Underwater Audio Data/processed/Vessels/Tanker_7_chunk22.wav,Vessels,/content/drive/MyDrive/Underwater Audio Data/data/Vessels/Tanker_7.wav,3.0
/content/drive/MyDrive/Underwater Audio Data/processed/Vessels/Tanker_7_chunk23.wav,Vessels,/content/drive/MyDrive/Underwater Audio Data/data/Vessels/Tanker_7.wav,3.0
/content/drive/MyDrive/Underwater Audio Data/processed/Vessels/Tanker_7_chunk24.wav,Vessels,/content/drive/MyDrive/Underwater Audio Data/data/Vessels/Tanker_7.wav,3.0
/content/drive/MyDrive/Underwater Audio Data/processed/Vessels/Tanker_7_chunk25.wav,Vessels,/content/drive/MyDrive/Underwater Audio Data/data/Vessels/Tanker_7.wav,3.0
/content/drive/MyDrive/Underwater Audio Data/processed/Vessels/Tanker_7_chunk26.wav,Vessels,/content/drive/MyDrive/Underwater Audio Data/data/Vessels/Tanker_7.wav,3.0
/content/drive/MyDrive/Underwater Audio Data/processed/Vessels/Tanker_7_chunk27.wav,Vessels,/content/drive/MyDrive/Underwater Audio Data/data/Vessels/Tanker_7.wav,3.0
/content/drive/MyDrive/Underwater Audio Data/processed/Vessels/Tanker_7_chunk28.wav,Vessels,/content/drive/MyDrive/Underwater Audio Data/data/Vessels/Tanker_7.wav,3.0
/content/drive/MyDrive/Underwater Audio Data/processed/Vessels/Tanker_8_chunk0.wav,Vessels,/content/drive/MyDrive/Underwater Audio Data/data/Vessels/Tanker_8.wav,3.0
/content/drive/MyDrive/Underwater Audio Data/processed/Vessels/Tanker_8_chunk1.wav,Vessels,/content/drive/MyDrive/Underwater Audio Data/data/Vessels/Tanker_8.wav,3.0
/content/drive/MyDrive/Underwater Audio Data/processed/Vessels/Tanker_8_chunk2.wav,Vessels,/content/drive/MyDrive/Underwater Audio Data/data/Vessels/Tanker_8.wav,3.0
/content/drive/MyDrive/Underwater Audio Data/processed/Vessels/Tanker_8_chunk3.wav,Vessels,/content/drive/MyDrive/Underwater Audio Data/data/Vessels/Tanker_8.wav,3.0
/content/drive/MyDrive/Underwater Audio Data/processed/Vessels/Tanker_8_chunk4.wav,Vessels,/content/drive/MyDrive/Underwater Audio Data/data/Vessels/Tanker_8.wav,3.0
/content/drive/MyDrive/Underwater Audio Data/processed/Vessels/Tanker_8_chunk5.wav,Vessels,/content/drive/MyDrive/Underwater Audio Data/data/Vessels/Tanker_8.wav,3.0
/content/drive/MyDrive/Underwater Audio Data/processed/Vessels/Tanker_8_chunk6.wav,Vessels,/content/drive/MyDrive/Underwater Audio Data/data/Vessels/Tanker_8.wav,3.0
/content/drive/MyDrive/Underwater Audio Data/processed/Vessels/Tanker_8_chunk7.wav,Vessels,/content/drive/MyDrive/Underwater Audio Data/data/Vessels/Tanker_8.wav,3.0
/content/drive/MyDrive/Underwater Audio Data/processed/Vessels/Tanker_8_chunk8.wav,Vessels,/content/drive/MyDrive/Underwater Audio Data/data/Vessels/Tanker_8.wav,3.0
/content/drive/MyDrive/Underwater Audio Data/processed/Vessels/Tanker_8_chunk9.wav,Vessels,/content/drive/MyDrive/Underwater Audio Data/data/Vessels/Tanker_8.wav,3.0
/content/drive/MyDrive/Underwater Audio Data/processed/Vessels/Tanker_8_chunk10.wav,Vessels,/content/drive/MyDrive/Underwater Audio Data/data/Vessels/Tanker_8.wav,3.0
/content/drive/MyDrive/Underwater Audio Data/processed/Vessels/Tanker_8_chunk11.wav,Vessels,/content/drive/MyDrive/Underwater Audio Data/data/Vessels/Tanker_8.wav,3.0
/content/drive/MyDrive/Underwater Audio Data/processed/Vessels/Tanker_8_chunk12.wav,Vessels,/content/drive/MyDrive/Underwater Audio Data/data/Vessels/Tanker_8.wav,3.0
/content/drive/MyDrive/Underwater Audio Data/processed/Vessels/Tanker_8_chunk13.wav,Vessels,/content/drive/MyDrive/Underwater Audio Data/data/Vessels/Tanker_8.wav,3.0
/content/drive/MyDrive/Underwater Audio Data/processed/Vessels/Tanker_8_chunk14.wav,Vessels,/content/drive/MyDrive/Underwater Audio Data/data/Vessels/Tanker_8.wav,3.0
/content/drive/MyDrive/Underwater Audio Data/processed/Vessels/Tanker_8_chunk15.wav,Vessels,/content/drive/MyDrive/Underwater Audio Data/data/Vessels/Tanker_8.wav,3.0
/content/drive/MyDrive/Underwater Audio Data/processed/Vessels/Tanker_8_chunk16.wav,Vessels,/content/drive/MyDrive/Underwater Audio Data/data/Vessels/Tanker_8.wav,3.0
/content/drive/MyDrive/Underwater Audio Data/processed/Vessels/Tanker_8_chunk17.wav,Vessels,/content/drive/MyDrive/Underwater Audio Data/data/Vessels/Tanker_8.wav,3.0
/content/drive/MyDrive/Underwater Audio Data/processed/Vessels/Tanker_8_chunk18.wav,Vessels,/content/drive/MyDrive/Underwater Audio Data/data/Vessels/Tanker_8.wav,3.0
/content/drive/MyDrive/Underwater Audio Data/processed/Vessels/Tanker_8_chunk19.wav,Vessels,/content/drive/MyDrive/Underwater Audio Data/data/Vessels/Tanker_8.wav,3.0
/content/drive/MyDrive/Underwater Audio Data/processed/Vessels/Tanker_8_chunk20.wav,Vessels,/content/drive/MyDrive/Underwater Audio Data/data/Vessels/Tanker_8.wav,3.0
/content/drive/MyDrive/Underwater Audio Data/processed/Vessels/Tanker_8_chunk21.wav,Vessels,/content/drive/MyDrive/Underwater Audio Data/data/Vessels/Tanker_8.wav,3.0
/content/drive/MyDrive/Underwater Audio Data/processed/Vessels/Tanker_8_chunk22.wav,Vessels,/content/drive/MyDrive/Underwater Audio Data/data/Vessels/Tanker_8.wav,3.0
/content/drive/MyDrive/Underwater Audio Data/processed/Vessels/Tanker_8_chunk23.wav,Vessels,/content/drive/MyDrive/Underwater Audio Data/data/Vessels/Tanker_8.wav,3.0
/content/drive/MyDrive/Underwater Audio Data/processed/Vessels/Tanker_8_chunk24.wav,Vessels,/content/drive/MyDrive/Underwater Audio Data/data/Vessels/Tanker_8.wav,3.0
/content/drive/MyDrive/Underwater Audio Data/processed/Vessels/Tanker_8_chunk25.wav,Vessels,/content/drive/MyDrive/Underwater Audio Data/data/Vessels/Tanker_8.wav,3.0
/content/drive/MyDrive/Underwater Audio Data/processed/Vessels/Tanker_8_chunk26.wav,Vessels,/content/drive/MyDrive/Underwater Audio Data/data/Vessels/Tanker_8.wav,3.0
/content/drive/MyDrive/Underwater Audio Data/processed/Vessels/Tanker_8_chunk27.wav,Vessels,/content/drive/MyDrive/Underwater Audio Data/data/Vessels/Tanker_8.wav,3.0
/content/drive/MyDrive/Underwater Audio Data/processed/Vessels/Tanker_8_chunk28.wav,Vessels,/content/drive/MyDrive/Underwater Audio Data/data/Vessels/Tanker_8.wav,3.0
/content/drive/MyDrive/Underwater Audio Data/processed/Vessels/Tanker_8_chunk29.wav,Vessels,/content/drive/MyDrive/Underwater Audio Data/data/Vessels/Tanker_8.wav,3.0
/content/drive/MyDrive/Underwater Audio Data/processed/Vessels/Tanker_8_chunk30.wav,Vessels,/content/drive/MyDrive/Underwater Audio Data/data/Vessels/Tanker_8.wav,3.0
/content/drive/MyDrive/Underwater Audio Data/processed/Vessels/Tanker_8_chunk31.wav,Vessels,/content/drive/MyDrive/Underwater Audio Data/data/Vessels/Tanker_8.wav,3.0
/content/drive/MyDrive/Underwater Audio Data/processed/Vessels/Tanker_8_chunk32.wav,Vessels,/content/drive/MyDrive/Underwater Audio Data/data/Vessels/Tanker_8.wav,3.0
/content/drive/MyDrive/Underwater Audio Data/processed/Vessels/Tanker_8_chunk33.wav,Vessels,/content/drive/MyDrive/Underwater Audio Data/data/Vessels/Tanker_8.wav,3.0
/content/drive/MyDrive/Underwater Audio Data/processed/Vessels/Tanker_8_chunk34.wav,Vessels,/content/drive/MyDrive/Underwater Audio Data/data/Vessels/Tanker_8.wav,3.0
/content/drive/MyDrive/Underwater Audio Data/processed/Vessels/Tanker_8_chunk35.wav,Vessels,/content/drive/MyDrive/Underwater Audio Data/data/Vessels/Tanker_8.wav,3.0
/content/drive/MyDrive/Underwater Audio Data/processed/Vessels/Tanker_8_chunk36.wav,Vessels,/content/drive/MyDrive/Underwater Audio Data/data/Vessels/Tanker_8.wav,3.0
/content/drive/MyDrive/Underwater Audio Data/processed/Vessels/Tanker_8_chunk37.wav,Vessels,/content/drive/MyDrive/Underwater Audio Data/data/Vessels/Tanker_8.wav,3.0
/content/drive/MyDrive/Underwater Audio Data/processed/Vessels/Tanker_8_chunk38.wav,Vessels,/content/drive/MyDrive/Underwater Audio Data/data/Vessels/Tanker_8.wav,3.0
/content/drive/MyDrive/Underwater Audio Data/processed/Vessels/Tanker_8_chunk39.wav,Vessels,/content/drive/MyDrive/Underwater Audio Data/data/Vessels/Tanker_8.wav,3.0
/content/drive/MyDrive/Underwater Audio Data/processed/Vessels/Tanker_8_chunk40.wav,Vessels,/content/drive/MyDrive/Underwater Audio Data/data/Vessels/Tanker_8.wav,3.0
/content/drive/MyDrive/Underwater Audio Data/processed/Vessels/Tanker_8_chunk41.wav,Vessels,/content/drive/MyDrive/Underwater Audio Data/data/Vessels/Tanker_8.wav,3.0
/content/drive/MyDrive/Underwater Audio Data/processed/Vessels/Tanker_8_chunk42.wav,Vessels,/content/drive/MyDrive/Underwater Audio Data/data/Vessels/Tanker_8.wav,3.0
/content/drive/MyDrive/Underwater Audio Data/processed/Vessels/Tanker_8_chunk43.wav,Vessels,/content/drive/MyDrive/Underwater Audio Data/data/Vessels/Tanker_8.wav,3.0
/content/drive/MyDrive/Underwater Audio Data/processed/Vessels/Tanker_8_chunk44.wav,Vessels,/content/drive/MyDrive/Underwater Audio Data/data/Vessels/Tanker_8.wav,3.0
/content/drive/MyDrive/Underwater Audio Data/processed/Vessels/Tanker_8_chunk45.wav,Vessels,/content/drive/MyDrive/Underwater Audio Data/data/Vessels/Tanker_8.wav,3.0
/content/drive/MyDrive/Underwater Audio Data/processed/Vessels/Tanker_9_chunk0.wav,Vessels,/content/drive/MyDrive/Underwater Audio Data/data/Vessels/Tanker_9.wav,3.0
/content/drive/MyDrive/Underwater Audio Data/processed/Vessels/Tanker_9_chunk1.wav,Vessels,/content/drive/MyDrive/Underwater Audio Data/data/Vessels/Tanker_9.wav,3.0
/content/drive/MyDrive/Underwater Audio Data/processed/Vessels/Tanker_9_chunk2.wav,Vessels,/content/drive/MyDrive/Underwater Audio Data/data/Vessels/Tanker_9.wav,3.0
/content/drive/MyDrive/Underwater Audio Data/processed/Vessels/Tanker_9_chunk3.wav,Vessels,/content/drive/MyDrive/Underwater Audio Data/data/Vessels/Tanker_9.wav,3.0
/content/drive/MyDrive/Underwater Audio Data/processed/Vessels/Tanker_9_chunk4.wav,Vessels,/content/drive/MyDrive/Underwater Audio Data/data/Vessels/Tanker_9.wav,3.0
/content/drive/MyDrive/Underwater Audio Data/processed/Vessels/Tanker_9_chunk5.wav,Vessels,/content/drive/MyDrive/Underwater Audio Data/data/Vessels/Tanker_9.wav,3.0
/content/drive/MyDrive/Underwater Audio Data/processed/Vessels/Tanker_9_chunk6.wav,Vessels,/content/drive/MyDrive/Underwater Audio Data/data/Vessels/Tanker_9.wav,3.0
/content/drive/MyDrive/Underwater Audio Data/processed/Vessels/Tanker_9_chunk7.wav,Vessels,/content/drive/MyDrive/Underwater Audio Data/data/Vessels/Tanker_9.wav,3.0
/content/drive/MyDrive/Underwater Audio Data/processed/Vessels/Tanker_9_chunk8.wav,Vessels,/content/drive/MyDrive/Underwater Audio Data/data/Vessels/Tanker_9.wav,3.0
/content/drive/MyDrive/Underwater Audio Data/processed/Vessels/Tanker_9_chunk9.wav,Vessels,/content/drive/MyDrive/Underwater Audio Data/data/Vessels/Tanker_9.wav,3.0
/content/drive/MyDrive/Underwater Audio Data/processed/Vessels/Tanker_9_chunk10.wav,Vessels,/content/drive/MyDrive/Underwater Audio Data/data/Vessels/Tanker_9.wav,3.0
/content/drive/MyDrive/Underwater Audio Data/processed/Vessels/Tanker_9_chunk11.wav,Vessels,/content/drive/MyDrive/Underwater Audio Data/data/Vessels/Tanker_9.wav,3.0
/content/drive/MyDrive/Underwater Audio Data/processed/Vessels/Tanker_9_chunk12.wav,Vessels,/content/drive/MyDrive/Underwater Audio Data/data/Vessels/Tanker_9.wav,3.0
/content/drive/MyDrive/Underwater Audio Data/processed/Vessels/Tanker_9_chunk13.wav,Vessels,/content/drive/MyDrive/Underwater Audio Data/data/Vessels/Tanker_9.wav,3.0
/content/drive/MyDrive/Underwater Audio Data/processed/Vessels/Tanker_9_chunk14.wav,Vessels,/content/drive/MyDrive/Underwater Audio Data/data/Vessels/Tanker_9.wav,3.0
/content/drive/MyDrive/Underwater Audio Data/processed/Vessels/Tanker_9_chunk15.wav,Vessels,/content/drive/MyDrive/Underwater Audio Data/data/Vessels/Tanker_9.wav,3.0
/content/drive/MyDrive/Underwater Audio Data/processed/Vessels/Tanker_9_chunk16.wav,Vessels,/content/drive/MyDrive/Underwater Audio Data/data/Vessels/Tanker_9.wav,3.0
/content/drive/MyDrive/Underwater Audio Data/processed/Vessels/Tanker_9_chunk17.wav,Vessels,/content/drive/MyDrive/Underwater Audio Data/data/Vessels/Tanker_9.wav,3.0
/content/drive/MyDrive/Underwater Audio Data/processed/Vessels/Tanker_10_chunk0.wav,Vessels,/content/drive/MyDrive/Underwater Audio Data/data/Vessels/Tanker_10.wav,3.0
/content/drive/MyDrive/Underwater Audio Data/processed/Vessels/Tanker_10_chunk1.wav,Vessels,/content/drive/MyDrive/Underwater Audio Data/data/Vessels/Tanker_10.wav,3.0
/content/drive/MyDrive/Underwater Audio Data/processed/Vessels/Tanker_10_chunk2.wav,Vessels,/content/drive/MyDrive/Underwater Audio Data/data/Vessels/Tanker_10.wav,3.0
/content/drive/MyDrive/Underwater Audio Data/processed/Vessels/Tanker_10_chunk3.wav,Vessels,/content/drive/MyDrive/Underwater Audio Data/data/Vessels/Tanker_10.wav,3.0
/content/drive/MyDrive/Underwater Audio Data/processed/Vessels/Tanker_10_chunk4.wav,Vessels,/content/drive/MyDrive/Underwater Audio Data/data/Vessels/Tanker_10.wav,3.0
/content/drive/MyDrive/Underwater Audio Data/processed/Vessels/Tanker_10_chunk5.wav,Vessels,/content/drive/MyDrive/Underwater Audio Data/data/Vessels/Tanker_10.wav,3.0
/content/drive/MyDrive/Underwater Audio Data/processed/Vessels/Tanker_10_chunk6.wav,Vessels,/content/drive/MyDrive/Underwater Audio Data/data/Vessels/Tanker_10.wav,3.0
/content/drive/MyDrive/Underwater Audio Data/processed/Vessels/Tanker_10_chunk7.wav,Vessels,/content/drive/MyDrive/Underwater Audio Data/data/Vessels/Tanker_10.wav,3.0
/content/drive/MyDrive/Underwater Audio Data/processed/Vessels/Tanker_10_chunk8.wav,Vessels,/content/drive/MyDrive/Underwater Audio Data/data/Vessels/Tanker_10.wav,3.0
/content/drive/MyDrive/Underwater Audio Data/processed/Vessels/Tanker_10_chunk9.wav,Vessels,/content/drive/MyDrive/Underwater Audio Data/data/Vessels/Tanker_10.wav,3.0
/content/drive/MyDrive/Underwater Audio Data/processed/Vessels/Tanker_10_chunk10.wav,Vessels,/content/drive/MyDrive/Underwater Audio Data/data/Vessels/Tanker_10.wav,3.0
/content/drive/MyDrive/Underwater Audio Data/processed/Vessels/Tanker_10_chunk11.wav,Vessels,/content/drive/MyDrive/Underwater Audio Data/data/Vessels/Tanker_10.wav,3.0
/content/drive/MyDrive/Underwater Audio Data/processed/Vessels/Tanker_10_chunk12.wav,Vessels,/content/drive/MyDrive/Underwater Audio Data/data/Vessels/Tanker_10.wav,3.0
/content/drive/MyDrive/Underwater Audio Data/processed/Vessels/Tanker_11_chunk0.wav,Vessels,/content/drive/MyDrive/Underwater Audio Data/data/Vessels/Tanker_11.wav,3.0
/content/drive/MyDrive/Underwater Audio Data/processed/Vessels/Tanker_11_chunk1.wav,Vessels,/content/drive/MyDrive/Underwater Audio Data/data/Vessels/Tanker_11.wav,3.0
/content/drive/MyDrive/Underwater Audio Data/processed/Vessels/Tanker_11_chunk2.wav,Vessels,/content/drive/MyDrive/Underwater Audio Data/data/Vessels/Tanker_11.wav,3.0
/content/drive/MyDrive/Underwater Audio Data/processed/Vessels/Tanker_11_chunk3.wav,Vessels,/content/drive/MyDrive/Underwater Audio Data/data/Vessels/Tanker_11.wav,3.0
/content/drive/MyDrive/Underwater Audio Data/processed/Vessels/Tanker_11_chunk4.wav,Vessels,/content/drive/MyDrive/Underwater Audio Data/data/Vessels/Tanker_11.wav,3.0
/content/drive/MyDrive/Underwater Audio Data/processed/Vessels/Tanker_11_chunk5.wav,Vessels,/content/drive/MyDrive/Underwater Audio Data/data/Vessels/Tanker_11.wav,3.0
/content/drive/MyDrive/Underwater Audio Data/processed/Vessels/Tanker_11_chunk6.wav,Vessels,/content/drive/MyDrive/Underwater Audio Data/data/Vessels/Tanker_11.wav,3.0
/content/drive/MyDrive/Underwater Audio Data/processed/Vessels/Tanker_11_chunk7.wav,Vessels,/content/drive/MyDrive/Underwater Audio Data/data/Vessels/Tanker_11.wav,3.0
/content/drive/MyDrive/Underwater Audio Data/processed/Vessels/Tanker_11_chunk8.wav,Vessels,/content/drive/MyDrive/Underwater Audio Data/data/Vessels/Tanker_11.wav,3.0
/content/drive/MyDrive/Underwater Audio Data/processed/Vessels/Tanker_11_chunk9.wav,Vessels,/content/drive/MyDrive/Underwater Audio Data/data/Vessels/Tanker_11.wav,3.0
/content/drive/MyDrive/Underwater Audio Data/processed/Vessels/Tanker_11_chunk10.wav,Vessels,/content/drive/MyDrive/Underwater Audio Data/data/Vessels/Tanker_11.wav,3.0
/content/drive/MyDrive/Underwater Audio Data/processed/Vessels/Tanker_11_chunk11.wav,Vessels,/content/drive/MyDrive/Underwater Audio Data/data/Vessels/Tanker_11.wav,3.0
/content/drive/MyDrive/Underwater Audio Data/processed/Vessels/Tanker_11_chunk12.wav,Vessels,/content/drive/MyDrive/Underwater Audio Data/data/Vessels/Tanker_11.wav,3.0
/content/drive/MyDrive/Underwater Audio Data/processed/Vessels/Tanker_11_chunk13.wav,Vessels,/content/drive/MyDrive/Underwater Audio Data/data/Vessels/Tanker_11.wav,3.0
/content/drive/MyDrive/Underwater Audio Data/processed/Vessels/Tanker_11_chunk14.wav,Vessels,/content/drive/MyDrive/Underwater Audio Data/data/Vessels/Tanker_11.wav,3.0
/content/drive/MyDrive/Underwater Audio Data/processed/Vessels/Tanker_11_chunk15.wav,Vessels,/content/drive/MyDrive/Underwater Audio Data/data/Vessels/Tanker_11.wav,3.0
/content/drive/MyDrive/Underwater Audio Data/processed/Vessels/Tanker_11_chunk16.wav,Vessels,/content/drive/MyDrive/Underwater Audio Data/data/Vessels/Tanker_11.wav,3.0
/content/drive/MyDrive/Underwater Audio Data/processed/Vessels/Tanker_11_chunk17.wav,Vessels,/content/drive/MyDrive/Underwater Audio Data/data/Vessels/Tanker_11.wav,3.0
/content/drive/MyDrive/Underwater Audio Data/processed/Vessels/Tanker_11_chunk18.wav,Vessels,/content/drive/MyDrive/Underwater Audio Data/data/Vessels/Tanker_11.wav,3.0
/content/drive/MyDrive/Underwater Audio Data/processed/Vessels/Tanker_11_chunk19.wav,Vessels,/content/drive/MyDrive/Underwater Audio Data/data/Vessels/Tanker_11.wav,3.0
/content/drive/MyDrive/Underwater Audio Data/processed/Vessels/Tanker_11_chunk20.wav,Vessels,/content/drive/MyDrive/Underwater Audio Data/data/Vessels/Tanker_11.wav,3.0
/content/drive/MyDrive/Underwater Audio Data/processed/Vessels/Tanker_11_chunk21.wav,Vessels,/content/drive/MyDrive/Underwater Audio Data/data/Vessels/Tanker_11.wav,3.0
/content/drive/MyDrive/Underwater Audio Data/processed/Vessels/Tanker_11_chunk22.wav,Vessels,/content/drive/MyDrive/Underwater Audio Data/data/Vessels/Tanker_11.wav,3.0
/content/drive/MyDrive/Underwater Audio Data/processed/Vessels/Tanker_11_chunk23.wav,Vessels,/content/drive/MyDrive/Underwater Audio Data/data/Vessels/Tanker_11.wav,3.0
/content/drive/MyDrive/Underwater Audio Data/processed/Vessels/Tanker_12_chunk0.wav,Vessels,/content/drive/MyDrive/Underwater Audio Data/data/Vessels/Tanker_12.wav,3.0
/content/drive/MyDrive/Underwater Audio Data/processed/Vessels/Tanker_12_chunk1.wav,Vessels,/content/drive/MyDrive/Underwater Audio Data/data/Vessels/Tanker_12.wav,3.0
/content/drive/MyDrive/Underwater Audio Data/processed/Vessels/Tanker_12_chunk2.wav,Vessels,/content/drive/MyDrive/Underwater Audio Data/data/Vessels/Tanker_12.wav,3.0
/content/drive/MyDrive/Underwater Audio Data/processed/Vessels/Tanker_12_chunk3.wav,Vessels,/content/drive/MyDrive/Underwater Audio Data/data/Vessels/Tanker_12.wav,3.0
/content/drive/MyDrive/Underwater Audio Data/processed/Vessels/Tanker_12_chunk4.wav,Vessels,/content/drive/MyDrive/Underwater Audio Data/data/Vessels/Tanker_12.wav,3.0
/content/drive/MyDrive/Underwater Audio Data/processed/Vessels/Tanker_12_chunk5.wav,Vessels,/content/drive/MyDrive/Underwater Audio Data/data/Vessels/Tanker_12.wav,3.0
/content/drive/MyDrive/Underwater Audio Data/processed/Vessels/Tanker_12_chunk6.wav,Vessels,/content/drive/MyDrive/Underwater Audio Data/data/Vessels/Tanker_12.wav,3.0
/content/drive/MyDrive/Underwater Audio Data/processed/Vessels/Tanker_12_chunk7.wav,Vessels,/content/drive/MyDrive/Underwater Audio Data/data/Vessels/Tanker_12.wav,3.0
/content/drive/MyDrive/Underwater Audio Data/processed/Vessels/Tanker_12_chunk8.wav,Vessels,/content/drive/MyDrive/Underwater Audio Data/data/Vessels/Tanker_12.wav,3.0
/content/drive/MyDrive/Underwater Audio Data/processed/Vessels/Tanker_12_chunk9.wav,Vessels,/content/drive/MyDrive/Underwater Audio Data/data/Vessels/Tanker_12.wav,3.0
/content/drive/MyDrive/Underwater Audio Data/processed/Vessels/Tanker_12_chunk10.wav,Vessels,/content/drive/MyDrive/Underwater Audio Data/data/Vessels/Tanker_12.wav,3.0
/content/drive/MyDrive/Underwater Audio Data/processed/Vessels/Tanker_12_chunk11.wav,Vessels,/content/drive/MyDrive/Underwater Audio Data/data/Vessels/Tanker_12.wav,3.0
/content/drive/MyDrive/Underwater Audio Data/processed/Vessels/Tanker_12_chunk12.wav,Vessels,/content/drive/MyDrive/Underwater Audio Data/data/Vessels/Tanker_12.wav,3.0
/content/drive/MyDrive/Underwater Audio Data/processed/Vessels/Tanker_12_chunk13.wav,Vessels,/content/drive/MyDrive/Underwater Audio Data/data/Vessels/Tanker_12.wav,3.0
/content/drive/MyDrive/Underwater Audio Data/processed/Vessels/Tanker_12_chunk14.wav,Vessels,/content/drive/MyDrive/Underwater Audio Data/data/Vessels/Tanker_12.wav,3.0
/content/drive/MyDrive/Underwater Audio Data/processed/Vessels/Tanker_12_chunk15.wav,Vessels,/content/drive/MyDrive/Underwater Audio Data/data/Vessels/Tanker_12.wav,3.0
/content/drive/MyDrive/Underwater Audio Data/processed/Vessels/Tanker_12_chunk16.wav,Vessels,/content/drive/MyDrive/Underwater Audio Data/data/Vessels/Tanker_12.wav,3.0
/content/drive/MyDrive/Underwater Audio Data/processed/Vessels/Tanker_12_chunk17.wav,Vessels,/content/drive/MyDrive/Underwater Audio Data/data/Vessels/Tanker_12.wav,3.0
/content/drive/MyDrive/Underwater Audio Data/processed/Vessels/Tanker_12_chunk18.wav,Vessels,/content/drive/MyDrive/Underwater Audio Data/data/Vessels/Tanker_12.wav,3.0
/content/drive/MyDrive/Underwater Audio Data/processed/Vessels/Tanker_12_chunk19.wav,Vessels,/content/drive/MyDrive/Underwater Audio Data/data/Vessels/Tanker_12.wav,3.0
/content/drive/MyDrive/Underwater Audio Data/processed/Vessels/Tanker_12_chunk20.wav,Vessels,/content/drive/MyDrive/Underwater Audio Data/data/Vessels/Tanker_12.wav,3.0
/content/drive/MyDrive/Underwater Audio Data/processed/Vessels/Tanker_12_chunk21.wav,Vessels,/content/drive/MyDrive/Underwater Audio Data/data/Vessels/Tanker_12.wav,3.0
/content/drive/MyDrive/Underwater Audio Data/processed/Vessels/Tanker_12_chunk22.wav,Vessels,/content/drive/MyDrive/Underwater Audio Data/data/Vessels/Tanker_12.wav,3.0
/content/drive/MyDrive/Underwater Audio Data/processed/Vessels/Tanker_12_chunk23.wav,Vessels,/content/drive/MyDrive/Underwater Audio Data/data/Vessels/Tanker_12.wav,3.0
/content/drive/MyDrive/Underwater Audio Data/processed/Vessels/Tanker_12_chunk24.wav,Vessels,/content/drive/MyDrive/Underwater Audio Data/data/Vessels/Tanker_12.wav,3.0
/content/drive/MyDrive/Underwater Audio Data/processed/Vessels/Tanker_13_chunk0.wav,Vessels,/content/drive/MyDrive/Underwater Audio Data/data/Vessels/Tanker_13.wav,3.0
/content/drive/MyDrive/Underwater Audio Data/processed/Vessels/Tanker_13_chunk1.wav,Vessels,/content/drive/MyDrive/Underwater Audio Data/data/Vessels/Tanker_13.wav,3.0
/content/drive/MyDrive/Underwater Audio Data/processed/Vessels/Tanker_13_chunk2.wav,Vessels,/content/drive/MyDrive/Underwater Audio Data/data/Vessels/Tanker_13.wav,3.0
/content/drive/MyDrive/Underwater Audio Data/processed/Vessels/Tanker_13_chunk3.wav,Vessels,/content/drive/MyDrive/Underwater Audio Data/data/Vessels/Tanker_13.wav,3.0
/content/drive/MyDrive/Underwater Audio Data/processed/Vessels/Tanker_13_chunk4.wav,Vessels,/content/drive/MyDrive/Underwater Audio Data/data/Vessels/Tanker_13.wav,3.0
/content/drive/MyDrive/Underwater Audio Data/processed/Vessels/Tanker_13_chunk5.wav,Vessels,/content/drive/MyDrive/Underwater Audio Data/data/Vessels/Tanker_13.wav,3.0
/content/drive/MyDrive/Underwater Audio Data/processed/Vessels/Tugboat_1_chunk0.wav,Vessels,/content/drive/MyDrive/Underwater Audio Data/data/Vessels/Tugboat_1.wav,3.0
/content/drive/MyDrive/Underwater Audio Data/processed/Vessels/Tugboat_1_chunk1.wav,Vessels,/content/drive/MyDrive/Underwater Audio Data/data/Vessels/Tugboat_1.wav,3.0
/content/drive/MyDrive/Underwater Audio Data/processed/Vessels/Tugboat_1_chunk2.wav,Vessels,/content/drive/MyDrive/Underwater Audio Data/data/Vessels/Tugboat_1.wav,3.0
/content/drive/MyDrive/Underwater Audio Data/processed/Vessels/Tugboat_1_chunk3.wav,Vessels,/content/drive/MyDrive/Underwater Audio Data/data/Vessels/Tugboat_1.wav,3.0
/content/drive/MyDrive/Underwater Audio Data/processed/Vessels/Tugboat_1_chunk4.wav,Vessels,/content/drive/MyDrive/Underwater Audio Data/data/Vessels/Tugboat_1.wav,3.0
/content/drive/MyDrive/Underwater Audio Data/processed/Vessels/Tugboat_1_chunk5.wav,Vessels,/content/drive/MyDrive/Underwater Audio Data/data/Vessels/Tugboat_1.wav,3.0
/content/drive/MyDrive/Underwater Audio Data/processed/Vessels/Tugboat_1_chunk6.wav,Vessels,/content/drive/MyDrive/Underwater Audio Data/data/Vessels/Tugboat_1.wav,3.0
/content/drive/MyDrive/Underwater Audio Data/processed/Vessels/Tugboat_1_chunk7.wav,Vessels,/content/drive/MyDrive/Underwater Audio Data/data/Vessels/Tugboat_1.wav,3.0
/content/drive/MyDrive/Underwater Audio Data/processed/Vessels/Tugboat_1_chunk8.wav,Vessels,/content/drive/MyDrive/Underwater Audio Data/data/Vessels/Tugboat_1.wav,3.0
/content/drive/MyDrive/Underwater Audio Data/processed/Vessels/Tugboat_1_chunk9.wav,Vessels,/content/drive/MyDrive/Underwater Audio Data/data/Vessels/Tugboat_1.wav,3.0
/content/drive/MyDrive/Underwater Audio Data/processed/Vessels/Tugboat_1_chunk10.wav,Vessels,/content/drive/MyDrive/Underwater Audio Data/data/Vessels/Tugboat_1.wav,3.0
/content/drive/MyDrive/Underwater Audio Data/processed/Vessels/Tugboat_1_chunk11.wav,Vessels,/content/drive/MyDrive/Underwater Audio Data/data/Vessels/Tugboat_1.wav,3.0
/content/drive/MyDrive/Underwater Audio Data/processed/Vessels/Tugboat_1_chunk12.wav,Vessels,/content/drive/MyDrive/Underwater Audio Data/data/Vessels/Tugboat_1.wav,3.0
/content/drive/MyDrive/Underwater Audio Data/processed/Vessels/Tugboat_1_chunk13.wav,Vessels,/content/drive/MyDrive/Underwater Audio Data/data/Vessels/Tugboat_1.wav,3.0
/content/drive/MyDrive/Underwater Audio Data/processed/Vessels/Tugboat_1_chunk14.wav,Vessels,/content/drive/MyDrive/Underwater Audio Data/data/Vessels/Tugboat_1.wav,3.0
/content/drive/MyDrive/Underwater Audio Data/processed/Vessels/Tugboat_1_chunk15.wav,Vessels,/content/drive/MyDrive/Underwater Audio Data/data/Vessels/Tugboat_1.wav,3.0
/content/drive/MyDrive/Underwater Audio Data/processed/Vessels/Tugboat_1_chunk16.wav,Vessels,/content/drive/MyDrive/Underwater Audio Data/data/Vessels/Tugboat_1.wav,3.0
/content/drive/MyDrive/Underwater Audio Data/processed/Vessels/Tugboat_1_chunk17.wav,Vessels,/content/drive/MyDrive/Underwater Audio Data/data/Vessels/Tugboat_1.wav,3.0
/content/drive/MyDrive/Underwater Audio Data/processed/Vessels/Tugboat_1_chunk18.wav,Vessels,/content/drive/MyDrive/Underwater Audio Data/data/Vessels/Tugboat_1.wav,3.0
/content/drive/MyDrive/Underwater Audio Data/processed/Vessels/Tugboat_1_chunk19.wav,Vessels,/content/drive/MyDrive/Underwater Audio Data/data/Vessels/Tugboat_1.wav,3.0
/content/drive/MyDrive/Underwater Audio Data/processed/Vessels/Tugboat_1_chunk20.wav,Vessels,/content/drive/MyDrive/Underwater Audio Data/data/Vessels/Tugboat_1.wav,3.0
/content/drive/MyDrive/Underwater Audio Data/processed/Vessels/Tugboat_1_chunk21.wav,Vessels,/content/drive/MyDrive/Underwater Audio Data/data/Vessels/Tugboat_1.wav,3.0
/content/drive/MyDrive/Underwater Audio Data/processed/Vessels/Tugboat_1_chunk22.wav,Vessels,/content/drive/MyDrive/Underwater Audio Data/data/Vessels/Tugboat_1.wav,3.0
/content/drive/MyDrive/Underwater Audio Data/processed/Vessels/Tugboat_1_chunk23.wav,Vessels,/content/drive/MyDrive/Underwater Audio Data/data/Vessels/Tugboat_1.wav,3.0
/content/drive/MyDrive/Underwater Audio Data/processed/Vessels/Tugboat_1_chunk24.wav,Vessels,/content/drive/MyDrive/Underwater Audio Data/data/Vessels/Tugboat_1.wav,3.0
/content/drive/MyDrive/Underwater Audio Data/processed/Vessels/Tugboat_1_chunk25.wav,Vessels,/content/drive/MyDrive/Underwater Audio Data/data/Vessels/Tugboat_1.wav,3.0
/content/drive/MyDrive/Underwater Audio Data/processed/Vessels/Tugboat_1_chunk26.wav,Vessels,/content/drive/MyDrive/Underwater Audio Data/data/Vessels/Tugboat_1.wav,3.0
/content/drive/MyDrive/Underwater Audio Data/processed/Vessels/Tugboat_1_chunk27.wav,Vessels,/content/drive/MyDrive/Underwater Audio Data/data/Vessels/Tugboat_1.wav,3.0
/content/drive/MyDrive/Underwater Audio Data/processed/Vessels/Tugboat_1_chunk28.wav,Vessels,/content/drive/MyDrive/Underwater Audio Data/data/Vessels/Tugboat_1.wav,3.0
/content/drive/MyDrive/Underwater Audio Data/processed/Vessels/Tugboat_1_chunk29.wav,Vessels,/content/drive/MyDrive/Underwater Audio Data/data/Vessels/Tugboat_1.wav,3.0
/content/drive/MyDrive/Underwater Audio Data/processed/Vessels/Tugboat_1_chunk30.wav,Vessels,/content/drive/MyDrive/Underwater Audio Data/data/Vessels/Tugboat_1.wav,3.0
/content/drive/MyDrive/Underwater Audio Data/processed/Vessels/Tugboat_1_chunk31.wav,Vessels,/content/drive/MyDrive/Underwater Audio Data/data/Vessels/Tugboat_1.wav,3.0
/content/drive/MyDrive/Underwater Audio Data/processed/Vessels/Tugboat_1_chunk32.wav,Vessels,/content/drive/MyDrive/Underwater Audio Data/data/Vessels/Tugboat_1.wav,3.0
/content/drive/MyDrive/Underwater Audio Data/processed/Vessels/Tugboat_1_chunk33.wav,Vessels,/content/drive/MyDrive/Underwater Audio Data/data/Vessels/Tugboat_1.wav,3.0
/content/drive/MyDrive/Underwater Audio Data/processed/Vessels/Tugboat_1_chunk34.wav,Vessels,/content/drive/MyDrive/Underwater Audio Data/data/Vessels/Tugboat_1.wav,3.0
/content/drive/MyDrive/Underwater Audio Data/processed/Vessels/Tugboat_1_chunk35.wav,Vessels,/content/drive/MyDrive/Underwater Audio Data/data/Vessels/Tugboat_1.wav,3.0
/content/drive/MyDrive/Underwater Audio Data/processed/Vessels/Tugboat_1_chunk36.wav,Vessels,/content/drive/MyDrive/Underwater Audio Data/data/Vessels/Tugboat_1.wav,3.0
/content/drive/MyDrive/Underwater Audio Data/processed/Vessels/Tugboat_1_chunk37.wav,Vessels,/content/drive/MyDrive/Underwater Audio Data/data/Vessels/Tugboat_1.wav,3.0
/content/drive/MyDrive/Underwater Audio Data/processed/Vessels/Tugboat_1_chunk38.wav,Vessels,/content/drive/MyDrive/Underwater Audio Data/data/Vessels/Tugboat_1.wav,3.0
/content/drive/MyDrive/Underwater Audio Data/processed/Vessels/Tugboat_1_chunk39.wav,Vessels,/content/drive/MyDrive/Underwater Audio Data/data/Vessels/Tugboat_1.wav,3.0
/content/drive/MyDrive/Underwater Audio Data/processed/Vessels/Tugboat_1_chunk40.wav,Vessels,/content/drive/MyDrive/Underwater Audio Data/data/Vessels/Tugboat_1.wav,3.0
/content/drive/MyDrive/Underwater Audio Data/processed/Vessels/Tugboat_1_chunk41.wav,Vessels,/content/drive/MyDrive/Underwater Audio Data/data/Vessels/Tugboat_1.wav,3.0
/content/drive/MyDrive/Underwater Audio Data/processed/Vessels/Tugboat_1_chunk42.wav,Vessels,/content/drive/MyDrive/Underwater Audio Data/data/Vessels/Tugboat_1.wav,3.0
/content/drive/MyDrive/Underwater Audio Data/processed/Vessels/Tugboat_1_chunk43.wav,Vessels,/content/drive/MyDrive/Underwater Audio Data/data/Vessels/Tugboat_1.wav,3.0
/content/drive/MyDrive/Underwater Audio Data/processed/Vessels/Tugboat_1_chunk44.wav,Vessels,/content/drive/MyDrive/Underwater Audio Data/data/Vessels/Tugboat_1.wav,3.0
/content/drive/MyDrive/Underwater Audio Data/processed/Vessels/Tugboat_1_chunk45.wav,Vessels,/content/drive/MyDrive/Underwater Audio Data/data/Vessels/Tugboat_1.wav,3.0
/content/drive/MyDrive/Underwater Audio Data/processed/Vessels/Tugboat_1_chunk46.wav,Vessels,/content/drive/MyDrive/Underwater Audio Data/data/Vessels/Tugboat_1.wav,3.0
/content/drive/MyDrive/Underwater Audio Data/processed/Vessels/Tugboat_1_chunk47.wav,Vessels,/content/drive/MyDrive/Underwater Audio Data/data/Vessels/Tugboat_1.wav,3.0
/content/drive/MyDrive/Underwater Audio Data/processed/Vessels/Tugboat_1_chunk48.wav,Vessels,/content/drive/MyDrive/Underwater Audio Data/data/Vessels/Tugboat_1.wav,3.0
/content/drive/MyDrive/Underwater Audio Data/processed/Vessels/Tugboat_1_chunk49.wav,Vessels,/content/drive/MyDrive/Underwater Audio Data/data/Vessels/Tugboat_1.wav,3.0
/content/drive/MyDrive/Underwater Audio Data/processed/Vessels/Tugboat_1_chunk50.wav,Vessels,/content/drive/MyDrive/Underwater Audio Data/data/Vessels/Tugboat_1.wav,3.0
/content/drive/MyDrive/Underwater Audio Data/processed/Vessels/Tugboat_1_chunk51.wav,Vessels,/content/drive/MyDrive/Underwater Audio Data/data/Vessels/Tugboat_1.wav,3.0
/content/drive/MyDrive/Underwater Audio Data/processed/Vessels/Tugboat_1_chunk52.wav,Vessels,/content/drive/MyDrive/Underwater Audio Data/data/Vessels/Tugboat_1.wav,3.0
/content/drive/MyDrive/Underwater Audio Data/processed/Vessels/Tugboat_1_chunk53.wav,Vessels,/content/drive/MyDrive/Underwater Audio Data/data/Vessels/Tugboat_1.wav,3.0
/content/drive/MyDrive/Underwater Audio Data/processed/Vessels/Tugboat_1_chunk54.wav,Vessels,/content/drive/MyDrive/Underwater Audio Data/data/Vessels/Tugboat_1.wav,3.0
/content/drive/MyDrive/Underwater Audio Data/processed/Vessels/Tugboat_1_chunk55.wav,Vessels,/content/drive/MyDrive/Underwater Audio Data/data/Vessels/Tugboat_1.wav,3.0
/content/drive/MyDrive/Underwater Audio Data/processed/Vessels/Tugboat_1_chunk56.wav,Vessels,/content/drive/MyDrive/Underwater Audio Data/data/Vessels/Tugboat_1.wav,3.0
/content/drive/MyDrive/Underwater Audio Data/processed/Vessels/Tugboat_1_chunk57.wav,Vessels,/content/drive/MyDrive/Underwater Audio Data/data/Vessels/Tugboat_1.wav,3.0
/content/drive/MyDrive/Underwater Audio Data/processed/Vessels/Tugboat_1_chunk58.wav,Vessels,/content/drive/MyDrive/Underwater Audio Data/data/Vessels/Tugboat_1.wav,3.0
/content/drive/MyDrive/Underwater Audio Data/processed/Vessels/Tugboat_1_chunk59.wav,Vessels,/content/drive/MyDrive/Underwater Audio Data/data/Vessels/Tugboat_1.wav,3.0
/content/drive/MyDrive/Underwater Audio Data/processed/Vessels/Tugboat_1_chunk60.wav,Vessels,/content/drive/MyDrive/Underwater Audio Data/data/Vessels/Tugboat_1.wav,3.0
/content/drive/MyDrive/Underwater Audio Data/processed/Vessels/Tugboat_1_chunk61.wav,Vessels,/content/drive/MyDrive/Underwater Audio Data/data/Vessels/Tugboat_1.wav,3.0
/content/drive/MyDrive/Underwater Audio Data/processed/Vessels/Tugboat_1_chunk62.wav,Vessels,/content/drive/MyDrive/Underwater Audio Data/data/Vessels/Tugboat_1.wav,3.0
/content/drive/MyDrive/Underwater Audio Data/processed/Vessels/Tugboat_1_chunk63.wav,Vessels,/content/drive/MyDrive/Underwater Audio Data/data/Vessels/Tugboat_1.wav,3.0
/content/drive/MyDrive/Underwater Audio Data/processed/Vessels/Tugboat_1_chunk64.wav,Vessels,/content/drive/MyDrive/Underwater Audio Data/data/Vessels/Tugboat_1.wav,3.0
/content/drive/MyDrive/Underwater Audio Data/processed/Vessels/Tugboat_1_chunk65.wav,Vessels,/content/drive/MyDrive/Underwater Audio Data/data/Vessels/Tugboat_1.wav,3.0
/content/drive/MyDrive/Underwater Audio Data/processed/Vessels/Tugboat_1_chunk66.wav,Vessels,/content/drive/MyDrive/Underwater Audio Data/data/Vessels/Tugboat_1.wav,3.0
/content/drive/MyDrive/Underwater Audio Data/processed/Vessels/Tugboat_1_chunk67.wav,Vessels,/content/drive/MyDrive/Underwater Audio Data/data/Vessels/Tugboat_1.wav,3.0
/content/drive/MyDrive/Underwater Audio Data/processed/Vessels/Tugboat_1_chunk68.wav,Vessels,/content/drive/MyDrive/Underwater Audio Data/data/Vessels/Tugboat_1.wav,3.0
/content/drive/MyDrive/Underwater Audio Data/processed/Vessels/Tugboat_1_chunk69.wav,Vessels,/content/drive/MyDrive/Underwater Audio Data/data/Vessels/Tugboat_1.wav,3.0
/content/drive/MyDrive/Underwater Audio Data/processed/Vessels/Tugboat_1_chunk70.wav,Vessels,/content/drive/MyDrive/Underwater Audio Data/data/Vessels/Tugboat_1.wav,3.0
/content/drive/MyDrive/Underwater Audio Data/processed/Vessels/Tugboat_1_chunk71.wav,Vessels,/content/drive/MyDrive/Underwater Audio Data/data/Vessels/Tugboat_1.wav,3.0
/content/drive/MyDrive/Underwater Audio Data/processed/Vessels/Tugboat_1_chunk72.wav,Vessels,/content/drive/MyDrive/Underwater Audio Data/data/Vessels/Tugboat_1.wav,3.0
/content/drive/MyDrive/Underwater Audio Data/processed/Vessels/Tugboat_1_chunk73.wav,Vessels,/content/drive/MyDrive/Underwater Audio Data/data/Vessels/Tugboat_1.wav,3.0
/content/drive/MyDrive/Underwater Audio Data/processed/Vessels/Tugboat_1_chunk74.wav,Vessels,/content/drive/MyDrive/Underwater Audio Data/data/Vessels/Tugboat_1.wav,3.0
/content/drive/MyDrive/Underwater Audio Data/processed/Vessels/Tugboat_1_chunk75.wav,Vessels,/content/drive/MyDrive/Underwater Audio Data/data/Vessels/Tugboat_1.wav,3.0
/content/drive/MyDrive/Underwater Audio Data/processed/Vessels/Tugboat_1_chunk76.wav,Vessels,/content/drive/MyDrive/Underwater Audio Data/data/Vessels/Tugboat_1.wav,3.0
/content/drive/MyDrive/Underwater Audio Data/processed/Vessels/Tugboat_1_chunk77.wav,Vessels,/content/drive/MyDrive/Underwater Audio Data/data/Vessels/Tugboat_1.wav,3.0
/content/drive/MyDrive/Underwater Audio Data/processed/Vessels/Tugboat_1_chunk78.wav,Vessels,/content/drive/MyDrive/Underwater Audio Data/data/Vessels/Tugboat_1.wav,3.0
/content/drive/MyDrive/Underwater Audio Data/processed/Vessels/Tugboat_1_chunk79.wav,Vessels,/content/drive/MyDrive/Underwater Audio Data/data/Vessels/Tugboat_1.wav,3.0
/content/drive/MyDrive/Underwater Audio Data/processed/Vessels/Tugboat_1_chunk80.wav,Vessels,/content/drive/MyDrive/Underwater Audio Data/data/Vessels/Tugboat_1.wav,3.0
/content/drive/MyDrive/Underwater Audio Data/processed/Vessels/Tugboat_1_chunk81.wav,Vessels,/content/drive/MyDrive/Underwater Audio Data/data/Vessels/Tugboat_1.wav,3.0
/content/drive/MyDrive/Underwater Audio Data/processed/Vessels/Tugboat_1_chunk82.wav,Vessels,/content/drive/MyDrive/Underwater Audio Data/data/Vessels/Tugboat_1.wav,3.0
/content/drive/MyDrive/Underwater Audio Data/processed/Vessels/Tugboat_1_chunk83.wav,Vessels,/content/drive/MyDrive/Underwater Audio Data/data/Vessels/Tugboat_1.wav,3.0
/content/drive/MyDrive/Underwater Audio Data/processed/Vessels/Tugboat_1_chunk84.wav,Vessels,/content/drive/MyDrive/Underwater Audio Data/data/Vessels/Tugboat_1.wav,3.0
/content/drive/MyDrive/Underwater Audio Data/processed/Vessels/Tugboat_1_chunk85.wav,Vessels,/content/drive/MyDrive/Underwater Audio Data/data/Vessels/Tugboat_1.wav,3.0
/content/drive/MyDrive/Underwater Audio Data/processed/Vessels/Tugboat_1_chunk86.wav,Vessels,/content/drive/MyDrive/Underwater Audio Data/data/Vessels/Tugboat_1.wav,3.0
/content/drive/MyDrive/Underwater Audio Data/processed/Vessels/Tugboat_1_chunk87.wav,Vessels,/content/drive/MyDrive/Underwater Audio Data/data/Vessels/Tugboat_1.wav,3.0
/content/drive/MyDrive/Underwater Audio Data/processed/Vessels/Tugboat_1_chunk88.wav,Vessels,/content/drive/MyDrive/Underwater Audio Data/data/Vessels/Tugboat_1.wav,3.0
/content/drive/MyDrive/Underwater Audio Data/processed/Vessels/Tugboat_1_chunk89.wav,Vessels,/content/drive/MyDrive/Underwater Audio Data/data/Vessels/Tugboat_1.wav,3.0
/content/drive/MyDrive/Underwater Audio Data/processed/Vessels/Tugboat_1_chunk90.wav,Vessels,/content/drive/MyDrive/Underwater Audio Data/data/Vessels/Tugboat_1.wav,3.0
/content/drive/MyDrive/Underwater Audio Data/processed/Vessels/Tugboat_1_chunk91.wav,Vessels,/content/drive/MyDrive/Underwater Audio Data/data/Vessels/Tugboat_1.wav,3.0
/content/drive/MyDrive/Underwater Audio Data/processed/Vessels/Tugboat_1_chunk92.wav,Vessels,/content/drive/MyDrive/Underwater Audio Data/data/Vessels/Tugboat_1.wav,3.0
/content/drive/MyDrive/Underwater Audio Data/processed/Vessels/Tugboat_1_chunk93.wav,Vessels,/content/drive/MyDrive/Underwater Audio Data/data/Vessels/Tugboat_1.wav,3.0
/content/drive/MyDrive/Underwater Audio Data/processed/Vessels/Tugboat_1_chunk94.wav,Vessels,/content/drive/MyDrive/Underwater Audio Data/data/Vessels/Tugboat_1.wav,3.0
/content/drive/MyDrive/Underwater Audio Data/processed/Vessels/Tugboat_1_chunk95.wav,Vessels,/content/drive/MyDrive/Underwater Audio Data/data/Vessels/Tugboat_1.wav,3.0
/content/drive/MyDrive/Underwater Audio Data/processed/Vessels/Tugboat_1_chunk96.wav,Vessels,/content/drive/MyDrive/Underwater Audio Data/data/Vessels/Tugboat_1.wav,3.0
/content/drive/MyDrive/Underwater Audio Data/processed/Vessels/Tugboat_1_chunk97.wav,Vessels,/content/drive/MyDrive/Underwater Audio Data/data/Vessels/Tugboat_1.wav,3.0
/content/drive/MyDrive/Underwater Audio Data/processed/Vessels/Tugboat_1_chunk98.wav,Vessels,/content/drive/MyDrive/Underwater Audio Data/data/Vessels/Tugboat_1.wav,3.0
/content/drive/MyDrive/Underwater Audio Data/processed/Vessels/Tugboat_1_chunk99.wav,Vessels,/content/drive/MyDrive/Underwater Audio Data/data/Vessels/Tugboat_1.wav,3.0
/content/drive/MyDrive/Underwater Audio Data/processed/Vessels/Tugboat_1_chunk100.wav,Vessels,/content/drive/MyDrive/Underwater Audio Data/data/Vessels/Tugboat_1.wav,3.0
/content/drive/MyDrive/Underwater Audio Data/processed/Vessels/Tugboat_1_chunk101.wav,Vessels,/content/drive/MyDrive/Underwater Audio Data/data/Vessels/Tugboat_1.wav,3.0
/content/drive/MyDrive/Underwater Audio Data/processed/Vessels/Tugboat_1_chunk102.wav,Vessels,/content/drive/MyDrive/Underwater Audio Data/data/Vessels/Tugboat_1.wav,3.0
/content/drive/MyDrive/Underwater Audio Data/processed/Vessels/Tugboat_1_chunk103.wav,Vessels,/content/drive/MyDrive/Underwater Audio Data/data/Vessels/Tugboat_1.wav,3.0
/content/drive/MyDrive/Underwater Audio Data/processed/Vessels/Tugboat_1_chunk104.wav,Vessels,/content/drive/MyDrive/Underwater Audio Data/data/Vessels/Tugboat_1.wav,3.0
/content/drive/MyDrive/Underwater Audio Data/processed/Vessels/Tugboat_1_chunk105.wav,Vessels,/content/drive/MyDrive/Underwater Audio Data/data/Vessels/Tugboat_1.wav,3.0
/content/drive/MyDrive/Underwater Audio Data/processed/Vessels/Tugboat_1_chunk106.wav,Vessels,/content/drive/MyDrive/Underwater Audio Data/data/Vessels/Tugboat_1.wav,3.0
/content/drive/MyDrive/Underwater Audio Data/processed/Vessels/Tugboat_1_chunk107.wav,Vessels,/content/drive/MyDrive/Underwater Audio Data/data/Vessels/Tugboat_1.wav,3.0
/content/drive/MyDrive/Underwater Audio Data/processed/Vessels/Tugboat_1_chunk108.wav,Vessels,/content/drive/MyDrive/Underwater Audio Data/data/Vessels/Tugboat_1.wav,3.0
/content/drive/MyDrive/Underwater Audio Data/processed/Vessels/Tugboat_1_chunk109.wav,Vessels,/content/drive/MyDrive/Underwater Audio Data/data/Vessels/Tugboat_1.wav,3.0
/content/drive/MyDrive/Underwater Audio Data/processed/Vessels/Tugboat_1_chunk110.wav,Vessels,/content/drive/MyDrive/Underwater Audio Data/data/Vessels/Tugboat_1.wav,3.0
/content/drive/MyDrive/Underwater Audio Data/processed/Vessels/Tugboat_1_chunk111.wav,Vessels,/content/drive/MyDrive/Underwater Audio Data/data/Vessels/Tugboat_1.wav,3.0
/content/drive/MyDrive/Underwater Audio Data/processed/Vessels/Tugboat_1_chunk112.wav,Vessels,/content/drive/MyDrive/Underwater Audio Data/data/Vessels/Tugboat_1.wav,3.0
/content/drive/MyDrive/Underwater Audio Data/processed/Vessels/Tugboat_1_chunk113.wav,Vessels,/content/drive/MyDrive/Underwater Audio Data/data/Vessels/Tugboat_1.wav,3.0
/content/drive/MyDrive/Underwater Audio Data/processed/Vessels/Tugboat_1_chunk114.wav,Vessels,/content/drive/MyDrive/Underwater Audio Data/data/Vessels/Tugboat_1.wav,3.0
/content/drive/MyDrive/Underwater Audio Data/processed/Vessels/Tugboat_1_chunk115.wav,Vessels,/content/drive/MyDrive/Underwater Audio Data/data/Vessels/Tugboat_1.wav,3.0
/content/drive/MyDrive/Underwater Audio Data/processed/Vessels/Tugboat_1_chunk116.wav,Vessels,/content/drive/MyDrive/Underwater Audio Data/data/Vessels/Tugboat_1.wav,3.0
/content/drive/MyDrive/Underwater Audio Data/processed/Vessels/Tugboat_1_chunk117.wav,Vessels,/content/drive/MyDrive/Underwater Audio Data/data/Vessels/Tugboat_1.wav,3.0
/content/drive/MyDrive/Underwater Audio Data/processed/Vessels/Tugboat_1_chunk118.wav,Vessels,/content/drive/MyDrive/Underwater Audio Data/data/Vessels/Tugboat_1.wav,3.0
/content/drive/MyDrive/Underwater Audio Data/processed/Vessels/Tugboat_1_chunk119.wav,Vessels,/content/drive/MyDrive/Underwater Audio Data/data/Vessels/Tugboat_1.wav,3.0
/content/drive/MyDrive/Underwater Audio Data/processed/Vessels/Tugboat_1_chunk120.wav,Vessels,/content/drive/MyDrive/Underwater Audio Data/data/Vessels/Tugboat_1.wav,3.0
/content/drive/MyDrive/Underwater Audio Data/processed/Vessels/Tugboat_1_chunk121.wav,Vessels,/content/drive/MyDrive/Underwater Audio Data/data/Vessels/Tugboat_1.wav,3.0
/content/drive/MyDrive/Underwater Audio Data/processed/Vessels/Tugboat_1_chunk122.wav,Vessels,/content/drive/MyDrive/Underwater Audio Data/data/Vessels/Tugboat_1.wav,3.0
/content/drive/MyDrive/Underwater Audio Data/processed/Vessels/Tugboat_1_chunk123.wav,Vessels,/content/drive/MyDrive/Underwater Audio Data/data/Vessels/Tugboat_1.wav,3.0
/content/drive/MyDrive/Underwater Audio Data/processed/Vessels/Tugboat_1_chunk124.wav,Vessels,/content/drive/MyDrive/Underwater Audio Data/data/Vessels/Tugboat_1.wav,3.0
/content/drive/MyDrive/Underwater Audio Data/processed/Vessels/Tugboat_1_chunk125.wav,Vessels,/content/drive/MyDrive/Underwater Audio Data/data/Vessels/Tugboat_1.wav,3.0
/content/drive/MyDrive/Underwater Audio Data/processed/Vessels/Tugboat_1_chunk126.wav,Vessels,/content/drive/MyDrive/Underwater Audio Data/data/Vessels/Tugboat_1.wav,3.0
/content/drive/MyDrive/Underwater Audio Data/processed/Vessels/Tugboat_1_chunk127.wav,Vessels,/content/drive/MyDrive/Underwater Audio Data/data/Vessels/Tugboat_1.wav,3.0
/content/drive/MyDrive/Underwater Audio Data/processed/Vessels/Tugboat_1_chunk128.wav,Vessels,/content/drive/MyDrive/Underwater Audio Data/data/Vessels/Tugboat_1.wav,3.0
/content/drive/MyDrive/Underwater Audio Data/processed/Vessels/Tugboat_1_chunk129.wav,Vessels,/content/drive/MyDrive/Underwater Audio Data/data/Vessels/Tugboat_1.wav,3.0
/content/drive/MyDrive/Underwater Audio Data/processed/Vessels/Tugboat_1_chunk130.wav,Vessels,/content/drive/MyDrive/Underwater Audio Data/data/Vessels/Tugboat_1.wav,3.0
/content/drive/MyDrive/Underwater Audio Data/processed/Vessels/Tugboat_1_chunk131.wav,Vessels,/content/drive/MyDrive/Underwater Audio Data/data/Vessels/Tugboat_1.wav,3.0
/content/drive/MyDrive/Underwater Audio Data/processed/Vessels/Tugboat_1_chunk132.wav,Vessels,/content/drive/MyDrive/Underwater Audio Data/data/Vessels/Tugboat_1.wav,3.0
/content/drive/MyDrive/Underwater Audio Data/processed/Vessels/Tugboat_3_chunk0.wav,Vessels,/content/drive/MyDrive/Underwater Audio Data/data/Vessels/Tugboat_3.wav,3.0
/content/drive/MyDrive/Underwater Audio Data/processed/Vessels/Tugboat_3_chunk1.wav,Vessels,/content/drive/MyDrive/Underwater Audio Data/data/Vessels/Tugboat_3.wav,3.0
/content/drive/MyDrive/Underwater Audio Data/processed/Vessels/Tugboat_3_chunk2.wav,Vessels,/content/drive/MyDrive/Underwater Audio Data/data/Vessels/Tugboat_3.wav,3.0
/content/drive/MyDrive/Underwater Audio Data/processed/Vessels/Tugboat_3_chunk3.wav,Vessels,/content/drive/MyDrive/Underwater Audio Data/data/Vessels/Tugboat_3.wav,3.0
/content/drive/MyDrive/Underwater Audio Data/processed/Vessels/Tugboat_3_chunk4.wav,Vessels,/content/drive/MyDrive/Underwater Audio Data/data/Vessels/Tugboat_3.wav,3.0
/content/drive/MyDrive/Underwater Audio Data/processed/Vessels/Tugboat_3_chunk5.wav,Vessels,/content/drive/MyDrive/Underwater Audio Data/data/Vessels/Tugboat_3.wav,3.0
/content/drive/MyDrive/Underwater Audio Data/processed/Vessels/Tugboat_3_chunk6.wav,Vessels,/content/drive/MyDrive/Underwater Audio Data/data/Vessels/Tugboat_3.wav,3.0
/content/drive/MyDrive/Underwater Audio Data/processed/Vessels/Tugboat_3_chunk7.wav,Vessels,/content/drive/MyDrive/Underwater Audio Data/data/Vessels/Tugboat_3.wav,3.0
/content/drive/MyDrive/Underwater Audio Data/processed/Vessels/Tugboat_3_chunk8.wav,Vessels,/content/drive/MyDrive/Underwater Audio Data/data/Vessels/Tugboat_3.wav,3.0
/content/drive/MyDrive/Underwater Audio Data/processed/Vessels/Tugboat_3_chunk9.wav,Vessels,/content/drive/MyDrive/Underwater Audio Data/data/Vessels/Tugboat_3.wav,3.0
/content/drive/MyDrive/Underwater Audio Data/processed/Vessels/Tugboat_3_chunk10.wav,Vessels,/content/drive/MyDrive/Underwater Audio Data/data/Vessels/Tugboat_3.wav,3.0
/content/drive/MyDrive/Underwater Audio Data/processed/Vessels/Tugboat_3_chunk11.wav,Vessels,/content/drive/MyDrive/Underwater Audio Data/data/Vessels/Tugboat_3.wav,3.0
/content/drive/MyDrive/Underwater Audio Data/processed/Vessels/Tugboat_3_chunk12.wav,Vessels,/content/drive/MyDrive/Underwater Audio Data/data/Vessels/Tugboat_3.wav,3.0
/content/drive/MyDrive/Underwater Audio Data/processed/Vessels/Tugboat_3_chunk13.wav,Vessels,/content/drive/MyDrive/Underwater Audio Data/data/Vessels/Tugboat_3.wav,3.0
/content/drive/MyDrive/Underwater Audio Data/processed/Vessels/Tugboat_3_chunk14.wav,Vessels,/content/drive/MyDrive/Underwater Audio Data/data/Vessels/Tugboat_3.wav,3.0
/content/drive/MyDrive/Underwater Audio Data/processed/Vessels/Tugboat_3_chunk15.wav,Vessels,/content/drive/MyDrive/Underwater Audio Data/data/Vessels/Tugboat_3.wav,3.0
/content/drive/MyDrive/Underwater Audio Data/processed/Vessels/Tugboat_3_chunk16.wav,Vessels,/content/drive/MyDrive/Underwater Audio Data/data/Vessels/Tugboat_3.wav,3.0
/content/drive/MyDrive/Underwater Audio Data/processed/Vessels/Tugboat_3_chunk17.wav,Vessels,/content/drive/MyDrive/Underwater Audio Data/data/Vessels/Tugboat_3.wav,3.0
/content/drive/MyDrive/Underwater Audio Data/processed/Vessels/Tugboat_3_chunk18.wav,Vessels,/content/drive/MyDrive/Underwater Audio Data/data/Vessels/Tugboat_3.wav,3.0
/content/drive/MyDrive/Underwater Audio Data/processed/Vessels/Tugboat_3_chunk19.wav,Vessels,/content/drive/MyDrive/Underwater Audio Data/data/Vessels/Tugboat_3.wav,3.0
/content/drive/MyDrive/Underwater Audio Data/processed/Vessels/Tugboat_3_chunk20.wav,Vessels,/content/drive/MyDrive/Underwater Audio Data/data/Vessels/Tugboat_3.wav,3.0
/content/drive/MyDrive/Underwater Audio Data/processed/Vessels/Tugboat_3_chunk21.wav,Vessels,/content/drive/MyDrive/Underwater Audio Data/data/Vessels/Tugboat_3.wav,3.0
/content/drive/MyDrive/Underwater Audio Data/processed/Vessels/Tugboat_3_chunk22.wav,Vessels,/content/drive/MyDrive/Underwater Audio Data/data/Vessels/Tugboat_3.wav,3.0
/content/drive/MyDrive/Underwater Audio Data/processed/Vessels/Tugboat_3_chunk23.wav,Vessels,/content/drive/MyDrive/Underwater Audio Data/data/Vessels/Tugboat_3.wav,3.0
/content/drive/MyDrive/Underwater Audio Data/processed/Vessels/Tugboat_3_chunk24.wav,Vessels,/content/drive/MyDrive/Underwater Audio Data/data/Vessels/Tugboat_3.wav,3.0
/content/drive/MyDrive/Underwater Audio Data/processed/Vessels/Tugboat_3_chunk25.wav,Vessels,/content/drive/MyDrive/Underwater Audio Data/data/Vessels/Tugboat_3.wav,3.0
/content/drive/MyDrive/Underwater Audio Data/processed/Vessels/Tugboat_3_chunk26.wav,Vessels,/content/drive/MyDrive/Underwater Audio Data/data/Vessels/Tugboat_3.wav,3.0
/content/drive/MyDrive/Underwater Audio Data/processed/Vessels/Tugboat_3_chunk27.wav,Vessels,/content/drive/MyDrive/Underwater Audio Data/data/Vessels/Tugboat_3.wav,3.0
/content/drive/MyDrive/Underwater Audio Data/processed/Vessels/Tugboat_3_chunk28.wav,Vessels,/content/drive/MyDrive/Underwater Audio Data/data/Vessels/Tugboat_3.wav,3.0
/content/drive/MyDrive/Underwater Audio Data/processed/Vessels/Tugboat_3_chunk29.wav,Vessels,/content/drive/MyDrive/Underwater Audio Data/data/Vessels/Tugboat_3.wav,3.0
/content/drive/MyDrive/Underwater Audio Data/processed/Vessels/Tugboat_3_chunk30.wav,Vessels,/content/drive/MyDrive/Underwater Audio Data/data/Vessels/Tugboat_3.wav,3.0
/content/drive/MyDrive/Underwater Audio Data/processed/Vessels/Tugboat_3_chunk31.wav,Vessels,/content/drive/MyDrive/Underwater Audio Data/data/Vessels/Tugboat_3.wav,3.0
/content/drive/MyDrive/Underwater Audio Data/processed/Vessels/Tugboat_3_chunk32.wav,Vessels,/content/drive/MyDrive/Underwater Audio Data/data/Vessels/Tugboat_3.wav,3.0
/content/drive/MyDrive/Underwater Audio Data/processed/Vessels/Tugboat_3_chunk33.wav,Vessels,/content/drive/MyDrive/Underwater Audio Data/data/Vessels/Tugboat_3.wav,3.0
/content/drive/MyDrive/Underwater Audio Data/processed/Vessels/Tugboat_3_chunk34.wav,Vessels,/content/drive/MyDrive/Underwater Audio Data/data/Vessels/Tugboat_3.wav,3.0
/content/drive/MyDrive/Underwater Audio Data/processed/Vessels/Tugboat_3_chunk35.wav,Vessels,/content/drive/MyDrive/Underwater Audio Data/data/Vessels/Tugboat_3.wav,3.0
/content/drive/MyDrive/Underwater Audio Data/processed/Vessels/Tugboat_3_chunk36.wav,Vessels,/content/drive/MyDrive/Underwater Audio Data/data/Vessels/Tugboat_3.wav,3.0
/content/drive/MyDrive/Underwater Audio Data/processed/Vessels/Tugboat_3_chunk37.wav,Vessels,/content/drive/MyDrive/Underwater Audio Data/data/Vessels/Tugboat_3.wav,3.0
/content/drive/MyDrive/Underwater Audio Data/processed/Vessels/Tugboat_3_chunk38.wav,Vessels,/content/drive/MyDrive/Underwater Audio Data/data/Vessels/Tugboat_3.wav,3.0
/content/drive/MyDrive/Underwater Audio Data/processed/Vessels/Tugboat_3_chunk39.wav,Vessels,/content/drive/MyDrive/Underwater Audio Data/data/Vessels/Tugboat_3.wav,3.0
/content/drive/MyDrive/Underwater Audio Data/processed/Vessels/Tugboat_3_chunk40.wav,Vessels,/content/drive/MyDrive/Underwater Audio Data/data/Vessels/Tugboat_3.wav,3.0
/content/drive/MyDrive/Underwater Audio Data/processed/Vessels/Tugboat_3_chunk41.wav,Vessels,/content/drive/MyDrive/Underwater Audio Data/data/Vessels/Tugboat_3.wav,3.0
/content/drive/MyDrive/Underwater Audio Data/processed/Vessels/Tugboat_3_chunk42.wav,Vessels,/content/drive/MyDrive/Underwater Audio Data/data/Vessels/Tugboat_3.wav,3.0
/content/drive/MyDrive/Underwater Audio Data/processed/Vessels/Tugboat_3_chunk43.wav,Vessels,/content/drive/MyDrive/Underwater Audio Data/data/Vessels/Tugboat_3.wav,3.0
/content/drive/MyDrive/Underwater Audio Data/processed/Vessels/Tugboat_3_chunk44.wav,Vessels,/content/drive/MyDrive/Underwater Audio Data/data/Vessels/Tugboat_3.wav,3.0
/content/drive/MyDrive/Underwater Audio Data/processed/Vessels/Tugboat_3_chunk45.wav,Vessels,/content/drive/MyDrive/Underwater Audio Data/data/Vessels/Tugboat_3.wav,3.0
/content/drive/MyDrive/Underwater Audio Data/processed/Vessels/Tugboat_3_chunk46.wav,Vessels,/content/drive/MyDrive/Underwater Audio Data/data/Vessels/Tugboat_3.wav,3.0
/content/drive/MyDrive/Underwater Audio Data/processed/Vessels/Tugboat_3_chunk47.wav,Vessels,/content/drive/MyDrive/Underwater Audio Data/data/Vessels/Tugboat_3.wav,3.0
/content/drive/MyDrive/Underwater Audio Data/processed/Vessels/Tugboat_3_chunk48.wav,Vessels,/content/drive/MyDrive/Underwater Audio Data/data/Vessels/Tugboat_3.wav,3.0
/content/drive/MyDrive/Underwater Audio Data/processed/Vessels/Tugboat_3_chunk49.wav,Vessels,/content/drive/MyDrive/Underwater Audio Data/data/Vessels/Tugboat_3.wav,3.0
/content/drive/MyDrive/Underwater Audio Data/processed/Vessels/Tugboat_3_chunk50.wav,Vessels,/content/drive/MyDrive/Underwater Audio Data/data/Vessels/Tugboat_3.wav,3.0
/content/drive/MyDrive/Underwater Audio Data/processed/Vessels/Tugboat_3_chunk51.wav,Vessels,/content/drive/MyDrive/Underwater Audio Data/data/Vessels/Tugboat_3.wav,3.0
/content/drive/MyDrive/Underwater Audio Data/processed/Vessels/Tugboat_3_chunk52.wav,Vessels,/content/drive/MyDrive/Underwater Audio Data/data/Vessels/Tugboat_3.wav,3.0
/content/drive/MyDrive/Underwater Audio Data/processed/Vessels/Tugboat_3_chunk53.wav,Vessels,/content/drive/MyDrive/Underwater Audio Data/data/Vessels/Tugboat_3.wav,3.0
/content/drive/MyDrive/Underwater Audio Data/processed/Vessels/Tugboat_3_chunk54.wav,Vessels,/content/drive/MyDrive/Underwater Audio Data/data/Vessels/Tugboat_3.wav,3.0
/content/drive/MyDrive/Underwater Audio Data/processed/Vessels/Tugboat_3_chunk55.wav,Vessels,/content/drive/MyDrive/Underwater Audio Data/data/Vessels/Tugboat_3.wav,3.0
/content/drive/MyDrive/Underwater Audio Data/processed/Vessels/Tugboat_3_chunk56.wav,Vessels,/content/drive/MyDrive/Underwater Audio Data/data/Vessels/Tugboat_3.wav,3.0
/content/drive/MyDrive/Underwater Audio Data/processed/Vessels/Tugboat_3_chunk57.wav,Vessels,/content/drive/MyDrive/Underwater Audio Data/data/Vessels/Tugboat_3.wav,3.0
/content/drive/MyDrive/Underwater Audio Data/processed/Vessels/Tugboat_3_chunk58.wav,Vessels,/content/drive/MyDrive/Underwater Audio Data/data/Vessels/Tugboat_3.wav,3.0
/content/drive/MyDrive/Underwater Audio Data/processed/Vessels/Tugboat_3_chunk59.wav,Vessels,/content/drive/MyDrive/Underwater Audio Data/data/Vessels/Tugboat_3.wav,3.0
/content/drive/MyDrive/Underwater Audio Data/processed/Vessels/Tugboat_3_chunk60.wav,Vessels,/content/drive/MyDrive/Underwater Audio Data/data/Vessels/Tugboat_3.wav,3.0
/content/drive/MyDrive/Underwater Audio Data/processed/Vessels/Tugboat_3_chunk61.wav,Vessels,/content/drive/MyDrive/Underwater Audio Data/data/Vessels/Tugboat_3.wav,3.0
/content/drive/MyDrive/Underwater Audio Data/processed/Vessels/Tugboat_3_chunk62.wav,Vessels,/content/drive/MyDrive/Underwater Audio Data/data/Vessels/Tugboat_3.wav,3.0
/content/drive/MyDrive/Underwater Audio Data/processed/Vessels/Tugboat_3_chunk63.wav,Vessels,/content/drive/MyDrive/Underwater Audio Data/data/Vessels/Tugboat_3.wav,3.0
/content/drive/MyDrive/Underwater Audio Data/processed/Vessels/Tugboat_3_chunk64.wav,Vessels,/content/drive/MyDrive/Underwater Audio Data/data/Vessels/Tugboat_3.wav,3.0
/content/drive/MyDrive/Underwater Audio Data/processed/Vessels/Tugboat_3_chunk65.wav,Vessels,/content/drive/MyDrive/Underwater Audio Data/data/Vessels/Tugboat_3.wav,3.0
/content/drive/MyDrive/Underwater Audio Data/processed/Vessels/Tugboat_3_chunk66.wav,Vessels,/content/drive/MyDrive/Underwater Audio Data/data/Vessels/Tugboat_3.wav,3.0
/content/drive/MyDrive/Underwater Audio Data/processed/Vessels/Tugboat_3_chunk67.wav,Vessels,/content/drive/MyDrive/Underwater Audio Data/data/Vessels/Tugboat_3.wav,3.0
/content/drive/MyDrive/Underwater Audio Data/processed/Vessels/Tugboat_3_chunk68.wav,Vessels,/content/drive/MyDrive/Underwater Audio Data/data/Vessels/Tugboat_3.wav,3.0
/content/drive/MyDrive/Underwater Audio Data/processed/Vessels/Tugboat_3_chunk69.wav,Vessels,/content/drive/MyDrive/Underwater Audio Data/data/Vessels/Tugboat_3.wav,3.0
/content/drive/MyDrive/Underwater Audio Data/processed/Vessels/Tugboat_3_chunk70.wav,Vessels,/content/drive/MyDrive/Underwater Audio Data/data/Vessels/Tugboat_3.wav,3.0
/content/drive/MyDrive/Underwater Audio Data/processed/Vessels/Tugboat_3_chunk71.wav,Vessels,/content/drive/MyDrive/Underwater Audio Data/data/Vessels/Tugboat_3.wav,3.0
/content/drive/MyDrive/Underwater Audio Data/processed/Vessels/Tugboat_3_chunk72.wav,Vessels,/content/drive/MyDrive/Underwater Audio Data/data/Vessels/Tugboat_3.wav,3.0
/content/drive/MyDrive/Underwater Audio Data/processed/Vessels/Tugboat_3_chunk73.wav,Vessels,/content/drive/MyDrive/Underwater Audio Data/data/Vessels/Tugboat_3.wav,3.0
/content/drive/MyDrive/Underwater Audio Data/processed/Vessels/Tugboat_3_chunk74.wav,Vessels,/content/drive/MyDrive/Underwater Audio Data/data/Vessels/Tugboat_3.wav,3.0
/content/drive/MyDrive/Underwater Audio Data/processed/Vessels/Tugboat_3_chunk75.wav,Vessels,/content/drive/MyDrive/Underwater Audio Data/data/Vessels/Tugboat_3.wav,3.0
/content/drive/MyDrive/Underwater Audio Data/processed/Vessels/Tugboat_3_chunk76.wav,Vessels,/content/drive/MyDrive/Underwater Audio Data/data/Vessels/Tugboat_3.wav,3.0
/content/drive/MyDrive/Underwater Audio Data/processed/Vessels/Tugboat_3_chunk77.wav,Vessels,/content/drive/MyDrive/Underwater Audio Data/data/Vessels/Tugboat_3.wav,3.0
/content/drive/MyDrive/Underwater Audio Data/processed/Vessels/Tugboat_3_chunk78.wav,Vessels,/content/drive/MyDrive/Underwater Audio Data/data/Vessels/Tugboat_3.wav,3.0
/content/drive/MyDrive/Underwater Audio Data/processed/Vessels/Tugboat_3_chunk79.wav,Vessels,/content/drive/MyDrive/Underwater Audio Data/data/Vessels/Tugboat_3.wav,3.0
/content/drive/MyDrive/Underwater Audio Data/processed/Vessels/Tugboat_3_chunk80.wav,Vessels,/content/drive/MyDrive/Underwater Audio Data/data/Vessels/Tugboat_3.wav,3.0
/content/drive/MyDrive/Underwater Audio Data/processed/Vessels/Tugboat_3_chunk81.wav,Vessels,/content/drive/MyDrive/Underwater Audio Data/data/Vessels/Tugboat_3.wav,3.0
/content/drive/MyDrive/Underwater Audio Data/processed/Vessels/Tugboat_3_chunk82.wav,Vessels,/content/drive/MyDrive/Underwater Audio Data/data/Vessels/Tugboat_3.wav,3.0
/content/drive/MyDrive/Underwater Audio Data/processed/Vessels/Tugboat_3_chunk83.wav,Vessels,/content/drive/MyDrive/Underwater Audio Data/data/Vessels/Tugboat_3.wav,3.0
/content/drive/MyDrive/Underwater Audio Data/processed/Vessels/Tugboat_3_chunk84.wav,Vessels,/content/drive/MyDrive/Underwater Audio Data/data/Vessels/Tugboat_3.wav,3.0
/content/drive/MyDrive/Underwater Audio Data/processed/Vessels/Tugboat_3_chunk85.wav,Vessels,/content/drive/MyDrive/Underwater Audio Data/data/Vessels/Tugboat_3.wav,3.0
/content/drive/MyDrive/Underwater Audio Data/processed/Vessels/Tugboat_3_chunk86.wav,Vessels,/content/drive/MyDrive/Underwater Audio Data/data/Vessels/Tugboat_3.wav,3.0
/content/drive/MyDrive/Underwater Audio Data/processed/Vessels/Tugboat_3_chunk87.wav,Vessels,/content/drive/MyDrive/Underwater Audio Data/data/Vessels/Tugboat_3.wav,3.0
/content/drive/MyDrive/Underwater Audio Data/processed/Vessels/Tugboat_3_chunk88.wav,Vessels,/content/drive/MyDrive/Underwater Audio Data/data/Vessels/Tugboat_3.wav,3.0
/content/drive/MyDrive/Underwater Audio Data/processed/Vessels/Tugboat_3_chunk89.wav,Vessels,/content/drive/MyDrive/Underwater Audio Data/data/Vessels/Tugboat_3.wav,3.0
/content/drive/MyDrive/Underwater Audio Data/processed/Vessels/Tugboat_3_chunk90.wav,Vessels,/content/drive/MyDrive/Underwater Audio Data/data/Vessels/Tugboat_3.wav,3.0
/content/drive/MyDrive/Underwater Audio Data/processed/Vessels/Tugboat_3_chunk91.wav,Vessels,/content/drive/MyDrive/Underwater Audio Data/data/Vessels/Tugboat_3.wav,3.0
/content/drive/MyDrive/Underwater Audio Data/processed/Vessels/Tugboat_3_chunk92.wav,Vessels,/content/drive/MyDrive/Underwater Audio Data/data/Vessels/Tugboat_3.wav,3.0
/content/drive/MyDrive/Underwater Audio Data/processed/Vessels/Tugboat_3_chunk93.wav,Vessels,/content/drive/MyDrive/Underwater Audio Data/data/Vessels/Tugboat_3.wav,3.0
/content/drive/MyDrive/Underwater Audio Data/processed/Vessels/Tugboat_3_chunk94.wav,Vessels,/content/drive/MyDrive/Underwater Audio Data/data/Vessels/Tugboat_3.wav,3.0
/content/drive/MyDrive/Underwater Audio Data/processed/Vessels/Tugboat_3_chunk95.wav,Vessels,/content/drive/MyDrive/Underwater Audio Data/data/Vessels/Tugboat_3.wav,3.0
/content/drive/MyDrive/Underwater Audio Data/processed/Vessels/Tugboat_3_chunk96.wav,Vessels,/content/drive/MyDrive/Underwater Audio Data/data/Vessels/Tugboat_3.wav,3.0
/content/drive/MyDrive/Underwater Audio Data/processed/Vessels/Tugboat_3_chunk97.wav,Vessels,/content/drive/MyDrive/Underwater Audio Data/data/Vessels/Tugboat_3.wav,3.0
/content/drive/MyDrive/Underwater Audio Data/processed/Vessels/Tugboat_3_chunk98.wav,Vessels,/content/drive/MyDrive/Underwater Audio Data/data/Vessels/Tugboat_3.wav,3.0
/content/drive/MyDrive/Underwater Audio Data/processed/Vessels/Tugboat_3_chunk99.wav,Vessels,/content/drive/MyDrive/Underwater Audio Data/data/Vessels/Tugboat_3.wav,3.0
/content/drive/MyDrive/Underwater Audio Data/processed/Vessels/Tugboat_3_chunk100.wav,Vessels,/content/drive/MyDrive/Underwater Audio Data/data/Vessels/Tugboat_3.wav,3.0
/content/drive/MyDrive/Underwater Audio Data/processed/Vessels/Tugboat_3_chunk101.wav,Vessels,/content/drive/MyDrive/Underwater Audio Data/data/Vessels/Tugboat_3.wav,3.0
/content/drive/MyDrive/Underwater Audio Data/processed/Vessels/Tugboat_3_chunk102.wav,Vessels,/content/drive/MyDrive/Underwater Audio Data/data/Vessels/Tugboat_3.wav,3.0
/content/drive/MyDrive/Underwater Audio Data/processed/Vessels/Tugboat_3_chunk103.wav,Vessels,/content/drive/MyDrive/Underwater Audio Data/data/Vessels/Tugboat_3.wav,3.0
/content/drive/MyDrive/Underwater Audio Data/processed/Vessels/Tugboat_3_chunk104.wav,Vessels,/content/drive/MyDrive/Underwater Audio Data/data/Vessels/Tugboat_3.wav,3.0
/content/drive/MyDrive/Underwater Audio Data/processed/Vessels/Tugboat_3_chunk105.wav,Vessels,/content/drive/MyDrive/Underwater Audio Data/data/Vessels/Tugboat_3.wav,3.0
/content/drive/MyDrive/Underwater Audio Data/processed/Vessels/Tugboat_3_chunk106.wav,Vessels,/content/drive/MyDrive/Underwater Audio Data/data/Vessels/Tugboat_3.wav,3.0
/content/drive/MyDrive/Underwater Audio Data/processed/Vessels/Tugboat_3_chunk107.wav,Vessels,/content/drive/MyDrive/Underwater Audio Data/data/Vessels/Tugboat_3.wav,3.0
/content/drive/MyDrive/Underwater Audio Data/processed/Vessels/Tugboat_3_chunk108.wav,Vessels,/content/drive/MyDrive/Underwater Audio Data/data/Vessels/Tugboat_3.wav,3.0
/content/drive/MyDrive/Underwater Audio Data/processed/Vessels/Tugboat_3_chunk109.wav,Vessels,/content/drive/MyDrive/Underwater Audio Data/data/Vessels/Tugboat_3.wav,3.0
/content/drive/MyDrive/Underwater Audio Data/processed/Vessels/Tugboat_3_chunk110.wav,Vessels,/content/drive/MyDrive/Underwater Audio Data/data/Vessels/Tugboat_3.wav,3.0
/content/drive/MyDrive/Underwater Audio Data/processed/Vessels/Tugboat_3_chunk111.wav,Vessels,/content/drive/MyDrive/Underwater Audio Data/data/Vessels/Tugboat_3.wav,3.0
/content/drive/MyDrive/Underwater Audio Data/processed/Vessels/Tugboat_3_chunk112.wav,Vessels,/content/drive/MyDrive/Underwater Audio Data/data/Vessels/Tugboat_3.wav,3.0
/content/drive/MyDrive/Underwater Audio Data/processed/Vessels/Tugboat_3_chunk113.wav,Vessels,/content/drive/MyDrive/Underwater Audio Data/data/Vessels/Tugboat_3.wav,3.0
/content/drive/MyDrive/Underwater Audio Data/processed/Vessels/Tugboat_3_chunk114.wav,Vessels,/content/drive/MyDrive/Underwater Audio Data/data/Vessels/Tugboat_3.wav,3.0
/content/drive/MyDrive/Underwater Audio Data/processed/Vessels/Tugboat_3_chunk115.wav,Vessels,/content/drive/MyDrive/Underwater Audio Data/data/Vessels/Tugboat_3.wav,3.0
/content/drive/MyDrive/Underwater Audio Data/processed/Vessels/Tugboat_3_chunk116.wav,Vessels,/content/drive/MyDrive/Underwater Audio Data/data/Vessels/Tugboat_3.wav,3.0
/content/drive/MyDrive/Underwater Audio Data/processed/Vessels/Tugboat_3_chunk117.wav,Vessels,/content/drive/MyDrive/Underwater Audio Data/data/Vessels/Tugboat_3.wav,3.0
/content/drive/MyDrive/Underwater Audio Data/processed/Vessels/Tugboat_3_chunk118.wav,Vessels,/content/drive/MyDrive/Underwater Audio Data/data/Vessels/Tugboat_3.wav,3.0
/content/drive/MyDrive/Underwater Audio Data/processed/Vessels/Tugboat_3_chunk119.wav,Vessels,/content/drive/MyDrive/Underwater Audio Data/data/Vessels/Tugboat_3.wav,3.0
/content/drive/MyDrive/Underwater Audio Data/processed/Vessels/Tugboat_3_chunk120.wav,Vessels,/content/drive/MyDrive/Underwater Audio Data/data/Vessels/Tugboat_3.wav,3.0
/content/drive/MyDrive/Underwater Audio Data/processed/Vessels/Tugboat_3_chunk121.wav,Vessels,/content/drive/MyDrive/Underwater Audio Data/data/Vessels/Tugboat_3.wav,3.0
/content/drive/MyDrive/Underwater Audio Data/processed/Vessels/Tugboat_3_chunk122.wav,Vessels,/content/drive/MyDrive/Underwater Audio Data/data/Vessels/Tugboat_3.wav,3.0
/content/drive/MyDrive/Underwater Audio Data/processed/Vessels/Tugboat_3_chunk123.wav,Vessels,/content/drive/MyDrive/Underwater Audio Data/data/Vessels/Tugboat_3.wav,3.0
/content/drive/MyDrive/Underwater Audio Data/processed/Vessels/Tugboat_3_chunk124.wav,Vessels,/content/drive/MyDrive/Underwater Audio Data/data/Vessels/Tugboat_3.wav,3.0
/content/drive/MyDrive/Underwater Audio Data/processed/Vessels/Tugboat_3_chunk125.wav,Vessels,/content/drive/MyDrive/Underwater Audio Data/data/Vessels/Tugboat_3.wav,3.0
/content/drive/MyDrive/Underwater Audio Data/processed/Vessels/Tugboat_2_chunk0.wav,Vessels,/content/drive/MyDrive/Underwater Audio Data/data/Vessels/Tugboat_2.wav,3.0
/content/drive/MyDrive/Underwater Audio Data/processed/Vessels/Tugboat_2_chunk1.wav,Vessels,/content/drive/MyDrive/Underwater Audio Data/data/Vessels/Tugboat_2.wav,3.0
/content/drive/MyDrive/Underwater Audio Data/processed/Vessels/Tugboat_2_chunk2.wav,Vessels,/content/drive/MyDrive/Underwater Audio Data/data/Vessels/Tugboat_2.wav,3.0
/content/drive/MyDrive/Underwater Audio Data/processed/Vessels/Tugboat_2_chunk3.wav,Vessels,/content/drive/MyDrive/Underwater Audio Data/data/Vessels/Tugboat_2.wav,3.0
/content/drive/MyDrive/Underwater Audio Data/processed/Vessels/Tugboat_2_chunk4.wav,Vessels,/content/drive/MyDrive/Underwater Audio Data/data/Vessels/Tugboat_2.wav,3.0
/content/drive/MyDrive/Underwater Audio Data/processed/Vessels/Tugboat_2_chunk5.wav,Vessels,/content/drive/MyDrive/Underwater Audio Data/data/Vessels/Tugboat_2.wav,3.0
/content/drive/MyDrive/Underwater Audio Data/processed/Vessels/Tugboat_2_chunk6.wav,Vessels,/content/drive/MyDrive/Underwater Audio Data/data/Vessels/Tugboat_2.wav,3.0
/content/drive/MyDrive/Underwater Audio Data/processed/Vessels/Tugboat_2_chunk7.wav,Vessels,/content/drive/MyDrive/Underwater Audio Data/data/Vessels/Tugboat_2.wav,3.0
/content/drive/MyDrive/Underwater Audio Data/processed/Vessels/Tugboat_2_chunk8.wav,Vessels,/content/drive/MyDrive/Underwater Audio Data/data/Vessels/Tugboat_2.wav,3.0
/content/drive/MyDrive/Underwater Audio Data/processed/Vessels/Tugboat_2_chunk9.wav,Vessels,/content/drive/MyDrive/Underwater Audio Data/data/Vessels/Tugboat_2.wav,3.0
/content/drive/MyDrive/Underwater Audio Data/processed/Vessels/Tugboat_2_chunk10.wav,Vessels,/content/drive/MyDrive/Underwater Audio Data/data/Vessels/Tugboat_2.wav,3.0
/content/drive/MyDrive/Underwater Audio Data/processed/Vessels/Tugboat_2_chunk11.wav,Vessels,/content/drive/MyDrive/Underwater Audio Data/data/Vessels/Tugboat_2.wav,3.0
/content/drive/MyDrive/Underwater Audio Data/processed/Vessels/Tugboat_2_chunk12.wav,Vessels,/content/drive/MyDrive/Underwater Audio Data/data/Vessels/Tugboat_2.wav,3.0
/content/drive/MyDrive/Underwater Audio Data/processed/Vessels/Tugboat_2_chunk13.wav,Vessels,/content/drive/MyDrive/Underwater Audio Data/data/Vessels/Tugboat_2.wav,3.0
/content/drive/MyDrive/Underwater Audio Data/processed/Vessels/Tugboat_2_chunk14.wav,Vessels,/content/drive/MyDrive/Underwater Audio Data/data/Vessels/Tugboat_2.wav,3.0
/content/drive/MyDrive/Underwater Audio Data/processed/Vessels/Tugboat_2_chunk15.wav,Vessels,/content/drive/MyDrive/Underwater Audio Data/data/Vessels/Tugboat_2.wav,3.0
/content/drive/MyDrive/Underwater Audio Data/processed/Vessels/Tugboat_2_chunk16.wav,Vessels,/content/drive/MyDrive/Underwater Audio Data/data/Vessels/Tugboat_2.wav,3.0
/content/drive/MyDrive/Underwater Audio Data/processed/Vessels/Tugboat_2_chunk17.wav,Vessels,/content/drive/MyDrive/Underwater Audio Data/data/Vessels/Tugboat_2.wav,3.0
/content/drive/MyDrive/Underwater Audio Data/processed/Vessels/Tugboat_2_chunk18.wav,Vessels,/content/drive/MyDrive/Underwater Audio Data/data/Vessels/Tugboat_2.wav,3.0
/content/drive/MyDrive/Underwater Audio Data/processed/Vessels/Tugboat_2_chunk19.wav,Vessels,/content/drive/MyDrive/Underwater Audio Data/data/Vessels/Tugboat_2.wav,3.0
/content/drive/MyDrive/Underwater Audio Data/processed/Vessels/Tugboat_2_chunk20.wav,Vessels,/content/drive/MyDrive/Underwater Audio Data/data/Vessels/Tugboat_2.wav,3.0
/content/drive/MyDrive/Underwater Audio Data/processed/Vessels/Tugboat_2_chunk21.wav,Vessels,/content/drive/MyDrive/Underwater Audio Data/data/Vessels/Tugboat_2.wav,3.0
/content/drive/MyDrive/Underwater Audio Data/processed/Vessels/Tugboat_2_chunk22.wav,Vessels,/content/drive/MyDrive/Underwater Audio Data/data/Vessels/Tugboat_2.wav,3.0
/content/drive/MyDrive/Underwater Audio Data/processed/Vessels/Tugboat_2_chunk23.wav,Vessels,/content/drive/MyDrive/Underwater Audio Data/data/Vessels/Tugboat_2.wav,3.0
/content/drive/MyDrive/Underwater Audio Data/processed/Vessels/Tugboat_2_chunk24.wav,Vessels,/content/drive/MyDrive/Underwater Audio Data/data/Vessels/Tugboat_2.wav,3.0
/content/drive/MyDrive/Underwater Audio Data/processed/Vessels/Tugboat_2_chunk25.wav,Vessels,/content/drive/MyDrive/Underwater Audio Data/data/Vessels/Tugboat_2.wav,3.0
/content/drive/MyDrive/Underwater Audio Data/processed/Vessels/Tugboat_2_chunk26.wav,Vessels,/content/drive/MyDrive/Underwater Audio Data/data/Vessels/Tugboat_2.wav,3.0
/content/drive/MyDrive/Underwater Audio Data/processed/Vessels/Tugboat_2_chunk27.wav,Vessels,/content/drive/MyDrive/Underwater Audio Data/data/Vessels/Tugboat_2.wav,3.0
/content/drive/MyDrive/Underwater Audio Data/processed/Vessels/Tugboat_2_chunk28.wav,Vessels,/content/drive/MyDrive/Underwater Audio Data/data/Vessels/Tugboat_2.wav,3.0
/content/drive/MyDrive/Underwater Audio Data/processed/Vessels/Tugboat_2_chunk29.wav,Vessels,/content/drive/MyDrive/Underwater Audio Data/data/Vessels/Tugboat_2.wav,3.0
/content/drive/MyDrive/Underwater Audio Data/processed/Vessels/Tugboat_2_chunk30.wav,Vessels,/content/drive/MyDrive/Underwater Audio Data/data/Vessels/Tugboat_2.wav,3.0
/content/drive/MyDrive/Underwater Audio Data/processed/Vessels/Tugboat_2_chunk31.wav,Vessels,/content/drive/MyDrive/Underwater Audio Data/data/Vessels/Tugboat_2.wav,3.0
/content/drive/MyDrive/Underwater Audio Data/processed/Vessels/Tugboat_2_chunk32.wav,Vessels,/content/drive/MyDrive/Underwater Audio Data/data/Vessels/Tugboat_2.wav,3.0
/content/drive/MyDrive/Underwater Audio Data/processed/Vessels/Tugboat_2_chunk33.wav,Vessels,/content/drive/MyDrive/Underwater Audio Data/data/Vessels/Tugboat_2.wav,3.0
/content/drive/MyDrive/Underwater Audio Data/processed/Vessels/Tugboat_2_chunk34.wav,Vessels,/content/drive/MyDrive/Underwater Audio Data/data/Vessels/Tugboat_2.wav,3.0
/content/drive/MyDrive/Underwater Audio Data/processed/Vessels/Tugboat_2_chunk35.wav,Vessels,/content/drive/MyDrive/Underwater Audio Data/data/Vessels/Tugboat_2.wav,3.0
/content/drive/MyDrive/Underwater Audio Data/processed/Vessels/Tugboat_2_chunk36.wav,Vessels,/content/drive/MyDrive/Underwater Audio Data/data/Vessels/Tugboat_2.wav,3.0
/content/drive/MyDrive/Underwater Audio Data/processed/Vessels/Tugboat_2_chunk37.wav,Vessels,/content/drive/MyDrive/Underwater Audio Data/data/Vessels/Tugboat_2.wav,3.0
/content/drive/MyDrive/Underwater Audio Data/processed/Vessels/Tugboat_2_chunk38.wav,Vessels,/content/drive/MyDrive/Underwater Audio Data/data/Vessels/Tugboat_2.wav,3.0
/content/drive/MyDrive/Underwater Audio Data/processed/Vessels/Tugboat_2_chunk39.wav,Vessels,/content/drive/MyDrive/Underwater Audio Data/data/Vessels/Tugboat_2.wav,3.0
/content/drive/MyDrive/Underwater Audio Data/processed/Vessels/Tugboat_2_chunk40.wav,Vessels,/content/drive/MyDrive/Underwater Audio Data/data/Vessels/Tugboat_2.wav,3.0
/content/drive/MyDrive/Underwater Audio Data/processed/Vessels/Tugboat_2_chunk41.wav,Vessels,/content/drive/MyDrive/Underwater Audio Data/data/Vessels/Tugboat_2.wav,3.0
/content/drive/MyDrive/Underwater Audio Data/processed/Vessels/Tugboat_2_chunk42.wav,Vessels,/content/drive/MyDrive/Underwater Audio Data/data/Vessels/Tugboat_2.wav,3.0
/content/drive/MyDrive/Underwater Audio Data/processed/Vessels/Tugboat_2_chunk43.wav,Vessels,/content/drive/MyDrive/Underwater Audio Data/data/Vessels/Tugboat_2.wav,3.0
/content/drive/MyDrive/Underwater Audio Data/processed/Vessels/Tugboat_2_chunk44.wav,Vessels,/content/drive/MyDrive/Underwater Audio Data/data/Vessels/Tugboat_2.wav,3.0
/content/drive/MyDrive/Underwater Audio Data/processed/Vessels/Tugboat_2_chunk45.wav,Vessels,/content/drive/MyDrive/Underwater Audio Data/data/Vessels/Tugboat_2.wav,3.0
/content/drive/MyDrive/Underwater Audio Data/processed/Vessels/Tugboat_2_chunk46.wav,Vessels,/content/drive/MyDrive/Underwater Audio Data/data/Vessels/Tugboat_2.wav,3.0
/content/drive/MyDrive/Underwater Audio Data/processed/Vessels/Tugboat_2_chunk47.wav,Vessels,/content/drive/MyDrive/Underwater Audio Data/data/Vessels/Tugboat_2.wav,3.0
/content/drive/MyDrive/Underwater Audio Data/processed/Vessels/Tugboat_2_chunk48.wav,Vessels,/content/drive/MyDrive/Underwater Audio Data/data/Vessels/Tugboat_2.wav,3.0
/content/drive/MyDrive/Underwater Audio Data/processed/Vessels/Tugboat_2_chunk49.wav,Vessels,/content/drive/MyDrive/Underwater Audio Data/data/Vessels/Tugboat_2.wav,3.0
/content/drive/MyDrive/Underwater Audio Data/processed/Vessels/Tugboat_2_chunk50.wav,Vessels,/content/drive/MyDrive/Underwater Audio Data/data/Vessels/Tugboat_2.wav,3.0
/content/drive/MyDrive/Underwater Audio Data/processed/Vessels/Tugboat_2_chunk51.wav,Vessels,/content/drive/MyDrive/Underwater Audio Data/data/Vessels/Tugboat_2.wav,3.0
/content/drive/MyDrive/Underwater Audio Data/processed/Vessels/Tugboat_2_chunk52.wav,Vessels,/content/drive/MyDrive/Underwater Audio Data/data/Vessels/Tugboat_2.wav,3.0
/content/drive/MyDrive/Underwater Audio Data/processed/Vessels/Tugboat_2_chunk53.wav,Vessels,/content/drive/MyDrive/Underwater Audio Data/data/Vessels/Tugboat_2.wav,3.0
/content/drive/MyDrive/Underwater Audio Data/processed/Vessels/Tugboat_2_chunk54.wav,Vessels,/content/drive/MyDrive/Underwater Audio Data/data/Vessels/Tugboat_2.wav,3.0
/content/drive/MyDrive/Underwater Audio Data/processed/Vessels/Tugboat_2_chunk55.wav,Vessels,/content/drive/MyDrive/Underwater Audio Data/data/Vessels/Tugboat_2.wav,3.0
/content/drive/MyDrive/Underwater Audio Data/processed/Vessels/Tugboat_2_chunk56.wav,Vessels,/content/drive/MyDrive/Underwater Audio Data/data/Vessels/Tugboat_2.wav,3.0
/content/drive/MyDrive/Underwater Audio Data/processed/Vessels/Tugboat_2_chunk57.wav,Vessels,/content/drive/MyDrive/Underwater Audio Data/data/Vessels/Tugboat_2.wav,3.0
/content/drive/MyDrive/Underwater Audio Data/processed/Vessels/Tugboat_2_chunk58.wav,Vessels,/content/drive/MyDrive/Underwater Audio Data/data/Vessels/Tugboat_2.wav,3.0
/content/drive/MyDrive/Underwater Audio Data/processed/Vessels/Tugboat_2_chunk59.wav,Vessels,/content/drive/MyDrive/Underwater Audio Data/data/Vessels/Tugboat_2.wav,3.0
/content/drive/MyDrive/Underwater Audio Data/processed/Vessels/Tugboat_2_chunk60.wav,Vessels,/content/drive/MyDrive/Underwater Audio Data/data/Vessels/Tugboat_2.wav,3.0
/content/drive/MyDrive/Underwater Audio Data/processed/Vessels/Tugboat_2_chunk61.wav,Vessels,/content/drive/MyDrive/Underwater Audio Data/data/Vessels/Tugboat_2.wav,3.0
/content/drive/MyDrive/Underwater Audio Data/processed/Vessels/Tugboat_2_chunk62.wav,Vessels,/content/drive/MyDrive/Underwater Audio Data/data/Vessels/Tugboat_2.wav,3.0
/content/drive/MyDrive/Underwater Audio Data/processed/Vessels/Tugboat_2_chunk63.wav,Vessels,/content/drive/MyDrive/Underwater Audio Data/data/Vessels/Tugboat_2.wav,3.0
/content/drive/MyDrive/Underwater Audio Data/processed/Vessels/Tugboat_2_chunk64.wav,Vessels,/content/drive/MyDrive/Underwater Audio Data/data/Vessels/Tugboat_2.wav,3.0
/content/drive/MyDrive/Underwater Audio Data/processed/Vessels/Tugboat_2_chunk65.wav,Vessels,/content/drive/MyDrive/Underwater Audio Data/data/Vessels/Tugboat_2.wav,3.0
/content/drive/MyDrive/Underwater Audio Data/processed/Vessels/Tugboat_2_chunk66.wav,Vessels,/content/drive/MyDrive/Underwater Audio Data/data/Vessels/Tugboat_2.wav,3.0
/content/drive/MyDrive/Underwater Audio Data/processed/Vessels/Tugboat_2_chunk67.wav,Vessels,/content/drive/MyDrive/Underwater Audio Data/data/Vessels/Tugboat_2.wav,3.0
/content/drive/MyDrive/Underwater Audio Data/processed/Vessels/Tugboat_2_chunk68.wav,Vessels,/content/drive/MyDrive/Underwater Audio Data/data/Vessels/Tugboat_2.wav,3.0
/content/drive/MyDrive/Underwater Audio Data/processed/Vessels/Tugboat_2_chunk69.wav,Vessels,/content/drive/MyDrive/Underwater Audio Data/data/Vessels/Tugboat_2.wav,3.0
/content/drive/MyDrive/Underwater Audio Data/processed/Vessels/Tugboat_2_chunk70.wav,Vessels,/content/drive/MyDrive/Underwater Audio Data/data/Vessels/Tugboat_2.wav,3.0
/content/drive/MyDrive/Underwater Audio Data/processed/Vessels/Tugboat_2_chunk71.wav,Vessels,/content/drive/MyDrive/Underwater Audio Data/data/Vessels/Tugboat_2.wav,3.0
/content/drive/MyDrive/Underwater Audio Data/processed/Vessels/Tugboat_2_chunk72.wav,Vessels,/content/drive/MyDrive/Underwater Audio Data/data/Vessels/Tugboat_2.wav,3.0
/content/drive/MyDrive/Underwater Audio Data/processed/Vessels/Tugboat_2_chunk73.wav,Vessels,/content/drive/MyDrive/Underwater Audio Data/data/Vessels/Tugboat_2.wav,3.0
/content/drive/MyDrive/Underwater Audio Data/processed/Vessels/Tugboat_2_chunk74.wav,Vessels,/content/drive/MyDrive/Underwater Audio Data/data/Vessels/Tugboat_2.wav,3.0
/content/drive/MyDrive/Underwater Audio Data/processed/Vessels/Tugboat_2_chunk75.wav,Vessels,/content/drive/MyDrive/Underwater Audio Data/data/Vessels/Tugboat_2.wav,3.0
/content/drive/MyDrive/Underwater Audio Data/processed/Vessels/Tugboat_2_chunk76.wav,Vessels,/content/drive/MyDrive/Underwater Audio Data/data/Vessels/Tugboat_2.wav,3.0
/content/drive/MyDrive/Underwater Audio Data/processed/Vessels/Tugboat_2_chunk77.wav,Vessels,/content/drive/MyDrive/Underwater Audio Data/data/Vessels/Tugboat_2.wav,3.0
/content/drive/MyDrive/Underwater Audio Data/processed/Vessels/Tugboat_2_chunk78.wav,Vessels,/content/drive/MyDrive/Underwater Audio Data/data/Vessels/Tugboat_2.wav,3.0
/content/drive/MyDrive/Underwater Audio Data/processed/Vessels/Tugboat_2_chunk79.wav,Vessels,/content/drive/MyDrive/Underwater Audio Data/data/Vessels/Tugboat_2.wav,3.0
/content/drive/MyDrive/Underwater Audio Data/processed/Vessels/Tugboat_2_chunk80.wav,Vessels,/content/drive/MyDrive/Underwater Audio Data/data/Vessels/Tugboat_2.wav,3.0
/content/drive/MyDrive/Underwater Audio Data/processed/Vessels/Tugboat_2_chunk81.wav,Vessels,/content/drive/MyDrive/Underwater Audio Data/data/Vessels/Tugboat_2.wav,3.0
/content/drive/MyDrive/Underwater Audio Data/processed/Vessels/Tugboat_2_chunk82.wav,Vessels,/content/drive/MyDrive/Underwater Audio Data/data/Vessels/Tugboat_2.wav,3.0
/content/drive/MyDrive/Underwater Audio Data/processed/Vessels/Tugboat_2_chunk83.wav,Vessels,/content/drive/MyDrive/Underwater Audio Data/data/Vessels/Tugboat_2.wav,3.0
/content/drive/MyDrive/Underwater Audio Data/processed/Vessels/Tugboat_2_chunk84.wav,Vessels,/content/drive/MyDrive/Underwater Audio Data/data/Vessels/Tugboat_2.wav,3.0
/content/drive/MyDrive/Underwater Audio Data/processed/Vessels/Tugboat_2_chunk85.wav,Vessels,/content/drive/MyDrive/Underwater Audio Data/data/Vessels/Tugboat_2.wav,3.0
/content/drive/MyDrive/Underwater Audio Data/processed/Vessels/Tugboat_2_chunk86.wav,Vessels,/content/drive/MyDrive/Underwater Audio Data/data/Vessels/Tugboat_2.wav,3.0
/content/drive/MyDrive/Underwater Audio Data/processed/Vessels/Tugboat_2_chunk87.wav,Vessels,/content/drive/MyDrive/Underwater Audio Data/data/Vessels/Tugboat_2.wav,3.0
/content/drive/MyDrive/Underwater Audio Data/processed/Vessels/Tugboat_2_chunk88.wav,Vessels,/content/drive/MyDrive/Underwater Audio Data/data/Vessels/Tugboat_2.wav,3.0
/content/drive/MyDrive/Underwater Audio Data/processed/Vessels/Tugboat_2_chunk89.wav,Vessels,/content/drive/MyDrive/Underwater Audio Data/data/Vessels/Tugboat_2.wav,3.0
/content/drive/MyDrive/Underwater Audio Data/processed/Vessels/Tugboat_2_chunk90.wav,Vessels,/content/drive/MyDrive/Underwater Audio Data/data/Vessels/Tugboat_2.wav,3.0
/content/drive/MyDrive/Underwater Audio Data/processed/Vessels/Tugboat_2_chunk91.wav,Vessels,/content/drive/MyDrive/Underwater Audio Data/data/Vessels/Tugboat_2.wav,3.0
/content/drive/MyDrive/Underwater Audio Data/processed/Vessels/Tugboat_2_chunk92.wav,Vessels,/content/drive/MyDrive/Underwater Audio Data/data/Vessels/Tugboat_2.wav,3.0
/content/drive/MyDrive/Underwater Audio Data/processed/Vessels/Tugboat_2_chunk93.wav,Vessels,/content/drive/MyDrive/Underwater Audio Data/data/Vessels/Tugboat_2.wav,3.0
/content/drive/MyDrive/Underwater Audio Data/processed/Vessels/Tugboat_2_chunk94.wav,Vessels,/content/drive/MyDrive/Underwater Audio Data/data/Vessels/Tugboat_2.wav,3.0
/content/drive/MyDrive/Underwater Audio Data/processed/Vessels/Tugboat_2_chunk95.wav,Vessels,/content/drive/MyDrive/Underwater Audio Data/data/Vessels/Tugboat_2.wav,3.0
/content/drive/MyDrive/Underwater Audio Data/processed/Vessels/Tugboat_2_chunk96.wav,Vessels,/content/drive/MyDrive/Underwater Audio Data/data/Vessels/Tugboat_2.wav,3.0
/content/drive/MyDrive/Underwater Audio Data/processed/Vessels/Tugboat_2_chunk97.wav,Vessels,/content/drive/MyDrive/Underwater Audio Data/data/Vessels/Tugboat_2.wav,3.0
/content/drive/MyDrive/Underwater Audio Data/processed/Vessels/Tugboat_2_chunk98.wav,Vessels,/content/drive/MyDrive/Underwater Audio Data/data/Vessels/Tugboat_2.wav,3.0
/content/drive/MyDrive/Underwater Audio Data/processed/Vessels/Tugboat_2_chunk99.wav,Vessels,/content/drive/MyDrive/Underwater Audio Data/data/Vessels/Tugboat_2.wav,3.0
/content/drive/MyDrive/Underwater Audio Data/processed/Vessels/Tugboat_2_chunk100.wav,Vessels,/content/drive/MyDrive/Underwater Audio Data/data/Vessels/Tugboat_2.wav,3.0
/content/drive/MyDrive/Underwater Audio Data/processed/Vessels/Tugboat_2_chunk101.wav,Vessels,/content/drive/MyDrive/Underwater Audio Data/data/Vessels/Tugboat_2.wav,3.0
/content/drive/MyDrive/Underwater Audio Data/processed/Vessels/Tugboat_2_chunk102.wav,Vessels,/content/drive/MyDrive/Underwater Audio Data/data/Vessels/Tugboat_2.wav,3.0
/content/drive/MyDrive/Underwater Audio Data/processed/Vessels/Tugboat_2_chunk103.wav,Vessels,/content/drive/MyDrive/Underwater Audio Data/data/Vessels/Tugboat_2.wav,3.0
/content/drive/MyDrive/Underwater Audio Data/processed/Vessels/Tugboat_2_chunk104.wav,Vessels,/content/drive/MyDrive/Underwater Audio Data/data/Vessels/Tugboat_2.wav,3.0
/content/drive/MyDrive/Underwater Audio Data/processed/Vessels/Tugboat_2_chunk105.wav,Vessels,/content/drive/MyDrive/Underwater Audio Data/data/Vessels/Tugboat_2.wav,3.0
/content/drive/MyDrive/Underwater Audio Data/processed/Vessels/Tugboat_2_chunk106.wav,Vessels,/content/drive/MyDrive/Underwater Audio Data/data/Vessels/Tugboat_2.wav,3.0
/content/drive/MyDrive/Underwater Audio Data/processed/Vessels/Tugboat_2_chunk107.wav,Vessels,/content/drive/MyDrive/Underwater Audio Data/data/Vessels/Tugboat_2.wav,3.0
/content/drive/MyDrive/Underwater Audio Data/processed/Vessels/Tugboat_2_chunk108.wav,Vessels,/content/drive/MyDrive/Underwater Audio Data/data/Vessels/Tugboat_2.wav,3.0
/content/drive/MyDrive/Underwater Audio Data/processed/Vessels/Tugboat_2_chunk109.wav,Vessels,/content/drive/MyDrive/Underwater Audio Data/data/Vessels/Tugboat_2.wav,3.0
/content/drive/MyDrive/Underwater Audio Data/processed/Vessels/Tugboat_2_chunk110.wav,Vessels,/content/drive/MyDrive/Underwater Audio Data/data/Vessels/Tugboat_2.wav,3.0
/content/drive/MyDrive/Underwater Audio Data/processed/Vessels/Tugboat_2_chunk111.wav,Vessels,/content/drive/MyDrive/Underwater Audio Data/data/Vessels/Tugboat_2.wav,3.0
/content/drive/MyDrive/Underwater Audio Data/processed/Vessels/Tugboat_2_chunk112.wav,Vessels,/content/drive/MyDrive/Underwater Audio Data/data/Vessels/Tugboat_2.wav,3.0
/content/drive/MyDrive/Underwater Audio Data/processed/Vessels/Tugboat_2_chunk113.wav,Vessels,/content/drive/MyDrive/Underwater Audio Data/data/Vessels/Tugboat_2.wav,3.0
/content/drive/MyDrive/Underwater Audio Data/processed/Vessels/Tugboat_2_chunk114.wav,Vessels,/content/drive/MyDrive/Underwater Audio Data/data/Vessels/Tugboat_2.wav,3.0
/content/drive/MyDrive/Underwater Audio Data/processed/Vessels/Tugboat_2_chunk115.wav,Vessels,/content/drive/MyDrive/Underwater Audio Data/data/Vessels/Tugboat_2.wav,3.0
/content/drive/MyDrive/Underwater Audio Data/processed/Vessels/Tugboat_2_chunk116.wav,Vessels,/content/drive/MyDrive/Underwater Audio Data/data/Vessels/Tugboat_2.wav,3.0
/content/drive/MyDrive/Underwater Audio Data/processed/Vessels/Tugboat_2_chunk117.wav,Vessels,/content/drive/MyDrive/Underwater Audio Data/data/Vessels/Tugboat_2.wav,3.0
/content/drive/MyDrive/Underwater Audio Data/processed/Vessels/Tugboat_2_chunk118.wav,Vessels,/content/drive/MyDrive/Underwater Audio Data/data/Vessels/Tugboat_2.wav,3.0
/content/drive/MyDrive/Underwater Audio Data/processed/Vessels/Tugboat_2_chunk119.wav,Vessels,/content/drive/MyDrive/Underwater Audio Data/data/Vessels/Tugboat_2.wav,3.0
/content/drive/MyDrive/Underwater Audio Data/processed/Vessels/Tugboat_2_chunk120.wav,Vessels,/content/drive/MyDrive/Underwater Audio Data/data/Vessels/Tugboat_2.wav,3.0
/content/drive/MyDrive/Underwater Audio Data/processed/Vessels/Tugboat_2_chunk121.wav,Vessels,/content/drive/MyDrive/Underwater Audio Data/data/Vessels/Tugboat_2.wav,3.0
/content/drive/MyDrive/Underwater Audio Data/processed/Vessels/Tugboat_2_chunk122.wav,Vessels,/content/drive/MyDrive/Underwater Audio Data/data/Vessels/Tugboat_2.wav,3.0
/content/drive/MyDrive/Underwater Audio Data/processed/Vessels/Tugboat_2_chunk123.wav,Vessels,/content/drive/MyDrive/Underwater Audio Data/data/Vessels/Tugboat_2.wav,3.0
/content/drive/MyDrive/Underwater Audio Data/processed/Vessels/Tugboat_2_chunk124.wav,Vessels,/content/drive/MyDrive/Underwater Audio Data/data/Vessels/Tugboat_2.wav,3.0
/content/drive/MyDrive/Underwater Audio Data/processed/Vessels/Tugboat_2_chunk125.wav,Vessels,/content/drive/MyDrive/Underwater Audio Data/data/Vessels/Tugboat_2.wav,3.0
/content/drive/MyDrive/Underwater Audio Data/processed/Vessels/Tugboat_2_chunk126.wav,Vessels,/content/drive/MyDrive/Underwater Audio Data/data/Vessels/Tugboat_2.wav,3.0
/content/drive/MyDrive/Underwater Audio Data/processed/Vessels/Tugboat_2_chunk127.wav,Vessels,/content/drive/MyDrive/Underwater Audio Data/data/Vessels/Tugboat_2.wav,3.0
/content/drive/MyDrive/Underwater Audio Data/processed/Vessels/Tugboat_2_chunk128.wav,Vessels,/content/drive/MyDrive/Underwater Audio Data/data/Vessels/Tugboat_2.wav,3.0
/content/drive/MyDrive/Underwater Audio Data/processed/Vessels/Tugboat_2_chunk129.wav,Vessels,/content/drive/MyDrive/Underwater Audio Data/data/Vessels/Tugboat_2.wav,3.0
/content/drive/MyDrive/Underwater Audio Data/processed/Vessels/Tugboat_2_chunk130.wav,Vessels,/content/drive/MyDrive/Underwater Audio Data/data/Vessels/Tugboat_2.wav,3.0
/content/drive/MyDrive/Underwater Audio Data/processed/Vessels/Tugboat_2_chunk131.wav,Vessels,/content/drive/MyDrive/Underwater Audio Data/data/Vessels/Tugboat_2.wav,3.0
/content/drive/MyDrive/Underwater Audio Data/processed/Vessels/Tugboat_2_chunk132.wav,Vessels,/content/drive/MyDrive/Underwater Audio Data/data/Vessels/Tugboat_2.wav,3.0
/content/drive/MyDrive/Underwater Audio Data/processed/Vessels/Tugboat_2_chunk133.wav,Vessels,/content/drive/MyDrive/Underwater Audio Data/data/Vessels/Tugboat_2.wav,3.0
/content/drive/MyDrive/Underwater Audio Data/processed/Vessels/Tugboat_2_chunk134.wav,Vessels,/content/drive/MyDrive/Underwater Audio Data/data/Vessels/Tugboat_2.wav,3.0
/content/drive/MyDrive/Underwater Audio Data/processed/Vessels/Sail Boat_01.09.23_133744_20secCPA_chunk0.wav,Vessels,/content/drive/MyDrive/Underwater Audio Data/data/Vessels/Sail Boat_01.09.23_133744_20secCPA.wav,3.0
/content/drive/MyDrive/Underwater Audio Data/processed/Vessels/Sail Boat_01.09.23_133744_20secCPA_chunk1.wav,Vessels,/content/drive/MyDrive/Underwater Audio Data/data/Vessels/Sail Boat_01.09.23_133744_20secCPA.wav,3.0
/content/drive/MyDrive/Underwater Audio Data/processed/Vessels/Sail Boat_01.09.23_133744_20secCPA_chunk2.wav,Vessels,/content/drive/MyDrive/Underwater Audio Data/data/Vessels/Sail Boat_01.09.23_133744_20secCPA.wav,3.0
/content/drive/MyDrive/Underwater Audio Data/processed/Vessels/Sail Boat_01.09.23_133744_20secCPA_chunk3.wav,Vessels,/content/drive/MyDrive/Underwater Audio Data/data/Vessels/Sail Boat_01.09.23_133744_20secCPA.wav,3.0
/content/drive/MyDrive/Underwater Audio Data/processed/Vessels/Sail Boat_01.09.23_133744_20secCPA_chunk4.wav,Vessels,/content/drive/MyDrive/Underwater Audio Data/data/Vessels/Sail Boat_01.09.23_133744_20secCPA.wav,3.0
/content/drive/MyDrive/Underwater Audio Data/processed/Vessels/Sail Boat_01.09.23_133744_20secCPA_chunk5.wav,Vessels,/content/drive/MyDrive/Underwater Audio Data/data/Vessels/Sail Boat_01.09.23_133744_20secCPA.wav,3.0
/content/drive/MyDrive/Underwater Audio Data/processed/Vessels/Sail Boat_01.09.23_133744_20secCPA_chunk6.wav,Vessels,/content/drive/MyDrive/Underwater Audio Data/data/Vessels/Sail Boat_01.09.23_133744_20secCPA.wav,3.0
/content/drive/MyDrive/Underwater Audio Data/processed/Vessels/Sail Boat_01.09.23_133744_20secCPA_chunk7.wav,Vessels,/content/drive/MyDrive/Underwater Audio Data/data/Vessels/Sail Boat_01.09.23_133744_20secCPA.wav,3.0
/content/drive/MyDrive/Underwater Audio Data/processed/Vessels/Sail Boat_01.09.23_133744_20secCPA_chunk8.wav,Vessels,/content/drive/MyDrive/Underwater Audio Data/data/Vessels/Sail Boat_01.09.23_133744_20secCPA.wav,3.0
/content/drive/MyDrive/Underwater Audio Data/processed/Vessels/Sail Boat_01.09.23_133744_20secCPA_chunk9.wav,Vessels,/content/drive/MyDrive/Underwater Audio Data/data/Vessels/Sail Boat_01.09.23_133744_20secCPA.wav,3.0
/content/drive/MyDrive/Underwater Audio Data/processed/Vessels/Sail Boat_01.09.23_133744_20secCPA_chunk10.wav,Vessels,/content/drive/MyDrive/Underwater Audio Data/data/Vessels/Sail Boat_01.09.23_133744_20secCPA.wav,3.0
/content/drive/MyDrive/Underwater Audio Data/processed/Vessels/Sail Boat_01.09.23_133744_20secCPA_chunk11.wav,Vessels,/content/drive/MyDrive/Underwater Audio Data/data/Vessels/Sail Boat_01.09.23_133744_20secCPA.wav,3.0
/content/drive/MyDrive/Underwater Audio Data/processed/Vessels/Sail Boat_01.09.23_133744_20secCPA_chunk12.wav,Vessels,/content/drive/MyDrive/Underwater Audio Data/data/Vessels/Sail Boat_01.09.23_133744_20secCPA.wav,3.0
/content/drive/MyDrive/Underwater Audio Data/processed/Vessels/Sail Boat_02.09.23_075655_20secCPA_chunk0.wav,Vessels,/content/drive/MyDrive/Underwater Audio Data/data/Vessels/Sail Boat_02.09.23_075655_20secCPA.wav,3.0
/content/drive/MyDrive/Underwater Audio Data/processed/Vessels/Sail Boat_02.09.23_075655_20secCPA_chunk1.wav,Vessels,/content/drive/MyDrive/Underwater Audio Data/data/Vessels/Sail Boat_02.09.23_075655_20secCPA.wav,3.0
/content/drive/MyDrive/Underwater Audio Data/processed/Vessels/Sail Boat_02.09.23_075655_20secCPA_chunk2.wav,Vessels,/content/drive/MyDrive/Underwater Audio Data/data/Vessels/Sail Boat_02.09.23_075655_20secCPA.wav,3.0
/content/drive/MyDrive/Underwater Audio Data/processed/Vessels/Sail Boat_02.09.23_075655_20secCPA_chunk3.wav,Vessels,/content/drive/MyDrive/Underwater Audio Data/data/Vessels/Sail Boat_02.09.23_075655_20secCPA.wav,3.0
/content/drive/MyDrive/Underwater Audio Data/processed/Vessels/Sail Boat_02.09.23_075655_20secCPA_chunk4.wav,Vessels,/content/drive/MyDrive/Underwater Audio Data/data/Vessels/Sail Boat_02.09.23_075655_20secCPA.wav,3.0
/content/drive/MyDrive/Underwater Audio Data/processed/Vessels/Sail Boat_02.09.23_075655_20secCPA_chunk5.wav,Vessels,/content/drive/MyDrive/Underwater Audio Data/data/Vessels/Sail Boat_02.09.23_075655_20secCPA.wav,3.0
/content/drive/MyDrive/Underwater Audio Data/processed/Vessels/Sail Boat_02.09.23_075655_20secCPA_chunk6.wav,Vessels,/content/drive/MyDrive/Underwater Audio Data/data/Vessels/Sail Boat_02.09.23_075655_20secCPA.wav,3.0
/content/drive/MyDrive/Underwater Audio Data/processed/Vessels/Sail Boat_02.09.23_075655_20secCPA_chunk7.wav,Vessels,/content/drive/MyDrive/Underwater Audio Data/data/Vessels/Sail Boat_02.09.23_075655_20secCPA.wav,3.0
/content/drive/MyDrive/Underwater Audio Data/processed/Vessels/Sail Boat_02.09.23_075655_20secCPA_chunk8.wav,Vessels,/content/drive/MyDrive/Underwater Audio Data/data/Vessels/Sail Boat_02.09.23_075655_20secCPA.wav,3.0
/content/drive/MyDrive/Underwater Audio Data/processed/Vessels/Sail Boat_02.09.23_075655_20secCPA_chunk9.wav,Vessels,/content/drive/MyDrive/Underwater Audio Data/data/Vessels/Sail Boat_02.09.23_075655_20secCPA.wav,3.0
/content/drive/MyDrive/Underwater Audio Data/processed/Vessels/Sail Boat_02.09.23_075655_20secCPA_chunk10.wav,Vessels,/content/drive/MyDrive/Underwater Audio Data/data/Vessels/Sail Boat_02.09.23_075655_20secCPA.wav,3.0
/content/drive/MyDrive/Underwater Audio Data/processed/Vessels/Sail Boat_02.09.23_075655_20secCPA_chunk11.wav,Vessels,/content/drive/MyDrive/Underwater Audio Data/data/Vessels/Sail Boat_02.09.23_075655_20secCPA.wav,3.0
/content/drive/MyDrive/Underwater Audio Data/processed/Vessels/Sail Boat_02.09.23_075655_20secCPA_chunk12.wav,Vessels,/content/drive/MyDrive/Underwater Audio Data/data/Vessels/Sail Boat_02.09.23_075655_20secCPA.wav,3.0
/content/drive/MyDrive/Underwater Audio Data/processed/Vessels/Yacht_01.09.23_083612_20secCPA_chunk0.wav,Vessels,/content/drive/MyDrive/Underwater Audio Data/data/Vessels/Yacht_01.09.23_083612_20secCPA.wav,3.0
/content/drive/MyDrive/Underwater Audio Data/processed/Vessels/Yacht_01.09.23_083612_20secCPA_chunk1.wav,Vessels,/content/drive/MyDrive/Underwater Audio Data/data/Vessels/Yacht_01.09.23_083612_20secCPA.wav,3.0
/content/drive/MyDrive/Underwater Audio Data/processed/Vessels/Yacht_01.09.23_083612_20secCPA_chunk2.wav,Vessels,/content/drive/MyDrive/Underwater Audio Data/data/Vessels/Yacht_01.09.23_083612_20secCPA.wav,3.0
/content/drive/MyDrive/Underwater Audio Data/processed/Vessels/Yacht_01.09.23_083612_20secCPA_chunk3.wav,Vessels,/content/drive/MyDrive/Underwater Audio Data/data/Vessels/Yacht_01.09.23_083612_20secCPA.wav,3.0
/content/drive/MyDrive/Underwater Audio Data/processed/Vessels/Yacht_01.09.23_083612_20secCPA_chunk4.wav,Vessels,/content/drive/MyDrive/Underwater Audio Data/data/Vessels/Yacht_01.09.23_083612_20secCPA.wav,3.0
/content/drive/MyDrive/Underwater Audio Data/processed/Vessels/Yacht_01.09.23_083612_20secCPA_chunk5.wav,Vessels,/content/drive/MyDrive/Underwater Audio Data/data/Vessels/Yacht_01.09.23_083612_20secCPA.wav,3.0
/content/drive/MyDrive/Underwater Audio Data/processed/Vessels/Yacht_01.09.23_083612_20secCPA_chunk6.wav,Vessels,/content/drive/MyDrive/Underwater Audio Data/data/Vessels/Yacht_01.09.23_083612_20secCPA.wav,3.0
/content/drive/MyDrive/Underwater Audio Data/processed/Vessels/Yacht_01.09.23_083612_20secCPA_chunk7.wav,Vessels,/content/drive/MyDrive/Underwater Audio Data/data/Vessels/Yacht_01.09.23_083612_20secCPA.wav,3.0
/content/drive/MyDrive/Underwater Audio Data/processed/Vessels/Yacht_01.09.23_083612_20secCPA_chunk8.wav,Vessels,/content/drive/MyDrive/Underwater Audio Data/data/Vessels/Yacht_01.09.23_083612_20secCPA.wav,3.0
/content/drive/MyDrive/Underwater Audio Data/processed/Vessels/Yacht_01.09.23_083612_20secCPA_chunk9.wav,Vessels,/content/drive/MyDrive/Underwater Audio Data/data/Vessels/Yacht_01.09.23_083612_20secCPA.wav,3.0
/content/drive/MyDrive/Underwater Audio Data/processed/Vessels/Yacht_01.09.23_083612_20secCPA_chunk10.wav,Vessels,/content/drive/MyDrive/Underwater Audio Data/data/Vessels/Yacht_01.09.23_083612_20secCPA.wav,3.0
/content/drive/MyDrive/Underwater Audio Data/processed/Vessels/Yacht_01.09.23_083612_20secCPA_chunk11.wav,Vessels,/content/drive/MyDrive/Underwater Audio Data/data/Vessels/Yacht_01.09.23_083612_20secCPA.wav,3.0
/content/drive/MyDrive/Underwater Audio Data/processed/Vessels/Yacht_01.09.23_083612_20secCPA_chunk12.wav,Vessels,/content/drive/MyDrive/Underwater Audio Data/data/Vessels/Yacht_01.09.23_083612_20secCPA.wav,3.0
/content/drive/MyDrive/Underwater Audio Data/processed/Vessels/Sail Boat_31.08.23_124720_20secCPA_chunk0.wav,Vessels,/content/drive/MyDrive/Underwater Audio Data/data/Vessels/Sail Boat_31.08.23_124720_20secCPA.wav,3.0
/content/drive/MyDrive/Underwater Audio Data/processed/Vessels/Sail Boat_31.08.23_124720_20secCPA_chunk1.wav,Vessels,/content/drive/MyDrive/Underwater Audio Data/data/Vessels/Sail Boat_31.08.23_124720_20secCPA.wav,3.0
/content/drive/MyDrive/Underwater Audio Data/processed/Vessels/Sail Boat_31.08.23_124720_20secCPA_chunk2.wav,Vessels,/content/drive/MyDrive/Underwater Audio Data/data/Vessels/Sail Boat_31.08.23_124720_20secCPA.wav,3.0
/content/drive/MyDrive/Underwater Audio Data/processed/Vessels/Sail Boat_31.08.23_124720_20secCPA_chunk3.wav,Vessels,/content/drive/MyDrive/Underwater Audio Data/data/Vessels/Sail Boat_31.08.23_124720_20secCPA.wav,3.0
/content/drive/MyDrive/Underwater Audio Data/processed/Vessels/Sail Boat_31.08.23_124720_20secCPA_chunk4.wav,Vessels,/content/drive/MyDrive/Underwater Audio Data/data/Vessels/Sail Boat_31.08.23_124720_20secCPA.wav,3.0
/content/drive/MyDrive/Underwater Audio Data/processed/Vessels/Sail Boat_31.08.23_124720_20secCPA_chunk5.wav,Vessels,/content/drive/MyDrive/Underwater Audio Data/data/Vessels/Sail Boat_31.08.23_124720_20secCPA.wav,3.0
/content/drive/MyDrive/Underwater Audio Data/processed/Vessels/Sail Boat_31.08.23_124720_20secCPA_chunk6.wav,Vessels,/content/drive/MyDrive/Underwater Audio Data/data/Vessels/Sail Boat_31.08.23_124720_20secCPA.wav,3.0
/content/drive/MyDrive/Underwater Audio Data/processed/Vessels/Sail Boat_31.08.23_124720_20secCPA_chunk7.wav,Vessels,/content/drive/MyDrive/Underwater Audio Data/data/Vessels/Sail Boat_31.08.23_124720_20secCPA.wav,3.0
/content/drive/MyDrive/Underwater Audio Data/processed/Vessels/Sail Boat_31.08.23_124720_20secCPA_chunk8.wav,Vessels,/content/drive/MyDrive/Underwater Audio Data/data/Vessels/Sail Boat_31.08.23_124720_20secCPA.wav,3.0
/content/drive/MyDrive/Underwater Audio Data/processed/Vessels/Sail Boat_31.08.23_124720_20secCPA_chunk9.wav,Vessels,/content/drive/MyDrive/Underwater Audio Data/data/Vessels/Sail Boat_31.08.23_124720_20secCPA.wav,3.0
/content/drive/MyDrive/Underwater Audio Data/processed/Vessels/Sail Boat_31.08.23_124720_20secCPA_chunk10.wav,Vessels,/content/drive/MyDrive/Underwater Audio Data/data/Vessels/Sail Boat_31.08.23_124720_20secCPA.wav,3.0
/content/drive/MyDrive/Underwater Audio Data/processed/Vessels/Sail Boat_31.08.23_124720_20secCPA_chunk11.wav,Vessels,/content/drive/MyDrive/Underwater Audio Data/data/Vessels/Sail Boat_31.08.23_124720_20secCPA.wav,3.0
/content/drive/MyDrive/Underwater Audio Data/processed/Vessels/Sail Boat_31.08.23_124720_20secCPA_chunk12.wav,Vessels,/content/drive/MyDrive/Underwater Audio Data/data/Vessels/Sail Boat_31.08.23_124720_20secCPA.wav,3.0
/content/drive/MyDrive/Underwater Audio Data/processed/Vessels/Motorboat_02.08.23_110547_20secCPA_chunk0.wav,Vessels,/content/drive/MyDrive/Underwater Audio Data/data/Vessels/Motorboat_02.08.23_110547_20secCPA.wav,3.0
/content/drive/MyDrive/Underwater Audio Data/processed/Vessels/Motorboat_02.08.23_110547_20secCPA_chunk1.wav,Vessels,/content/drive/MyDrive/Underwater Audio Data/data/Vessels/Motorboat_02.08.23_110547_20secCPA.wav,3.0
/content/drive/MyDrive/Underwater Audio Data/processed/Vessels/Motorboat_02.08.23_110547_20secCPA_chunk2.wav,Vessels,/content/drive/MyDrive/Underwater Audio Data/data/Vessels/Motorboat_02.08.23_110547_20secCPA.wav,3.0
/content/drive/MyDrive/Underwater Audio Data/processed/Vessels/Motorboat_02.08.23_110547_20secCPA_chunk3.wav,Vessels,/content/drive/MyDrive/Underwater Audio Data/data/Vessels/Motorboat_02.08.23_110547_20secCPA.wav,3.0
/content/drive/MyDrive/Underwater Audio Data/processed/Vessels/Motorboat_02.08.23_110547_20secCPA_chunk4.wav,Vessels,/content/drive/MyDrive/Underwater Audio Data/data/Vessels/Motorboat_02.08.23_110547_20secCPA.wav,3.0
/content/drive/MyDrive/Underwater Audio Data/processed/Vessels/Motorboat_02.08.23_110547_20secCPA_chunk5.wav,Vessels,/content/drive/MyDrive/Underwater Audio Data/data/Vessels/Motorboat_02.08.23_110547_20secCPA.wav,3.0
/content/drive/MyDrive/Underwater Audio Data/processed/Vessels/Motorboat_02.08.23_110547_20secCPA_chunk6.wav,Vessels,/content/drive/MyDrive/Underwater Audio Data/data/Vessels/Motorboat_02.08.23_110547_20secCPA.wav,3.0
/content/drive/MyDrive/Underwater Audio Data/processed/Vessels/Motorboat_02.08.23_110547_20secCPA_chunk7.wav,Vessels,/content/drive/MyDrive/Underwater Audio Data/data/Vessels/Motorboat_02.08.23_110547_20secCPA.wav,3.0
/content/drive/MyDrive/Underwater Audio Data/processed/Vessels/Motorboat_02.08.23_110547_20secCPA_chunk8.wav,Vessels,/content/drive/MyDrive/Underwater Audio Data/data/Vessels/Motorboat_02.08.23_110547_20secCPA.wav,3.0
/content/drive/MyDrive/Underwater Audio Data/processed/Vessels/Motorboat_02.08.23_110547_20secCPA_chunk9.wav,Vessels,/content/drive/MyDrive/Underwater Audio Data/data/Vessels/Motorboat_02.08.23_110547_20secCPA.wav,3.0
/content/drive/MyDrive/Underwater Audio Data/processed/Vessels/Motorboat_02.08.23_110547_20secCPA_chunk10.wav,Vessels,/content/drive/MyDrive/Underwater Audio Data/data/Vessels/Motorboat_02.08.23_110547_20secCPA.wav,3.0
/content/drive/MyDrive/Underwater Audio Data/processed/Vessels/Motorboat_02.08.23_110547_20secCPA_chunk11.wav,Vessels,/content/drive/MyDrive/Underwater Audio Data/data/Vessels/Motorboat_02.08.23_110547_20secCPA.wav,3.0
/content/drive/MyDrive/Underwater Audio Data/processed/Vessels/Motorboat_02.08.23_110547_20secCPA_chunk12.wav,Vessels,/content/drive/MyDrive/Underwater Audio Data/data/Vessels/Motorboat_02.08.23_110547_20secCPA.wav,3.0
/content/drive/MyDrive/Underwater Audio Data/processed/Vessels/Motorboat_01.09.23_072916_20secCPA_chunk0.wav,Vessels,/content/drive/MyDrive/Underwater Audio Data/data/Vessels/Motorboat_01.09.23_072916_20secCPA.wav,3.0
/content/drive/MyDrive/Underwater Audio Data/processed/Vessels/Motorboat_01.09.23_072916_20secCPA_chunk1.wav,Vessels,/content/drive/MyDrive/Underwater Audio Data/data/Vessels/Motorboat_01.09.23_072916_20secCPA.wav,3.0
/content/drive/MyDrive/Underwater Audio Data/processed/Vessels/Motorboat_01.09.23_072916_20secCPA_chunk2.wav,Vessels,/content/drive/MyDrive/Underwater Audio Data/data/Vessels/Motorboat_01.09.23_072916_20secCPA.wav,3.0
/content/drive/MyDrive/Underwater Audio Data/processed/Vessels/Motorboat_01.09.23_072916_20secCPA_chunk3.wav,Vessels,/content/drive/MyDrive/Underwater Audio Data/data/Vessels/Motorboat_01.09.23_072916_20secCPA.wav,3.0
/content/drive/MyDrive/Underwater Audio Data/processed/Vessels/Motorboat_01.09.23_072916_20secCPA_chunk4.wav,Vessels,/content/drive/MyDrive/Underwater Audio Data/data/Vessels/Motorboat_01.09.23_072916_20secCPA.wav,3.0
/content/drive/MyDrive/Underwater Audio Data/processed/Vessels/Motorboat_01.09.23_072916_20secCPA_chunk5.wav,Vessels,/content/drive/MyDrive/Underwater Audio Data/data/Vessels/Motorboat_01.09.23_072916_20secCPA.wav,3.0
/content/drive/MyDrive/Underwater Audio Data/processed/Vessels/Motorboat_01.09.23_072916_20secCPA_chunk6.wav,Vessels,/content/drive/MyDrive/Underwater Audio Data/data/Vessels/Motorboat_01.09.23_072916_20secCPA.wav,3.0
/content/drive/MyDrive/Underwater Audio Data/processed/Vessels/Motorboat_01.09.23_072916_20secCPA_chunk7.wav,Vessels,/content/drive/MyDrive/Underwater Audio Data/data/Vessels/Motorboat_01.09.23_072916_20secCPA.wav,3.0
/content/drive/MyDrive/Underwater Audio Data/processed/Vessels/Motorboat_01.09.23_072916_20secCPA_chunk8.wav,Vessels,/content/drive/MyDrive/Underwater Audio Data/data/Vessels/Motorboat_01.09.23_072916_20secCPA.wav,3.0
/content/drive/MyDrive/Underwater Audio Data/processed/Vessels/Motorboat_01.09.23_072916_20secCPA_chunk9.wav,Vessels,/content/drive/MyDrive/Underwater Audio Data/data/Vessels/Motorboat_01.09.23_072916_20secCPA.wav,3.0
/content/drive/MyDrive/Underwater Audio Data/processed/Vessels/Motorboat_01.09.23_072916_20secCPA_chunk10.wav,Vessels,/content/drive/MyDrive/Underwater Audio Data/data/Vessels/Motorboat_01.09.23_072916_20secCPA.wav,3.0
/content/drive/MyDrive/Underwater Audio Data/processed/Vessels/Motorboat_01.09.23_072916_20secCPA_chunk11.wav,Vessels,/content/drive/MyDrive/Underwater Audio Data/data/Vessels/Motorboat_01.09.23_072916_20secCPA.wav,3.0
/content/drive/MyDrive/Underwater Audio Data/processed/Vessels/Motorboat_01.09.23_072916_20secCPA_chunk12.wav,Vessels,/content/drive/MyDrive/Underwater Audio Data/data/Vessels/Motorboat_01.09.23_072916_20secCPA.wav,3.0
/content/drive/MyDrive/Underwater Audio Data/processed/Vessels/Motorboat_01.09.23_121514_20secCPA_chunk0.wav,Vessels,/content/drive/MyDrive/Underwater Audio Data/data/Vessels/Motorboat_01.09.23_121514_20secCPA.wav,3.0
/content/drive/MyDrive/Underwater Audio Data/processed/Vessels/Motorboat_01.09.23_121514_20secCPA_chunk1.wav,Vessels,/content/drive/MyDrive/Underwater Audio Data/data/Vessels/Motorboat_01.09.23_121514_20secCPA.wav,3.0
/content/drive/MyDrive/Underwater Audio Data/processed/Vessels/Motorboat_01.09.23_121514_20secCPA_chunk2.wav,Vessels,/content/drive/MyDrive/Underwater Audio Data/data/Vessels/Motorboat_01.09.23_121514_20secCPA.wav,3.0
/content/drive/MyDrive/Underwater Audio Data/processed/Vessels/Motorboat_01.09.23_121514_20secCPA_chunk3.wav,Vessels,/content/drive/MyDrive/Underwater Audio Data/data/Vessels/Motorboat_01.09.23_121514_20secCPA.wav,3.0
/content/drive/MyDrive/Underwater Audio Data/processed/Vessels/Motorboat_01.09.23_121514_20secCPA_chunk4.wav,Vessels,/content/drive/MyDrive/Underwater Audio Data/data/Vessels/Motorboat_01.09.23_121514_20secCPA.wav,3.0
/content/drive/MyDrive/Underwater Audio Data/processed/Vessels/Motorboat_01.09.23_121514_20secCPA_chunk5.wav,Vessels,/content/drive/MyDrive/Underwater Audio Data/data/Vessels/Motorboat_01.09.23_121514_20secCPA.wav,3.0
/content/drive/MyDrive/Underwater Audio Data/processed/Vessels/Motorboat_01.09.23_121514_20secCPA_chunk6.wav,Vessels,/content/drive/MyDrive/Underwater Audio Data/data/Vessels/Motorboat_01.09.23_121514_20secCPA.wav,3.0
/content/drive/MyDrive/Underwater Audio Data/processed/Vessels/Motorboat_01.09.23_121514_20secCPA_chunk7.wav,Vessels,/content/drive/MyDrive/Underwater Audio Data/data/Vessels/Motorboat_01.09.23_121514_20secCPA.wav,3.0
/content/drive/MyDrive/Underwater Audio Data/processed/Vessels/Motorboat_01.09.23_121514_20secCPA_chunk8.wav,Vessels,/content/drive/MyDrive/Underwater Audio Data/data/Vessels/Motorboat_01.09.23_121514_20secCPA.wav,3.0
/content/drive/MyDrive/Underwater Audio Data/processed/Vessels/Motorboat_01.09.23_121514_20secCPA_chunk9.wav,Vessels,/content/drive/MyDrive/Underwater Audio Data/data/Vessels/Motorboat_01.09.23_121514_20secCPA.wav,3.0
/content/drive/MyDrive/Underwater Audio Data/processed/Vessels/Motorboat_01.09.23_121514_20secCPA_chunk10.wav,Vessels,/content/drive/MyDrive/Underwater Audio Data/data/Vessels/Motorboat_01.09.23_121514_20secCPA.wav,3.0
/content/drive/MyDrive/Underwater Audio Data/processed/Vessels/Motorboat_01.09.23_121514_20secCPA_chunk11.wav,Vessels,/content/drive/MyDrive/Underwater Audio Data/data/Vessels/Motorboat_01.09.23_121514_20secCPA.wav,3.0
/content/drive/MyDrive/Underwater Audio Data/processed/Vessels/Motorboat_01.09.23_121514_20secCPA_chunk12.wav,Vessels,/content/drive/MyDrive/Underwater Audio Data/data/Vessels/Motorboat_01.09.23_121514_20secCPA.wav,3.0
/content/drive/MyDrive/Underwater Audio Data/processed/Vessels/Motorboat_01.09.23_104209_20secCPA_chunk0.wav,Vessels,/content/drive/MyDrive/Underwater Audio Data/data/Vessels/Motorboat_01.09.23_104209_20secCPA.wav,3.0
/content/drive/MyDrive/Underwater Audio Data/processed/Vessels/Motorboat_01.09.23_104209_20secCPA_chunk1.wav,Vessels,/content/drive/MyDrive/Underwater Audio Data/data/Vessels/Motorboat_01.09.23_104209_20secCPA.wav,3.0
/content/drive/MyDrive/Underwater Audio Data/processed/Vessels/Motorboat_01.09.23_104209_20secCPA_chunk2.wav,Vessels,/content/drive/MyDrive/Underwater Audio Data/data/Vessels/Motorboat_01.09.23_104209_20secCPA.wav,3.0
/content/drive/MyDrive/Underwater Audio Data/processed/Vessels/Motorboat_01.09.23_104209_20secCPA_chunk3.wav,Vessels,/content/drive/MyDrive/Underwater Audio Data/data/Vessels/Motorboat_01.09.23_104209_20secCPA.wav,3.0
/content/drive/MyDrive/Underwater Audio Data/processed/Vessels/Motorboat_01.09.23_104209_20secCPA_chunk4.wav,Vessels,/content/drive/MyDrive/Underwater Audio Data/data/Vessels/Motorboat_01.09.23_104209_20secCPA.wav,3.0
/content/drive/MyDrive/Underwater Audio Data/processed/Vessels/Motorboat_01.09.23_104209_20secCPA_chunk5.wav,Vessels,/content/drive/MyDrive/Underwater Audio Data/data/Vessels/Motorboat_01.09.23_104209_20secCPA.wav,3.0
/content/drive/MyDrive/Underwater Audio Data/processed/Vessels/Motorboat_01.09.23_104209_20secCPA_chunk6.wav,Vessels,/content/drive/MyDrive/Underwater Audio Data/data/Vessels/Motorboat_01.09.23_104209_20secCPA.wav,3.0
/content/drive/MyDrive/Underwater Audio Data/processed/Vessels/Motorboat_01.09.23_104209_20secCPA_chunk7.wav,Vessels,/content/drive/MyDrive/Underwater Audio Data/data/Vessels/Motorboat_01.09.23_104209_20secCPA.wav,3.0
/content/drive/MyDrive/Underwater Audio Data/processed/Vessels/Motorboat_01.09.23_104209_20secCPA_chunk8.wav,Vessels,/content/drive/MyDrive/Underwater Audio Data/data/Vessels/Motorboat_01.09.23_104209_20secCPA.wav,3.0
/content/drive/MyDrive/Underwater Audio Data/processed/Vessels/Motorboat_01.09.23_104209_20secCPA_chunk9.wav,Vessels,/content/drive/MyDrive/Underwater Audio Data/data/Vessels/Motorboat_01.09.23_104209_20secCPA.wav,3.0
/content/drive/MyDrive/Underwater Audio Data/processed/Vessels/Motorboat_01.09.23_104209_20secCPA_chunk10.wav,Vessels,/content/drive/MyDrive/Underwater Audio Data/data/Vessels/Motorboat_01.09.23_104209_20secCPA.wav,3.0
/content/drive/MyDrive/Underwater Audio Data/processed/Vessels/Motorboat_01.09.23_104209_20secCPA_chunk11.wav,Vessels,/content/drive/MyDrive/Underwater Audio Data/data/Vessels/Motorboat_01.09.23_104209_20secCPA.wav,3.0
/content/drive/MyDrive/Underwater Audio Data/processed/Vessels/Motorboat_01.09.23_104209_20secCPA_chunk12.wav,Vessels,/content/drive/MyDrive/Underwater Audio Data/data/Vessels/Motorboat_01.09.23_104209_20secCPA.wav,3.0
/content/drive/MyDrive/Underwater Audio Data/processed/Vessels/Yacht_02.09.23_074420_20secCPA_chunk0.wav,Vessels,/content/drive/MyDrive/Underwater Audio Data/data/Vessels/Yacht_02.09.23_074420_20secCPA.wav,3.0
/content/drive/MyDrive/Underwater Audio Data/processed/Vessels/Yacht_02.09.23_074420_20secCPA_chunk1.wav,Vessels,/content/drive/MyDrive/Underwater Audio Data/data/Vessels/Yacht_02.09.23_074420_20secCPA.wav,3.0
/content/drive/MyDrive/Underwater Audio Data/processed/Vessels/Yacht_02.09.23_074420_20secCPA_chunk2.wav,Vessels,/content/drive/MyDrive/Underwater Audio Data/data/Vessels/Yacht_02.09.23_074420_20secCPA.wav,3.0
/content/drive/MyDrive/Underwater Audio Data/processed/Vessels/Yacht_02.09.23_074420_20secCPA_chunk3.wav,Vessels,/content/drive/MyDrive/Underwater Audio Data/data/Vessels/Yacht_02.09.23_074420_20secCPA.wav,3.0
/content/drive/MyDrive/Underwater Audio Data/processed/Vessels/Yacht_02.09.23_074420_20secCPA_chunk4.wav,Vessels,/content/drive/MyDrive/Underwater Audio Data/data/Vessels/Yacht_02.09.23_074420_20secCPA.wav,3.0
/content/drive/MyDrive/Underwater Audio Data/processed/Vessels/Yacht_02.09.23_074420_20secCPA_chunk5.wav,Vessels,/content/drive/MyDrive/Underwater Audio Data/data/Vessels/Yacht_02.09.23_074420_20secCPA.wav,3.0
/content/drive/MyDrive/Underwater Audio Data/processed/Vessels/Yacht_02.09.23_074420_20secCPA_chunk6.wav,Vessels,/content/drive/MyDrive/Underwater Audio Data/data/Vessels/Yacht_02.09.23_074420_20secCPA.wav,3.0
/content/drive/MyDrive/Underwater Audio Data/processed/Vessels/Yacht_02.09.23_074420_20secCPA_chunk7.wav,Vessels,/content/drive/MyDrive/Underwater Audio Data/data/Vessels/Yacht_02.09.23_074420_20secCPA.wav,3.0
/content/drive/MyDrive/Underwater Audio Data/processed/Vessels/Yacht_02.09.23_074420_20secCPA_chunk8.wav,Vessels,/content/drive/MyDrive/Underwater Audio Data/data/Vessels/Yacht_02.09.23_074420_20secCPA.wav,3.0
/content/drive/MyDrive/Underwater Audio Data/processed/Vessels/Yacht_02.09.23_074420_20secCPA_chunk9.wav,Vessels,/content/drive/MyDrive/Underwater Audio Data/data/Vessels/Yacht_02.09.23_074420_20secCPA.wav,3.0
/content/drive/MyDrive/Underwater Audio Data/processed/Vessels/Yacht_02.09.23_074420_20secCPA_chunk10.wav,Vessels,/content/drive/MyDrive/Underwater Audio Data/data/Vessels/Yacht_02.09.23_074420_20secCPA.wav,3.0
/content/drive/MyDrive/Underwater Audio Data/processed/Vessels/Yacht_02.09.23_074420_20secCPA_chunk11.wav,Vessels,/content/drive/MyDrive/Underwater Audio Data/data/Vessels/Yacht_02.09.23_074420_20secCPA.wav,3.0
/content/drive/MyDrive/Underwater Audio Data/processed/Vessels/Yacht_02.09.23_074420_20secCPA_chunk12.wav,Vessels,/content/drive/MyDrive/Underwater Audio Data/data/Vessels/Yacht_02.09.23_074420_20secCPA.wav,3.0
/content/drive/MyDrive/Underwater Audio Data/processed/Vessels/Yacht_03.09.23_144857_20secCPA_chunk0.wav,Vessels,/content/drive/MyDrive/Underwater Audio Data/data/Vessels/Yacht_03.09.23_144857_20secCPA.wav,3.0
/content/drive/MyDrive/Underwater Audio Data/processed/Vessels/Yacht_03.09.23_144857_20secCPA_chunk1.wav,Vessels,/content/drive/MyDrive/Underwater Audio Data/data/Vessels/Yacht_03.09.23_144857_20secCPA.wav,3.0
/content/drive/MyDrive/Underwater Audio Data/processed/Vessels/Yacht_03.09.23_144857_20secCPA_chunk2.wav,Vessels,/content/drive/MyDrive/Underwater Audio Data/data/Vessels/Yacht_03.09.23_144857_20secCPA.wav,3.0
/content/drive/MyDrive/Underwater Audio Data/processed/Vessels/Yacht_03.09.23_144857_20secCPA_chunk3.wav,Vessels,/content/drive/MyDrive/Underwater Audio Data/data/Vessels/Yacht_03.09.23_144857_20secCPA.wav,3.0
/content/drive/MyDrive/Underwater Audio Data/processed/Vessels/Yacht_03.09.23_144857_20secCPA_chunk4.wav,Vessels,/content/drive/MyDrive/Underwater Audio Data/data/Vessels/Yacht_03.09.23_144857_20secCPA.wav,3.0
/content/drive/MyDrive/Underwater Audio Data/processed/Vessels/Yacht_03.09.23_144857_20secCPA_chunk5.wav,Vessels,/content/drive/MyDrive/Underwater Audio Data/data/Vessels/Yacht_03.09.23_144857_20secCPA.wav,3.0
/content/drive/MyDrive/Underwater Audio Data/processed/Vessels/Yacht_03.09.23_144857_20secCPA_chunk6.wav,Vessels,/content/drive/MyDrive/Underwater Audio Data/data/Vessels/Yacht_03.09.23_144857_20secCPA.wav,3.0
/content/drive/MyDrive/Underwater Audio Data/processed/Vessels/Yacht_03.09.23_144857_20secCPA_chunk7.wav,Vessels,/content/drive/MyDrive/Underwater Audio Data/data/Vessels/Yacht_03.09.23_144857_20secCPA.wav,3.0
/content/drive/MyDrive/Underwater Audio Data/processed/Vessels/Yacht_03.09.23_144857_20secCPA_chunk8.wav,Vessels,/content/drive/MyDrive/Underwater Audio Data/data/Vessels/Yacht_03.09.23_144857_20secCPA.wav,3.0
/content/drive/MyDrive/Underwater Audio Data/processed/Vessels/Yacht_03.09.23_144857_20secCPA_chunk9.wav,Vessels,/content/drive/MyDrive/Underwater Audio Data/data/Vessels/Yacht_03.09.23_144857_20secCPA.wav,3.0
/content/drive/MyDrive/Underwater Audio Data/processed/Vessels/Yacht_03.09.23_144857_20secCPA_chunk10.wav,Vessels,/content/drive/MyDrive/Underwater Audio Data/data/Vessels/Yacht_03.09.23_144857_20secCPA.wav,3.0
/content/drive/MyDrive/Underwater Audio Data/processed/Vessels/Yacht_03.09.23_144857_20secCPA_chunk11.wav,Vessels,/content/drive/MyDrive/Underwater Audio Data/data/Vessels/Yacht_03.09.23_144857_20secCPA.wav,3.0
/content/drive/MyDrive/Underwater Audio Data/processed/Vessels/Yacht_03.09.23_144857_20secCPA_chunk12.wav,Vessels,/content/drive/MyDrive/Underwater Audio Data/data/Vessels/Yacht_03.09.23_144857_20secCPA.wav,3.0
/content/drive/MyDrive/Underwater Audio Data/processed/Vessels/Motorboat_02.09.23_091103_20secCPA_chunk0.wav,Vessels,/content/drive/MyDrive/Underwater Audio Data/data/Vessels/Motorboat_02.09.23_091103_20secCPA.wav,3.0
/content/drive/MyDrive/Underwater Audio Data/processed/Vessels/Motorboat_02.09.23_091103_20secCPA_chunk1.wav,Vessels,/content/drive/MyDrive/Underwater Audio Data/data/Vessels/Motorboat_02.09.23_091103_20secCPA.wav,3.0
/content/drive/MyDrive/Underwater Audio Data/processed/Vessels/Motorboat_02.09.23_091103_20secCPA_chunk2.wav,Vessels,/content/drive/MyDrive/Underwater Audio Data/data/Vessels/Motorboat_02.09.23_091103_20secCPA.wav,3.0
/content/drive/MyDrive/Underwater Audio Data/processed/Vessels/Motorboat_02.09.23_091103_20secCPA_chunk3.wav,Vessels,/content/drive/MyDrive/Underwater Audio Data/data/Vessels/Motorboat_02.09.23_091103_20secCPA.wav,3.0
/content/drive/MyDrive/Underwater Audio Data/processed/Vessels/Motorboat_02.09.23_091103_20secCPA_chunk4.wav,Vessels,/content/drive/MyDrive/Underwater Audio Data/data/Vessels/Motorboat_02.09.23_091103_20secCPA.wav,3.0
/content/drive/MyDrive/Underwater Audio Data/processed/Vessels/Motorboat_02.09.23_091103_20secCPA_chunk5.wav,Vessels,/content/drive/MyDrive/Underwater Audio Data/data/Vessels/Motorboat_02.09.23_091103_20secCPA.wav,3.0
/content/drive/MyDrive/Underwater Audio Data/processed/Vessels/Motorboat_02.09.23_091103_20secCPA_chunk6.wav,Vessels,/content/drive/MyDrive/Underwater Audio Data/data/Vessels/Motorboat_02.09.23_091103_20secCPA.wav,3.0
/content/drive/MyDrive/Underwater Audio Data/processed/Vessels/Motorboat_02.09.23_091103_20secCPA_chunk7.wav,Vessels,/content/drive/MyDrive/Underwater Audio Data/data/Vessels/Motorboat_02.09.23_091103_20secCPA.wav,3.0
/content/drive/MyDrive/Underwater Audio Data/processed/Vessels/Motorboat_02.09.23_091103_20secCPA_chunk8.wav,Vessels,/content/drive/MyDrive/Underwater Audio Data/data/Vessels/Motorboat_02.09.23_091103_20secCPA.wav,3.0
/content/drive/MyDrive/Underwater Audio Data/processed/Vessels/Motorboat_02.09.23_091103_20secCPA_chunk9.wav,Vessels,/content/drive/MyDrive/Underwater Audio Data/data/Vessels/Motorboat_02.09.23_091103_20secCPA.wav,3.0
/content/drive/MyDrive/Underwater Audio Data/processed/Vessels/Motorboat_02.09.23_091103_20secCPA_chunk10.wav,Vessels,/content/drive/MyDrive/Underwater Audio Data/data/Vessels/Motorboat_02.09.23_091103_20secCPA.wav,3.0
/content/drive/MyDrive/Underwater Audio Data/processed/Vessels/Motorboat_02.09.23_091103_20secCPA_chunk11.wav,Vessels,/content/drive/MyDrive/Underwater Audio Data/data/Vessels/Motorboat_02.09.23_091103_20secCPA.wav,3.0
/content/drive/MyDrive/Underwater Audio Data/processed/Vessels/Motorboat_02.09.23_091103_20secCPA_chunk12.wav,Vessels,/content/drive/MyDrive/Underwater Audio Data/data/Vessels/Motorboat_02.09.23_091103_20secCPA.wav,3.0
/content/drive/MyDrive/Underwater Audio Data/processed/Vessels/Yacht_05.09.23_163348_20secCPA_chunk0.wav,Vessels,/content/drive/MyDrive/Underwater Audio Data/data/Vessels/Yacht_05.09.23_163348_20secCPA.wav,3.0
/content/drive/MyDrive/Underwater Audio Data/processed/Vessels/Yacht_05.09.23_163348_20secCPA_chunk1.wav,Vessels,/content/drive/MyDrive/Underwater Audio Data/data/Vessels/Yacht_05.09.23_163348_20secCPA.wav,3.0
/content/drive/MyDrive/Underwater Audio Data/processed/Vessels/Yacht_05.09.23_163348_20secCPA_chunk2.wav,Vessels,/content/drive/MyDrive/Underwater Audio Data/data/Vessels/Yacht_05.09.23_163348_20secCPA.wav,3.0
/content/drive/MyDrive/Underwater Audio Data/processed/Vessels/Yacht_05.09.23_163348_20secCPA_chunk3.wav,Vessels,/content/drive/MyDrive/Underwater Audio Data/data/Vessels/Yacht_05.09.23_163348_20secCPA.wav,3.0
/content/drive/MyDrive/Underwater Audio Data/processed/Vessels/Yacht_05.09.23_163348_20secCPA_chunk4.wav,Vessels,/content/drive/MyDrive/Underwater Audio Data/data/Vessels/Yacht_05.09.23_163348_20secCPA.wav,3.0
/content/drive/MyDrive/Underwater Audio Data/processed/Vessels/Yacht_05.09.23_163348_20secCPA_chunk5.wav,Vessels,/content/drive/MyDrive/Underwater Audio Data/data/Vessels/Yacht_05.09.23_163348_20secCPA.wav,3.0
/content/drive/MyDrive/Underwater Audio Data/processed/Vessels/Yacht_05.09.23_163348_20secCPA_chunk6.wav,Vessels,/content/drive/MyDrive/Underwater Audio Data/data/Vessels/Yacht_05.09.23_163348_20secCPA.wav,3.0
/content/drive/MyDrive/Underwater Audio Data/processed/Vessels/Yacht_05.09.23_163348_20secCPA_chunk7.wav,Vessels,/content/drive/MyDrive/Underwater Audio Data/data/Vessels/Yacht_05.09.23_163348_20secCPA.wav,3.0
/content/drive/MyDrive/Underwater Audio Data/processed/Vessels/Yacht_05.09.23_163348_20secCPA_chunk8.wav,Vessels,/content/drive/MyDrive/Underwater Audio Data/data/Vessels/Yacht_05.09.23_163348_20secCPA.wav,3.0
/content/drive/MyDrive/Underwater Audio Data/processed/Vessels/Yacht_05.09.23_163348_20secCPA_chunk9.wav,Vessels,/content/drive/MyDrive/Underwater Audio Data/data/Vessels/Yacht_05.09.23_163348_20secCPA.wav,3.0
/content/drive/MyDrive/Underwater Audio Data/processed/Vessels/Yacht_05.09.23_163348_20secCPA_chunk10.wav,Vessels,/content/drive/MyDrive/Underwater Audio Data/data/Vessels/Yacht_05.09.23_163348_20secCPA.wav,3.0
/content/drive/MyDrive/Underwater Audio Data/processed/Vessels/Yacht_05.09.23_163348_20secCPA_chunk11.wav,Vessels,/content/drive/MyDrive/Underwater Audio Data/data/Vessels/Yacht_05.09.23_163348_20secCPA.wav,3.0
/content/drive/MyDrive/Underwater Audio Data/processed/Vessels/Yacht_05.09.23_163348_20secCPA_chunk12.wav,Vessels,/content/drive/MyDrive/Underwater Audio Data/data/Vessels/Yacht_05.09.23_163348_20secCPA.wav,3.0
/content/drive/MyDrive/Underwater Audio Data/processed/Vessels/Yacht_18.08.23_125756_20secCPA_chunk0.wav,Vessels,/content/drive/MyDrive/Underwater Audio Data/data/Vessels/Yacht_18.08.23_125756_20secCPA.wav,3.0
/content/drive/MyDrive/Underwater Audio Data/processed/Vessels/Yacht_18.08.23_125756_20secCPA_chunk1.wav,Vessels,/content/drive/MyDrive/Underwater Audio Data/data/Vessels/Yacht_18.08.23_125756_20secCPA.wav,3.0
/content/drive/MyDrive/Underwater Audio Data/processed/Vessels/Yacht_18.08.23_125756_20secCPA_chunk2.wav,Vessels,/content/drive/MyDrive/Underwater Audio Data/data/Vessels/Yacht_18.08.23_125756_20secCPA.wav,3.0
/content/drive/MyDrive/Underwater Audio Data/processed/Vessels/Yacht_18.08.23_125756_20secCPA_chunk3.wav,Vessels,/content/drive/MyDrive/Underwater Audio Data/data/Vessels/Yacht_18.08.23_125756_20secCPA.wav,3.0
/content/drive/MyDrive/Underwater Audio Data/processed/Vessels/Yacht_18.08.23_125756_20secCPA_chunk4.wav,Vessels,/content/drive/MyDrive/Underwater Audio Data/data/Vessels/Yacht_18.08.23_125756_20secCPA.wav,3.0
/content/drive/MyDrive/Underwater Audio Data/processed/Vessels/Yacht_18.08.23_125756_20secCPA_chunk5.wav,Vessels,/content/drive/MyDrive/Underwater Audio Data/data/Vessels/Yacht_18.08.23_125756_20secCPA.wav,3.0
/content/drive/MyDrive/Underwater Audio Data/processed/Vessels/Yacht_18.08.23_125756_20secCPA_chunk6.wav,Vessels,/content/drive/MyDrive/Underwater Audio Data/data/Vessels/Yacht_18.08.23_125756_20secCPA.wav,3.0
/content/drive/MyDrive/Underwater Audio Data/processed/Vessels/Yacht_18.08.23_125756_20secCPA_chunk7.wav,Vessels,/content/drive/MyDrive/Underwater Audio Data/data/Vessels/Yacht_18.08.23_125756_20secCPA.wav,3.0
/content/drive/MyDrive/Underwater Audio Data/processed/Vessels/Yacht_18.08.23_125756_20secCPA_chunk8.wav,Vessels,/content/drive/MyDrive/Underwater Audio Data/data/Vessels/Yacht_18.08.23_125756_20secCPA.wav,3.0
/content/drive/MyDrive/Underwater Audio Data/processed/Vessels/Yacht_18.08.23_125756_20secCPA_chunk9.wav,Vessels,/content/drive/MyDrive/Underwater Audio Data/data/Vessels/Yacht_18.08.23_125756_20secCPA.wav,3.0
/content/drive/MyDrive/Underwater Audio Data/processed/Vessels/Yacht_18.08.23_125756_20secCPA_chunk10.wav,Vessels,/content/drive/MyDrive/Underwater Audio Data/data/Vessels/Yacht_18.08.23_125756_20secCPA.wav,3.0
/content/drive/MyDrive/Underwater Audio Data/processed/Vessels/Yacht_18.08.23_125756_20secCPA_chunk11.wav,Vessels,/content/drive/MyDrive/Underwater Audio Data/data/Vessels/Yacht_18.08.23_125756_20secCPA.wav,3.0
/content/drive/MyDrive/Underwater Audio Data/processed/Vessels/Yacht_18.08.23_125756_20secCPA_chunk12.wav,Vessels,/content/drive/MyDrive/Underwater Audio Data/data/Vessels/Yacht_18.08.23_125756_20secCPA.wav,3.0
/content/drive/MyDrive/Underwater Audio Data/processed/Vessels/Jadrolinija_01.09.23_113815_20secCPA_chunk0.wav,Vessels,/content/drive/MyDrive/Underwater Audio Data/data/Vessels/Jadrolinija_01.09.23_113815_20secCPA.wav,3.0
/content/drive/MyDrive/Underwater Audio Data/processed/Vessels/Jadrolinija_01.09.23_113815_20secCPA_chunk1.wav,Vessels,/content/drive/MyDrive/Underwater Audio Data/data/Vessels/Jadrolinija_01.09.23_113815_20secCPA.wav,3.0
/content/drive/MyDrive/Underwater Audio Data/processed/Vessels/Jadrolinija_01.09.23_113815_20secCPA_chunk2.wav,Vessels,/content/drive/MyDrive/Underwater Audio Data/data/Vessels/Jadrolinija_01.09.23_113815_20secCPA.wav,3.0
/content/drive/MyDrive/Underwater Audio Data/processed/Vessels/Jadrolinija_01.09.23_113815_20secCPA_chunk3.wav,Vessels,/content/drive/MyDrive/Underwater Audio Data/data/Vessels/Jadrolinija_01.09.23_113815_20secCPA.wav,3.0
/content/drive/MyDrive/Underwater Audio Data/processed/Vessels/Jadrolinija_01.09.23_113815_20secCPA_chunk4.wav,Vessels,/content/drive/MyDrive/Underwater Audio Data/data/Vessels/Jadrolinija_01.09.23_113815_20secCPA.wav,3.0
/content/drive/MyDrive/Underwater Audio Data/processed/Vessels/Jadrolinija_01.09.23_113815_20secCPA_chunk5.wav,Vessels,/content/drive/MyDrive/Underwater Audio Data/data/Vessels/Jadrolinija_01.09.23_113815_20secCPA.wav,3.0
/content/drive/MyDrive/Underwater Audio Data/processed/Vessels/Jadrolinija_01.09.23_113815_20secCPA_chunk6.wav,Vessels,/content/drive/MyDrive/Underwater Audio Data/data/Vessels/Jadrolinija_01.09.23_113815_20secCPA.wav,3.0
/content/drive/MyDrive/Underwater Audio Data/processed/Vessels/Jadrolinija_01.09.23_113815_20secCPA_chunk7.wav,Vessels,/content/drive/MyDrive/Underwater Audio Data/data/Vessels/Jadrolinija_01.09.23_113815_20secCPA.wav,3.0
/content/drive/MyDrive/Underwater Audio Data/processed/Vessels/Jadrolinija_01.09.23_113815_20secCPA_chunk8.wav,Vessels,/content/drive/MyDrive/Underwater Audio Data/data/Vessels/Jadrolinija_01.09.23_113815_20secCPA.wav,3.0
/content/drive/MyDrive/Underwater Audio Data/processed/Vessels/Jadrolinija_01.09.23_113815_20secCPA_chunk9.wav,Vessels,/content/drive/MyDrive/Underwater Audio Data/data/Vessels/Jadrolinija_01.09.23_113815_20secCPA.wav,3.0
/content/drive/MyDrive/Underwater Audio Data/processed/Vessels/Jadrolinija_01.09.23_113815_20secCPA_chunk10.wav,Vessels,/content/drive/MyDrive/Underwater Audio Data/data/Vessels/Jadrolinija_01.09.23_113815_20secCPA.wav,3.0
/content/drive/MyDrive/Underwater Audio Data/processed/Vessels/Jadrolinija_01.09.23_113815_20secCPA_chunk11.wav,Vessels,/content/drive/MyDrive/Underwater Audio Data/data/Vessels/Jadrolinija_01.09.23_113815_20secCPA.wav,3.0
/content/drive/MyDrive/Underwater Audio Data/processed/Vessels/Jadrolinija_01.09.23_113815_20secCPA_chunk12.wav,Vessels,/content/drive/MyDrive/Underwater Audio Data/data/Vessels/Jadrolinija_01.09.23_113815_20secCPA.wav,3.0
/content/drive/MyDrive/Underwater Audio Data/processed/Vessels/Jadrolinija_22.08.23_113853_20secCPA_chunk0.wav,Vessels,/content/drive/MyDrive/Underwater Audio Data/data/Vessels/Jadrolinija_22.08.23_113853_20secCPA.wav,3.0
/content/drive/MyDrive/Underwater Audio Data/processed/Vessels/Jadrolinija_22.08.23_113853_20secCPA_chunk1.wav,Vessels,/content/drive/MyDrive/Underwater Audio Data/data/Vessels/Jadrolinija_22.08.23_113853_20secCPA.wav,3.0
/content/drive/MyDrive/Underwater Audio Data/processed/Vessels/Jadrolinija_22.08.23_113853_20secCPA_chunk2.wav,Vessels,/content/drive/MyDrive/Underwater Audio Data/data/Vessels/Jadrolinija_22.08.23_113853_20secCPA.wav,3.0
/content/drive/MyDrive/Underwater Audio Data/processed/Vessels/Jadrolinija_22.08.23_113853_20secCPA_chunk3.wav,Vessels,/content/drive/MyDrive/Underwater Audio Data/data/Vessels/Jadrolinija_22.08.23_113853_20secCPA.wav,3.0
/content/drive/MyDrive/Underwater Audio Data/processed/Vessels/Jadrolinija_22.08.23_113853_20secCPA_chunk4.wav,Vessels,/content/drive/MyDrive/Underwater Audio Data/data/Vessels/Jadrolinija_22.08.23_113853_20secCPA.wav,3.0
/content/drive/MyDrive/Underwater Audio Data/processed/Vessels/Jadrolinija_22.08.23_113853_20secCPA_chunk5.wav,Vessels,/content/drive/MyDrive/Underwater Audio Data/data/Vessels/Jadrolinija_22.08.23_113853_20secCPA.wav,3.0
/content/drive/MyDrive/Underwater Audio Data/processed/Vessels/Jadrolinija_22.08.23_113853_20secCPA_chunk6.wav,Vessels,/content/drive/MyDrive/Underwater Audio Data/data/Vessels/Jadrolinija_22.08.23_113853_20secCPA.wav,3.0
/content/drive/MyDrive/Underwater Audio Data/processed/Vessels/Jadrolinija_22.08.23_113853_20secCPA_chunk7.wav,Vessels,/content/drive/MyDrive/Underwater Audio Data/data/Vessels/Jadrolinija_22.08.23_113853_20secCPA.wav,3.0
/content/drive/MyDrive/Underwater Audio Data/processed/Vessels/Jadrolinija_22.08.23_113853_20secCPA_chunk8.wav,Vessels,/content/drive/MyDrive/Underwater Audio Data/data/Vessels/Jadrolinija_22.08.23_113853_20secCPA.wav,3.0
/content/drive/MyDrive/Underwater Audio Data/processed/Vessels/Jadrolinija_22.08.23_113853_20secCPA_chunk9.wav,Vessels,/content/drive/MyDrive/Underwater Audio Data/data/Vessels/Jadrolinija_22.08.23_113853_20secCPA.wav,3.0
/content/drive/MyDrive/Underwater Audio Data/processed/Vessels/Jadrolinija_22.08.23_113853_20secCPA_chunk10.wav,Vessels,/content/drive/MyDrive/Underwater Audio Data/data/Vessels/Jadrolinija_22.08.23_113853_20secCPA.wav,3.0
/content/drive/MyDrive/Underwater Audio Data/processed/Vessels/Jadrolinija_22.08.23_113853_20secCPA_chunk11.wav,Vessels,/content/drive/MyDrive/Underwater Audio Data/data/Vessels/Jadrolinija_22.08.23_113853_20secCPA.wav,3.0
/content/drive/MyDrive/Underwater Audio Data/processed/Vessels/Jadrolinija_22.08.23_113853_20secCPA_chunk12.wav,Vessels,/content/drive/MyDrive/Underwater Audio Data/data/Vessels/Jadrolinija_22.08.23_113853_20secCPA.wav,3.0
/content/drive/MyDrive/Underwater Audio Data/processed/Vessels/Motorboat_01.09.23_090454_20secCPA_chunk0.wav,Vessels,/content/drive/MyDrive/Underwater Audio Data/data/Vessels/Motorboat_01.09.23_090454_20secCPA.wav,3.0
/content/drive/MyDrive/Underwater Audio Data/processed/Vessels/Motorboat_01.09.23_090454_20secCPA_chunk1.wav,Vessels,/content/drive/MyDrive/Underwater Audio Data/data/Vessels/Motorboat_01.09.23_090454_20secCPA.wav,3.0
/content/drive/MyDrive/Underwater Audio Data/processed/Vessels/Motorboat_01.09.23_090454_20secCPA_chunk2.wav,Vessels,/content/drive/MyDrive/Underwater Audio Data/data/Vessels/Motorboat_01.09.23_090454_20secCPA.wav,3.0
/content/drive/MyDrive/Underwater Audio Data/processed/Vessels/Motorboat_01.09.23_090454_20secCPA_chunk3.wav,Vessels,/content/drive/MyDrive/Underwater Audio Data/data/Vessels/Motorboat_01.09.23_090454_20secCPA.wav,3.0
/content/drive/MyDrive/Underwater Audio Data/processed/Vessels/Motorboat_01.09.23_090454_20secCPA_chunk4.wav,Vessels,/content/drive/MyDrive/Underwater Audio Data/data/Vessels/Motorboat_01.09.23_090454_20secCPA.wav,3.0
/content/drive/MyDrive/Underwater Audio Data/processed/Vessels/Motorboat_01.09.23_090454_20secCPA_chunk5.wav,Vessels,/content/drive/MyDrive/Underwater Audio Data/data/Vessels/Motorboat_01.09.23_090454_20secCPA.wav,3.0
/content/drive/MyDrive/Underwater Audio Data/processed/Vessels/Motorboat_01.09.23_090454_20secCPA_chunk6.wav,Vessels,/content/drive/MyDrive/Underwater Audio Data/data/Vessels/Motorboat_01.09.23_090454_20secCPA.wav,3.0
/content/drive/MyDrive/Underwater Audio Data/processed/Vessels/Motorboat_01.09.23_090454_20secCPA_chunk7.wav,Vessels,/content/drive/MyDrive/Underwater Audio Data/data/Vessels/Motorboat_01.09.23_090454_20secCPA.wav,3.0
/content/drive/MyDrive/Underwater Audio Data/processed/Vessels/Motorboat_01.09.23_090454_20secCPA_chunk8.wav,Vessels,/content/drive/MyDrive/Underwater Audio Data/data/Vessels/Motorboat_01.09.23_090454_20secCPA.wav,3.0
/content/drive/MyDrive/Underwater Audio Data/processed/Vessels/Motorboat_01.09.23_090454_20secCPA_chunk9.wav,Vessels,/content/drive/MyDrive/Underwater Audio Data/data/Vessels/Motorboat_01.09.23_090454_20secCPA.wav,3.0
/content/drive/MyDrive/Underwater Audio Data/processed/Vessels/Motorboat_01.09.23_090454_20secCPA_chunk10.wav,Vessels,/content/drive/MyDrive/Underwater Audio Data/data/Vessels/Motorboat_01.09.23_090454_20secCPA.wav,3.0
/content/drive/MyDrive/Underwater Audio Data/processed/Vessels/Motorboat_01.09.23_090454_20secCPA_chunk11.wav,Vessels,/content/drive/MyDrive/Underwater Audio Data/data/Vessels/Motorboat_01.09.23_090454_20secCPA.wav,3.0
/content/drive/MyDrive/Underwater Audio Data/processed/Vessels/Motorboat_01.09.23_090454_20secCPA_chunk12.wav,Vessels,/content/drive/MyDrive/Underwater Audio Data/data/Vessels/Motorboat_01.09.23_090454_20secCPA.wav,3.0
/content/drive/MyDrive/Underwater Audio Data/processed/Vessels/Kapetan MRS_23.08.23_175306_20secCPA_chunk0.wav,Vessels,/content/drive/MyDrive/Underwater Audio Data/data/Vessels/Kapetan MRS_23.08.23_175306_20secCPA.wav,3.0
/content/drive/MyDrive/Underwater Audio Data/processed/Vessels/Kapetan MRS_23.08.23_175306_20secCPA_chunk1.wav,Vessels,/content/drive/MyDrive/Underwater Audio Data/data/Vessels/Kapetan MRS_23.08.23_175306_20secCPA.wav,3.0
/content/drive/MyDrive/Underwater Audio Data/processed/Vessels/Kapetan MRS_23.08.23_175306_20secCPA_chunk2.wav,Vessels,/content/drive/MyDrive/Underwater Audio Data/data/Vessels/Kapetan MRS_23.08.23_175306_20secCPA.wav,3.0
/content/drive/MyDrive/Underwater Audio Data/processed/Vessels/Kapetan MRS_23.08.23_175306_20secCPA_chunk3.wav,Vessels,/content/drive/MyDrive/Underwater Audio Data/data/Vessels/Kapetan MRS_23.08.23_175306_20secCPA.wav,3.0
/content/drive/MyDrive/Underwater Audio Data/processed/Vessels/Kapetan MRS_23.08.23_175306_20secCPA_chunk4.wav,Vessels,/content/drive/MyDrive/Underwater Audio Data/data/Vessels/Kapetan MRS_23.08.23_175306_20secCPA.wav,3.0
/content/drive/MyDrive/Underwater Audio Data/processed/Vessels/Kapetan MRS_23.08.23_175306_20secCPA_chunk5.wav,Vessels,/content/drive/MyDrive/Underwater Audio Data/data/Vessels/Kapetan MRS_23.08.23_175306_20secCPA.wav,3.0
/content/drive/MyDrive/Underwater Audio Data/processed/Vessels/Kapetan MRS_23.08.23_175306_20secCPA_chunk6.wav,Vessels,/content/drive/MyDrive/Underwater Audio Data/data/Vessels/Kapetan MRS_23.08.23_175306_20secCPA.wav,3.0
/content/drive/MyDrive/Underwater Audio Data/processed/Vessels/Kapetan MRS_23.08.23_175306_20secCPA_chunk7.wav,Vessels,/content/drive/MyDrive/Underwater Audio Data/data/Vessels/Kapetan MRS_23.08.23_175306_20secCPA.wav,3.0
/content/drive/MyDrive/Underwater Audio Data/processed/Vessels/Kapetan MRS_23.08.23_175306_20secCPA_chunk8.wav,Vessels,/content/drive/MyDrive/Underwater Audio Data/data/Vessels/Kapetan MRS_23.08.23_175306_20secCPA.wav,3.0
/content/drive/MyDrive/Underwater Audio Data/processed/Vessels/Kapetan MRS_23.08.23_175306_20secCPA_chunk9.wav,Vessels,/content/drive/MyDrive/Underwater Audio Data/data/Vessels/Kapetan MRS_23.08.23_175306_20secCPA.wav,3.0
/content/drive/MyDrive/Underwater Audio Data/processed/Vessels/Kapetan MRS_23.08.23_175306_20secCPA_chunk10.wav,Vessels,/content/drive/MyDrive/Underwater Audio Data/data/Vessels/Kapetan MRS_23.08.23_175306_20secCPA.wav,3.0
/content/drive/MyDrive/Underwater Audio Data/processed/Vessels/Kapetan MRS_23.08.23_175306_20secCPA_chunk11.wav,Vessels,/content/drive/MyDrive/Underwater Audio Data/data/Vessels/Kapetan MRS_23.08.23_175306_20secCPA.wav,3.0
/content/drive/MyDrive/Underwater Audio Data/processed/Vessels/Kapetan MRS_23.08.23_175306_20secCPA_chunk12.wav,Vessels,/content/drive/MyDrive/Underwater Audio Data/data/Vessels/Kapetan MRS_23.08.23_175306_20secCPA.wav,3.0
/content/drive/MyDrive/Underwater Audio Data/processed/Vessels/outboard engine (4)_chunk0.wav,Vessels,/content/drive/MyDrive/Underwater Audio Data/data/Vessels/outboard engine (4).wav,3.0
/content/drive/MyDrive/Underwater Audio Data/processed/Vessels/outboard engine (4)_chunk1.wav,Vessels,/content/drive/MyDrive/Underwater Audio Data/data/Vessels/outboard engine (4).wav,3.0
/content/drive/MyDrive/Underwater Audio Data/processed/Vessels/outboard engine (4)_chunk2.wav,Vessels,/content/drive/MyDrive/Underwater Audio Data/data/Vessels/outboard engine (4).wav,3.0
/content/drive/MyDrive/Underwater Audio Data/processed/Vessels/outboard engine (4)_chunk3.wav,Vessels,/content/drive/MyDrive/Underwater Audio Data/data/Vessels/outboard engine (4).wav,3.0
/content/drive/MyDrive/Underwater Audio Data/processed/Vessels/outboard engine (4)_chunk4.wav,Vessels,/content/drive/MyDrive/Underwater Audio Data/data/Vessels/outboard engine (4).wav,3.0
/content/drive/MyDrive/Underwater Audio Data/processed/Vessels/outboard engine (4)_chunk5.wav,Vessels,/content/drive/MyDrive/Underwater Audio Data/data/Vessels/outboard engine (4).wav,3.0
/content/drive/MyDrive/Underwater Audio Data/processed/Vessels/diesel powered vessel_chunk0.wav,Vessels,/content/drive/MyDrive/Underwater Audio Data/data/Vessels/diesel powered vessel.wav,3.0
/content/drive/MyDrive/Underwater Audio Data/processed/Vessels/diesel powered vessel_chunk1.wav,Vessels,/content/drive/MyDrive/Underwater Audio Data/data/Vessels/diesel powered vessel.wav,3.0
/content/drive/MyDrive/Underwater Audio Data/processed/Vessels/diesel powered vessel_chunk2.wav,Vessels,/content/drive/MyDrive/Underwater Audio Data/data/Vessels/diesel powered vessel.wav,3.0
/content/drive/MyDrive/Underwater Audio Data/processed/Vessels/diesel powered vessel_chunk3.wav,Vessels,/content/drive/MyDrive/Underwater Audio Data/data/Vessels/diesel powered vessel.wav,3.0
/content/drive/MyDrive/Underwater Audio Data/processed/Vessels/diesel powered vessel_chunk4.wav,Vessels,/content/drive/MyDrive/Underwater Audio Data/data/Vessels/diesel powered vessel.wav,3.0
/content/drive/MyDrive/Underwater Audio Data/processed/Vessels/diesel powered vessel_chunk5.wav,Vessels,/content/drive/MyDrive/Underwater Audio Data/data/Vessels/diesel powered vessel.wav,3.0
/content/drive/MyDrive/Underwater Audio Data/processed/Vessels/diesel powered vessel_chunk6.wav,Vessels,/content/drive/MyDrive/Underwater Audio Data/data/Vessels/diesel powered vessel.wav,3.0
/content/drive/MyDrive/Underwater Audio Data/processed/Vessels/diesel powered vessel_chunk7.wav,Vessels,/content/drive/MyDrive/Underwater Audio Data/data/Vessels/diesel powered vessel.wav,3.0
/content/drive/MyDrive/Underwater Audio Data/processed/Vessels/diesel powered vessel_chunk8.wav,Vessels,/content/drive/MyDrive/Underwater Audio Data/data/Vessels/diesel powered vessel.wav,3.0
/content/drive/MyDrive/Underwater Audio Data/processed/Vessels/diesel powered vessel_chunk9.wav,Vessels,/content/drive/MyDrive/Underwater Audio Data/data/Vessels/diesel powered vessel.wav,3.0
/content/drive/MyDrive/Underwater Audio Data/processed/Vessels/diesel powered vessel_chunk10.wav,Vessels,/content/drive/MyDrive/Underwater Audio Data/data/Vessels/diesel powered vessel.wav,3.0
/content/drive/MyDrive/Underwater Audio Data/processed/Vessels/diesel powered vessel_chunk11.wav,Vessels,/content/drive/MyDrive/Underwater Audio Data/data/Vessels/diesel powered vessel.wav,3.0
/content/drive/MyDrive/Underwater Audio Data/processed/Vessels/diesel powered vessel_chunk12.wav,Vessels,/content/drive/MyDrive/Underwater Audio Data/data/Vessels/diesel powered vessel.wav,3.0
/content/drive/MyDrive/Underwater Audio Data/processed/Vessels/diesel powered vessel_chunk13.wav,Vessels,/content/drive/MyDrive/Underwater Audio Data/data/Vessels/diesel powered vessel.wav,3.0
/content/drive/MyDrive/Underwater Audio Data/processed/Vessels/diesel powered vessel_chunk14.wav,Vessels,/content/drive/MyDrive/Underwater Audio Data/data/Vessels/diesel powered vessel.wav,3.0
/content/drive/MyDrive/Underwater Audio Data/processed/Vessels/diesel powered vessel_chunk15.wav,Vessels,/content/drive/MyDrive/Underwater Audio Data/data/Vessels/diesel powered vessel.wav,3.0
/content/drive/MyDrive/Underwater Audio Data/processed/Vessels/diesel powered vessel_chunk16.wav,Vessels,/content/drive/MyDrive/Underwater Audio Data/data/Vessels/diesel powered vessel.wav,3.0
/content/drive/MyDrive/Underwater Audio Data/processed/Vessels/diesel powered vessel_chunk17.wav,Vessels,/content/drive/MyDrive/Underwater Audio Data/data/Vessels/diesel powered vessel.wav,3.0
/content/drive/MyDrive/Underwater Audio Data/processed/Vessels/diesel powered vessel_chunk18.wav,Vessels,/content/drive/MyDrive/Underwater Audio Data/data/Vessels/diesel powered vessel.wav,3.0
/content/drive/MyDrive/Underwater Audio Data/processed/Vessels/diesel powered vessel_chunk19.wav,Vessels,/content/drive/MyDrive/Underwater Audio Data/data/Vessels/diesel powered vessel.wav,3.0
/content/drive/MyDrive/Underwater Audio Data/processed/Vessels/outboard engine (3)_chunk0.wav,Vessels,/content/drive/MyDrive/Underwater Audio Data/data/Vessels/outboard engine (3).wav,3.0
/content/drive/MyDrive/Underwater Audio Data/processed/Vessels/outboard engine (3)_chunk1.wav,Vessels,/content/drive/MyDrive/Underwater Audio Data/data/Vessels/outboard engine (3).wav,3.0
/content/drive/MyDrive/Underwater Audio Data/processed/Vessels/outboard engine (3)_chunk2.wav,Vessels,/content/drive/MyDrive/Underwater Audio Data/data/Vessels/outboard engine (3).wav,3.0
/content/drive/MyDrive/Underwater Audio Data/processed/Vessels/outboard engine (3)_chunk3.wav,Vessels,/content/drive/MyDrive/Underwater Audio Data/data/Vessels/outboard engine (3).wav,3.0
/content/drive/MyDrive/Underwater Audio Data/processed/Vessels/outboard engine (3)_chunk4.wav,Vessels,/content/drive/MyDrive/Underwater Audio Data/data/Vessels/outboard engine (3).wav,3.0
/content/drive/MyDrive/Underwater Audio Data/processed/Vessels/outboard engine (3)_chunk5.wav,Vessels,/content/drive/MyDrive/Underwater Audio Data/data/Vessels/outboard engine (3).wav,3.0
/content/drive/MyDrive/Underwater Audio Data/processed/Vessels/outboard engine (2)_chunk0.wav,Vessels,/content/drive/MyDrive/Underwater Audio Data/data/Vessels/outboard engine (2).wav,3.0
/content/drive/MyDrive/Underwater Audio Data/processed/Vessels/outboard engine (2)_chunk1.wav,Vessels,/content/drive/MyDrive/Underwater Audio Data/data/Vessels/outboard engine (2).wav,3.0
/content/drive/MyDrive/Underwater Audio Data/processed/Vessels/outboard engine (2)_chunk2.wav,Vessels,/content/drive/MyDrive/Underwater Audio Data/data/Vessels/outboard engine (2).wav,3.0
/content/drive/MyDrive/Underwater Audio Data/processed/Vessels/outboard engine (2)_chunk3.wav,Vessels,/content/drive/MyDrive/Underwater Audio Data/data/Vessels/outboard engine (2).wav,3.0
/content/drive/MyDrive/Underwater Audio Data/processed/Vessels/outboard engine (2)_chunk4.wav,Vessels,/content/drive/MyDrive/Underwater Audio Data/data/Vessels/outboard engine (2).wav,3.0
/content/drive/MyDrive/Underwater Audio Data/processed/Vessels/outboard engine (2)_chunk5.wav,Vessels,/content/drive/MyDrive/Underwater Audio Data/data/Vessels/outboard engine (2).wav,3.0
/content/drive/MyDrive/Underwater Audio Data/processed/Vessels/outboard engine (2)_chunk6.wav,Vessels,/content/drive/MyDrive/Underwater Audio Data/data/Vessels/outboard engine (2).wav,3.0
/content/drive/MyDrive/Underwater Audio Data/processed/Vessels/outboard engine (2)_chunk7.wav,Vessels,/content/drive/MyDrive/Underwater Audio Data/data/Vessels/outboard engine (2).wav,3.0
/content/drive/MyDrive/Underwater Audio Data/processed/Vessels/outboard engine (2)_chunk8.wav,Vessels,/content/drive/MyDrive/Underwater Audio Data/data/Vessels/outboard engine (2).wav,3.0
/content/drive/MyDrive/Underwater Audio Data/processed/Vessels/outboard engine (2)_chunk9.wav,Vessels,/content/drive/MyDrive/Underwater Audio Data/data/Vessels/outboard engine (2).wav,3.0
/content/drive/MyDrive/Underwater Audio Data/processed/Vessels/outboard engine (2)_chunk10.wav,Vessels,/content/drive/MyDrive/Underwater Audio Data/data/Vessels/outboard engine (2).wav,3.0
/content/drive/MyDrive/Underwater Audio Data/processed/Vessels/outboard engine (2)_chunk11.wav,Vessels,/content/drive/MyDrive/Underwater Audio Data/data/Vessels/outboard engine (2).wav,3.0
/content/drive/MyDrive/Underwater Audio Data/processed/Vessels/outboard engine (2)_chunk12.wav,Vessels,/content/drive/MyDrive/Underwater Audio Data/data/Vessels/outboard engine (2).wav,3.0
/content/drive/MyDrive/Underwater Audio Data/processed/Vessels/outboard engine (2)_chunk13.wav,Vessels,/content/drive/MyDrive/Underwater Audio Data/data/Vessels/outboard engine (2).wav,3.0
/content/drive/MyDrive/Underwater Audio Data/processed/Vessels/outboard engine (2)_chunk14.wav,Vessels,/content/drive/MyDrive/Underwater Audio Data/data/Vessels/outboard engine (2).wav,3.0
/content/drive/MyDrive/Underwater Audio Data/processed/Vessels/outboard engine (2)_chunk15.wav,Vessels,/content/drive/MyDrive/Underwater Audio Data/data/Vessels/outboard engine (2).wav,3.0
/content/drive/MyDrive/Underwater Audio Data/processed/Vessels/outboard engine (2)_chunk16.wav,Vessels,/content/drive/MyDrive/Underwater Audio Data/data/Vessels/outboard engine (2).wav,3.0
/content/drive/MyDrive/Underwater Audio Data/processed/Vessels/outboard engine (2)_chunk17.wav,Vessels,/content/drive/MyDrive/Underwater Audio Data/data/Vessels/outboard engine (2).wav,3.0
/content/drive/MyDrive/Underwater Audio Data/processed/Vessels/outboard engine (2)_chunk18.wav,Vessels,/content/drive/MyDrive/Underwater Audio Data/data/Vessels/outboard engine (2).wav,3.0
/content/drive/MyDrive/Underwater Audio Data/processed/Vessels/outboard engine (2)_chunk19.wav,Vessels,/content/drive/MyDrive/Underwater Audio Data/data/Vessels/outboard engine (2).wav,3.0
/content/drive/MyDrive/Underwater Audio Data/processed/Vessels/small vessel_chunk0.wav,Vessels,/content/drive/MyDrive/Underwater Audio Data/data/Vessels/small vessel.wav,3.0
/content/drive/MyDrive/Underwater Audio Data/processed/Vessels/small vessel_chunk1.wav,Vessels,/content/drive/MyDrive/Underwater Audio Data/data/Vessels/small vessel.wav,3.0
/content/drive/MyDrive/Underwater Audio Data/processed/Vessels/small vessel_chunk2.wav,Vessels,/content/drive/MyDrive/Underwater Audio Data/data/Vessels/small vessel.wav,3.0
/content/drive/MyDrive/Underwater Audio Data/processed/Vessels/large vessel_chunk0.wav,Vessels,/content/drive/MyDrive/Underwater Audio Data/data/Vessels/large vessel.wav,3.0
/content/drive/MyDrive/Underwater Audio Data/processed/Vessels/large vessel_chunk1.wav,Vessels,/content/drive/MyDrive/Underwater Audio Data/data/Vessels/large vessel.wav,3.0
/content/drive/MyDrive/Underwater Audio Data/processed/Vessels/large vessel_chunk2.wav,Vessels,/content/drive/MyDrive/Underwater Audio Data/data/Vessels/large vessel.wav,3.0
/content/drive/MyDrive/Underwater Audio Data/processed/Vessels/large vessel_chunk3.wav,Vessels,/content/drive/MyDrive/Underwater Audio Data/data/Vessels/large vessel.wav,3.0
/content/drive/MyDrive/Underwater Audio Data/processed/Vessels/large vessel_chunk4.wav,Vessels,/content/drive/MyDrive/Underwater Audio Data/data/Vessels/large vessel.wav,3.0
/content/drive/MyDrive/Underwater Audio Data/processed/Vessels/large vessel_chunk5.wav,Vessels,/content/drive/MyDrive/Underwater Audio Data/data/Vessels/large vessel.wav,3.0
/content/drive/MyDrive/Underwater Audio Data/processed/Vessels/large vessel_chunk6.wav,Vessels,/content/drive/MyDrive/Underwater Audio Data/data/Vessels/large vessel.wav,3.0
/content/drive/MyDrive/Underwater Audio Data/processed/Vessels/large vessel_chunk7.wav,Vessels,/content/drive/MyDrive/Underwater Audio Data/data/Vessels/large vessel.wav,3.0
/content/drive/MyDrive/Underwater Audio Data/processed/Vessels/large vessel_chunk8.wav,Vessels,/content/drive/MyDrive/Underwater Audio Data/data/Vessels/large vessel.wav,3.0
/content/drive/MyDrive/Underwater Audio Data/processed/Vessels/large vessel_chunk9.wav,Vessels,/content/drive/MyDrive/Underwater Audio Data/data/Vessels/large vessel.wav,3.0
/content/drive/MyDrive/Underwater Audio Data/processed/Vessels/large vessel_chunk10.wav,Vessels,/content/drive/MyDrive/Underwater Audio Data/data/Vessels/large vessel.wav,3.0
/content/drive/MyDrive/Underwater Audio Data/processed/Vessels/large vessel_chunk11.wav,Vessels,/content/drive/MyDrive/Underwater Audio Data/data/Vessels/large vessel.wav,3.0
/content/drive/MyDrive/Underwater Audio Data/processed/Vessels/large vessel_chunk12.wav,Vessels,/content/drive/MyDrive/Underwater Audio Data/data/Vessels/large vessel.wav,3.0
/content/drive/MyDrive/Underwater Audio Data/processed/Vessels/large vessel_chunk13.wav,Vessels,/content/drive/MyDrive/Underwater Audio Data/data/Vessels/large vessel.wav,3.0
/content/drive/MyDrive/Underwater Audio Data/processed/Vessels/large vessel_chunk14.wav,Vessels,/content/drive/MyDrive/Underwater Audio Data/data/Vessels/large vessel.wav,3.0
/content/drive/MyDrive/Underwater Audio Data/processed/Vessels/large vessel_chunk15.wav,Vessels,/content/drive/MyDrive/Underwater Audio Data/data/Vessels/large vessel.wav,3.0
/content/drive/MyDrive/Underwater Audio Data/processed/Vessels/large vessel_chunk16.wav,Vessels,/content/drive/MyDrive/Underwater Audio Data/data/Vessels/large vessel.wav,3.0
/content/drive/MyDrive/Underwater Audio Data/processed/Vessels/large vessel_chunk17.wav,Vessels,/content/drive/MyDrive/Underwater Audio Data/data/Vessels/large vessel.wav,3.0
/content/drive/MyDrive/Underwater Audio Data/processed/Vessels/large vessel_chunk18.wav,Vessels,/content/drive/MyDrive/Underwater Audio Data/data/Vessels/large vessel.wav,3.0
/content/drive/MyDrive/Underwater Audio Data/processed/Vessels/large vessel_chunk19.wav,Vessels,/content/drive/MyDrive/Underwater Audio Data/data/Vessels/large vessel.wav,3.0
/content/drive/MyDrive/Underwater Audio Data/processed/Vessels/large vessel_chunk20.wav,Vessels,/content/drive/MyDrive/Underwater Audio Data/data/Vessels/large vessel.wav,3.0
/content/drive/MyDrive/Underwater Audio Data/processed/Vessels/large vessel_chunk21.wav,Vessels,/content/drive/MyDrive/Underwater Audio Data/data/Vessels/large vessel.wav,3.0
/content/drive/MyDrive/Underwater Audio Data/processed/Vessels/large vessel_chunk22.wav,Vessels,/content/drive/MyDrive/Underwater Audio Data/data/Vessels/large vessel.wav,3.0
/content/drive/MyDrive/Underwater Audio Data/processed/Vessels/large vessel_chunk23.wav,Vessels,/content/drive/MyDrive/Underwater Audio Data/data/Vessels/large vessel.wav,3.0
/content/drive/MyDrive/Underwater Audio Data/processed/Vessels/large vessel_chunk24.wav,Vessels,/content/drive/MyDrive/Underwater Audio Data/data/Vessels/large vessel.wav,3.0
/content/drive/MyDrive/Underwater Audio Data/processed/Vessels/large vessel_chunk25.wav,Vessels,/content/drive/MyDrive/Underwater Audio Data/data/Vessels/large vessel.wav,3.0
/content/drive/MyDrive/Underwater Audio Data/processed/Vessels/large vessel_chunk26.wav,Vessels,/content/drive/MyDrive/Underwater Audio Data/data/Vessels/large vessel.wav,3.0
/content/drive/MyDrive/Underwater Audio Data/processed/Vessels/large vessel_chunk27.wav,Vessels,/content/drive/MyDrive/Underwater Audio Data/data/Vessels/large vessel.wav,3.0
/content/drive/MyDrive/Underwater Audio Data/processed/Vessels/large vessel_chunk28.wav,Vessels,/content/drive/MyDrive/Underwater Audio Data/data/Vessels/large vessel.wav,3.0
/content/drive/MyDrive/Underwater Audio Data/processed/Vessels/large vessel_chunk29.wav,Vessels,/content/drive/MyDrive/Underwater Audio Data/data/Vessels/large vessel.wav,3.0
/content/drive/MyDrive/Underwater Audio Data/processed/Vessels/large vessel_chunk30.wav,Vessels,/content/drive/MyDrive/Underwater Audio Data/data/Vessels/large vessel.wav,3.0
/content/drive/MyDrive/Underwater Audio Data/processed/Vessels/large vessel_chunk31.wav,Vessels,/content/drive/MyDrive/Underwater Audio Data/data/Vessels/large vessel.wav,3.0
/content/drive/MyDrive/Underwater Audio Data/processed/Vessels/large vessel_chunk32.wav,Vessels,/content/drive/MyDrive/Underwater Audio Data/data/Vessels/large vessel.wav,3.0
/content/drive/MyDrive/Underwater Audio Data/processed/Vessels/large vessel_chunk33.wav,Vessels,/content/drive/MyDrive/Underwater Audio Data/data/Vessels/large vessel.wav,3.0
/content/drive/MyDrive/Underwater Audio Data/processed/Vessels/large vessel_chunk34.wav,Vessels,/content/drive/MyDrive/Underwater Audio Data/data/Vessels/large vessel.wav,3.0
/content/drive/MyDrive/Underwater Audio Data/processed/Vessels/large vessel_chunk35.wav,Vessels,/content/drive/MyDrive/Underwater Audio Data/data/Vessels/large vessel.wav,3.0
/content/drive/MyDrive/Underwater Audio Data/processed/Vessels/large vessel_chunk36.wav,Vessels,/content/drive/MyDrive/Underwater Audio Data/data/Vessels/large vessel.wav,3.0
/content/drive/MyDrive/Underwater Audio Data/processed/Vessels/large vessel_chunk37.wav,Vessels,/content/drive/MyDrive/Underwater Audio Data/data/Vessels/large vessel.wav,3.0
/content/drive/MyDrive/Underwater Audio Data/processed/Vessels/large vessel_chunk38.wav,Vessels,/content/drive/MyDrive/Underwater Audio Data/data/Vessels/large vessel.wav,3.0
/content/drive/MyDrive/Underwater Audio Data/processed/Vessels/large vessel_chunk39.wav,Vessels,/content/drive/MyDrive/Underwater Audio Data/data/Vessels/large vessel.wav,3.0
/content/drive/MyDrive/Underwater Audio Data/processed/Vessels/large vessel_chunk40.wav,Vessels,/content/drive/MyDrive/Underwater Audio Data/data/Vessels/large vessel.wav,3.0
/content/drive/MyDrive/Underwater Audio Data/processed/Vessels/large vessel_chunk41.wav,Vessels,/content/drive/MyDrive/Underwater Audio Data/data/Vessels/large vessel.wav,3.0
/content/drive/MyDrive/Underwater Audio Data/processed/Vessels/large vessel_chunk42.wav,Vessels,/content/drive/MyDrive/Underwater Audio Data/data/Vessels/large vessel.wav,3.0
/content/drive/MyDrive/Underwater Audio Data/processed/Vessels/large vessel_chunk43.wav,Vessels,/content/drive/MyDrive/Underwater Audio Data/data/Vessels/large vessel.wav,3.0
/content/drive/MyDrive/Underwater Audio Data/processed/Vessels/large vessel_chunk44.wav,Vessels,/content/drive/MyDrive/Underwater Audio Data/data/Vessels/large vessel.wav,3.0
/content/drive/MyDrive/Underwater Audio Data/processed/Vessels/large vessel_chunk45.wav,Vessels,/content/drive/MyDrive/Underwater Audio Data/data/Vessels/large vessel.wav,3.0
/content/drive/MyDrive/Underwater Audio Data/processed/Vessels/large vessel_chunk46.wav,Vessels,/content/drive/MyDrive/Underwater Audio Data/data/Vessels/large vessel.wav,3.0
/content/drive/MyDrive/Underwater Audio Data/processed/Vessels/large vessel_chunk47.wav,Vessels,/content/drive/MyDrive/Underwater Audio Data/data/Vessels/large vessel.wav,3.0
/content/drive/MyDrive/Underwater Audio Data/processed/Vessels/large vessel_chunk48.wav,Vessels,/content/drive/MyDrive/Underwater Audio Data/data/Vessels/large vessel.wav,3.0
/content/drive/MyDrive/Underwater Audio Data/processed/Vessels/large vessel_chunk49.wav,Vessels,/content/drive/MyDrive/Underwater Audio Data/data/Vessels/large vessel.wav,3.0
/content/drive/MyDrive/Underwater Audio Data/processed/Vessels/large vessel_chunk50.wav,Vessels,/content/drive/MyDrive/Underwater Audio Data/data/Vessels/large vessel.wav,3.0
/content/drive/MyDrive/Underwater Audio Data/processed/Vessels/large vessel_chunk51.wav,Vessels,/content/drive/MyDrive/Underwater Audio Data/data/Vessels/large vessel.wav,3.0
/content/drive/MyDrive/Underwater Audio Data/processed/Vessels/large vessel_chunk52.wav,Vessels,/content/drive/MyDrive/Underwater Audio Data/data/Vessels/large vessel.wav,3.0
/content/drive/MyDrive/Underwater Audio Data/processed/Vessels/large vessel_chunk53.wav,Vessels,/content/drive/MyDrive/Underwater Audio Data/data/Vessels/large vessel.wav,3.0
/content/drive/MyDrive/Underwater Audio Data/processed/Vessels/large vessel_chunk54.wav,Vessels,/content/drive/MyDrive/Underwater Audio Data/data/Vessels/large vessel.wav,3.0
/content/drive/MyDrive/Underwater Audio Data/processed/Vessels/large vessel_chunk55.wav,Vessels,/content/drive/MyDrive/Underwater Audio Data/data/Vessels/large vessel.wav,3.0
/content/drive/MyDrive/Underwater Audio Data/processed/Vessels/large vessel_chunk56.wav,Vessels,/content/drive/MyDrive/Underwater Audio Data/data/Vessels/large vessel.wav,3.0
/content/drive/MyDrive/Underwater Audio Data/processed/Vessels/large vessel_chunk57.wav,Vessels,/content/drive/MyDrive/Underwater Audio Data/data/Vessels/large vessel.wav,3.0
/content/drive/MyDrive/Underwater Audio Data/processed/Vessels/large vessel_chunk58.wav,Vessels,/content/drive/MyDrive/Underwater Audio Data/data/Vessels/large vessel.wav,3.0
/content/drive/MyDrive/Underwater Audio Data/processed/Vessels/large vessel_chunk59.wav,Vessels,/content/drive/MyDrive/Underwater Audio Data/data/Vessels/large vessel.wav,3.0
/content/drive/MyDrive/Underwater Audio Data/processed/Vessels/large vessel_chunk60.wav,Vessels,/content/drive/MyDrive/Underwater Audio Data/data/Vessels/large vessel.wav,3.0
/content/drive/MyDrive/Underwater Audio Data/processed/Vessels/large vessel_chunk61.wav,Vessels,/content/drive/MyDrive/Underwater Audio Data/data/Vessels/large vessel.wav,3.0
/content/drive/MyDrive/Underwater Audio Data/processed/Vessels/large vessel_chunk62.wav,Vessels,/content/drive/MyDrive/Underwater Audio Data/data/Vessels/large vessel.wav,3.0
/content/drive/MyDrive/Underwater Audio Data/processed/Vessels/large vessel_chunk63.wav,Vessels,/content/drive/MyDrive/Underwater Audio Data/data/Vessels/large vessel.wav,3.0
/content/drive/MyDrive/Underwater Audio Data/processed/Vessels/large vessel_chunk64.wav,Vessels,/content/drive/MyDrive/Underwater Audio Data/data/Vessels/large vessel.wav,3.0
/content/drive/MyDrive/Underwater Audio Data/processed/Vessels/large vessel_chunk65.wav,Vessels,/content/drive/MyDrive/Underwater Audio Data/data/Vessels/large vessel.wav,3.0
/content/drive/MyDrive/Underwater Audio Data/processed/Vessels/large vessel_chunk66.wav,Vessels,/content/drive/MyDrive/Underwater Audio Data/data/Vessels/large vessel.wav,3.0
/content/drive/MyDrive/Underwater Audio Data/processed/Vessels/large vessel_chunk67.wav,Vessels,/content/drive/MyDrive/Underwater Audio Data/data/Vessels/large vessel.wav,3.0
/content/drive/MyDrive/Underwater Audio Data/processed/Vessels/large vessel_chunk68.wav,Vessels,/content/drive/MyDrive/Underwater Audio Data/data/Vessels/large vessel.wav,3.0
/content/drive/MyDrive/Underwater Audio Data/processed/Vessels/large vessel_chunk69.wav,Vessels,/content/drive/MyDrive/Underwater Audio Data/data/Vessels/large vessel.wav,3.0
/content/drive/MyDrive/Underwater Audio Data/processed/Vessels/large vessel_chunk70.wav,Vessels,/content/drive/MyDrive/Underwater Audio Data/data/Vessels/large vessel.wav,3.0
/content/drive/MyDrive/Underwater Audio Data/processed/Vessels/large vessel_chunk71.wav,Vessels,/content/drive/MyDrive/Underwater Audio Data/data/Vessels/large vessel.wav,3.0
/content/drive/MyDrive/Underwater Audio Data/processed/Vessels/large vessel_chunk72.wav,Vessels,/content/drive/MyDrive/Underwater Audio Data/data/Vessels/large vessel.wav,3.0
/content/drive/MyDrive/Underwater Audio Data/processed/Vessels/large vessel_chunk73.wav,Vessels,/content/drive/MyDrive/Underwater Audio Data/data/Vessels/large vessel.wav,3.0
/content/drive/MyDrive/Underwater Audio Data/processed/Vessels/large vessel_chunk74.wav,Vessels,/content/drive/MyDrive/Underwater Audio Data/data/Vessels/large vessel.wav,3.0
/content/drive/MyDrive/Underwater Audio Data/processed/Vessels/large vessel_chunk75.wav,Vessels,/content/drive/MyDrive/Underwater Audio Data/data/Vessels/large vessel.wav,3.0
/content/drive/MyDrive/Underwater Audio Data/processed/Vessels/large vessel_chunk76.wav,Vessels,/content/drive/MyDrive/Underwater Audio Data/data/Vessels/large vessel.wav,3.0
/content/drive/MyDrive/Underwater Audio Data/processed/Vessels/large vessel_chunk77.wav,Vessels,/content/drive/MyDrive/Underwater Audio Data/data/Vessels/large vessel.wav,3.0
/content/drive/MyDrive/Underwater Audio Data/processed/Vessels/large vessel_chunk78.wav,Vessels,/content/drive/MyDrive/Underwater Audio Data/data/Vessels/large vessel.wav,3.0
/content/drive/MyDrive/Underwater Audio Data/processed/Vessels/large vessel_chunk79.wav,Vessels,/content/drive/MyDrive/Underwater Audio Data/data/Vessels/large vessel.wav,3.0
/content/drive/MyDrive/Underwater Audio Data/processed/Vessels/large vessel_chunk80.wav,Vessels,/content/drive/MyDrive/Underwater Audio Data/data/Vessels/large vessel.wav,3.0
/content/drive/MyDrive/Underwater Audio Data/processed/Vessels/large vessel_chunk81.wav,Vessels,/content/drive/MyDrive/Underwater Audio Data/data/Vessels/large vessel.wav,3.0
/content/drive/MyDrive/Underwater Audio Data/processed/Vessels/large vessel_chunk82.wav,Vessels,/content/drive/MyDrive/Underwater Audio Data/data/Vessels/large vessel.wav,3.0
/content/drive/MyDrive/Underwater Audio Data/processed/Vessels/large vessel_chunk83.wav,Vessels,/content/drive/MyDrive/Underwater Audio Data/data/Vessels/large vessel.wav,3.0
/content/drive/MyDrive/Underwater Audio Data/processed/Vessels/large vessel_chunk84.wav,Vessels,/content/drive/MyDrive/Underwater Audio Data/data/Vessels/large vessel.wav,3.0
/content/drive/MyDrive/Underwater Audio Data/processed/Vessels/large vessel_chunk85.wav,Vessels,/content/drive/MyDrive/Underwater Audio Data/data/Vessels/large vessel.wav,3.0
/content/drive/MyDrive/Underwater Audio Data/processed/Vessels/large vessel_chunk86.wav,Vessels,/content/drive/MyDrive/Underwater Audio Data/data/Vessels/large vessel.wav,3.0
/content/drive/MyDrive/Underwater Audio Data/processed/Vessels/large vessel_chunk87.wav,Vessels,/content/drive/MyDrive/Underwater Audio Data/data/Vessels/large vessel.wav,3.0
/content/drive/MyDrive/Underwater Audio Data/processed/Vessels/large vessel_chunk88.wav,Vessels,/content/drive/MyDrive/Underwater Audio Data/data/Vessels/large vessel.wav,3.0
/content/drive/MyDrive/Underwater Audio Data/processed/Vessels/large vessel_chunk89.wav,Vessels,/content/drive/MyDrive/Underwater Audio Data/data/Vessels/large vessel.wav,3.0
/content/drive/MyDrive/Underwater Audio Data/processed/Vessels/large vessel_chunk90.wav,Vessels,/content/drive/MyDrive/Underwater Audio Data/data/Vessels/large vessel.wav,3.0
/content/drive/MyDrive/Underwater Audio Data/processed/Vessels/large vessel_chunk91.wav,Vessels,/content/drive/MyDrive/Underwater Audio Data/data/Vessels/large vessel.wav,3.0
/content/drive/MyDrive/Underwater Audio Data/processed/Vessels/large vessel_chunk92.wav,Vessels,/content/drive/MyDrive/Underwater Audio Data/data/Vessels/large vessel.wav,3.0
/content/drive/MyDrive/Underwater Audio Data/processed/Vessels/large vessel_chunk93.wav,Vessels,/content/drive/MyDrive/Underwater Audio Data/data/Vessels/large vessel.wav,3.0
/content/drive/MyDrive/Underwater Audio Data/processed/Vessels/large vessel_chunk94.wav,Vessels,/content/drive/MyDrive/Underwater Audio Data/data/Vessels/large vessel.wav,3.0
/content/drive/MyDrive/Underwater Audio Data/processed/Vessels/large vessel_chunk95.wav,Vessels,/content/drive/MyDrive/Underwater Audio Data/data/Vessels/large vessel.wav,3.0
/content/drive/MyDrive/Underwater Audio Data/processed/Vessels/large vessel_chunk96.wav,Vessels,/content/drive/MyDrive/Underwater Audio Data/data/Vessels/large vessel.wav,3.0
/content/drive/MyDrive/Underwater Audio Data/processed/Vessels/large vessel_chunk97.wav,Vessels,/content/drive/MyDrive/Underwater Audio Data/data/Vessels/large vessel.wav,3.0
/content/drive/MyDrive/Underwater Audio Data/processed/Vessels/large vessel_chunk98.wav,Vessels,/content/drive/MyDrive/Underwater Audio Data/data/Vessels/large vessel.wav,3.0
/content/drive/MyDrive/Underwater Audio Data/processed/Vessels/large vessel_chunk99.wav,Vessels,/content/drive/MyDrive/Underwater Audio Data/data/Vessels/large vessel.wav,3.0
/content/drive/MyDrive/Underwater Audio Data/processed/Vessels/large vessel_chunk100.wav,Vessels,/content/drive/MyDrive/Underwater Audio Data/data/Vessels/large vessel.wav,3.0
/content/drive/MyDrive/Underwater Audio Data/processed/Vessels/large vessel_chunk101.wav,Vessels,/content/drive/MyDrive/Underwater Audio Data/data/Vessels/large vessel.wav,3.0
/content/drive/MyDrive/Underwater Audio Data/processed/Vessels/large vessel_chunk102.wav,Vessels,/content/drive/MyDrive/Underwater Audio Data/data/Vessels/large vessel.wav,3.0
/content/drive/MyDrive/Underwater Audio Data/processed/Vessels/large vessel_chunk103.wav,Vessels,/content/drive/MyDrive/Underwater Audio Data/data/Vessels/large vessel.wav,3.0
/content/drive/MyDrive/Underwater Audio Data/processed/Vessels/large vessel_chunk104.wav,Vessels,/content/drive/MyDrive/Underwater Audio Data/data/Vessels/large vessel.wav,3.0
/content/drive/MyDrive/Underwater Audio Data/processed/Vessels/large vessel_chunk105.wav,Vessels,/content/drive/MyDrive/Underwater Audio Data/data/Vessels/large vessel.wav,3.0
/content/drive/MyDrive/Underwater Audio Data/processed/Vessels/large vessel_chunk106.wav,Vessels,/content/drive/MyDrive/Underwater Audio Data/data/Vessels/large vessel.wav,3.0
/content/drive/MyDrive/Underwater Audio Data/processed/Vessels/large vessel_chunk107.wav,Vessels,/content/drive/MyDrive/Underwater Audio Data/data/Vessels/large vessel.wav,3.0
/content/drive/MyDrive/Underwater Audio Data/processed/Vessels/large vessel_chunk108.wav,Vessels,/content/drive/MyDrive/Underwater Audio Data/data/Vessels/large vessel.wav,3.0
/content/drive/MyDrive/Underwater Audio Data/processed/Vessels/large vessel_chunk109.wav,Vessels,/content/drive/MyDrive/Underwater Audio Data/data/Vessels/large vessel.wav,3.0
/content/drive/MyDrive/Underwater Audio Data/processed/Vessels/large vessel_chunk110.wav,Vessels,/content/drive/MyDrive/Underwater Audio Data/data/Vessels/large vessel.wav,3.0
/content/drive/MyDrive/Underwater Audio Data/processed/Vessels/large vessel_chunk111.wav,Vessels,/content/drive/MyDrive/Underwater Audio Data/data/Vessels/large vessel.wav,3.0
/content/drive/MyDrive/Underwater Audio Data/processed/Vessels/large vessel_chunk112.wav,Vessels,/content/drive/MyDrive/Underwater Audio Data/data/Vessels/large vessel.wav,3.0
/content/drive/MyDrive/Underwater Audio Data/processed/Vessels/large vessel_chunk113.wav,Vessels,/content/drive/MyDrive/Underwater Audio Data/data/Vessels/large vessel.wav,3.0
/content/drive/MyDrive/Underwater Audio Data/processed/Vessels/large vessel_chunk114.wav,Vessels,/content/drive/MyDrive/Underwater Audio Data/data/Vessels/large vessel.wav,3.0
/content/drive/MyDrive/Underwater Audio Data/processed/Vessels/large vessel_chunk115.wav,Vessels,/content/drive/MyDrive/Underwater Audio Data/data/Vessels/large vessel.wav,3.0
/content/drive/MyDrive/Underwater Audio Data/processed/Vessels/large vessel_chunk116.wav,Vessels,/content/drive/MyDrive/Underwater Audio Data/data/Vessels/large vessel.wav,3.0
/content/drive/MyDrive/Underwater Audio Data/processed/Vessels/large vessel_chunk117.wav,Vessels,/content/drive/MyDrive/Underwater Audio Data/data/Vessels/large vessel.wav,3.0
/content/drive/MyDrive/Underwater Audio Data/processed/Vessels/large vessel_chunk118.wav,Vessels,/content/drive/MyDrive/Underwater Audio Data/data/Vessels/large vessel.wav,3.0
/content/drive/MyDrive/Underwater Audio Data/processed/Vessels/large vessel_chunk119.wav,Vessels,/content/drive/MyDrive/Underwater Audio Data/data/Vessels/large vessel.wav,3.0
/content/drive/MyDrive/Underwater Audio Data/processed/Vessels/large vessel_chunk120.wav,Vessels,/content/drive/MyDrive/Underwater Audio Data/data/Vessels/large vessel.wav,3.0
/content/drive/MyDrive/Underwater Audio Data/processed/Vessels/large vessel_chunk121.wav,Vessels,/content/drive/MyDrive/Underwater Audio Data/data/Vessels/large vessel.wav,3.0
/content/drive/MyDrive/Underwater Audio Data/processed/Vessels/large vessel_chunk122.wav,Vessels,/content/drive/MyDrive/Underwater Audio Data/data/Vessels/large vessel.wav,3.0
/content/drive/MyDrive/Underwater Audio Data/processed/Vessels/large vessel_chunk123.wav,Vessels,/content/drive/MyDrive/Underwater Audio Data/data/Vessels/large vessel.wav,3.0
/content/drive/MyDrive/Underwater Audio Data/processed/Vessels/large vessel_chunk124.wav,Vessels,/content/drive/MyDrive/Underwater Audio Data/data/Vessels/large vessel.wav,3.0
/content/drive/MyDrive/Underwater Audio Data/processed/Vessels/large vessel_chunk125.wav,Vessels,/content/drive/MyDrive/Underwater Audio Data/data/Vessels/large vessel.wav,3.0
/content/drive/MyDrive/Underwater Audio Data/processed/Vessels/large vessel_chunk126.wav,Vessels,/content/drive/MyDrive/Underwater Audio Data/data/Vessels/large vessel.wav,3.0
/content/drive/MyDrive/Underwater Audio Data/processed/Vessels/large vessel_chunk127.wav,Vessels,/content/drive/MyDrive/Underwater Audio Data/data/Vessels/large vessel.wav,3.0
/content/drive/MyDrive/Underwater Audio Data/processed/Vessels/large vessel_chunk128.wav,Vessels,/content/drive/MyDrive/Underwater Audio Data/data/Vessels/large vessel.wav,3.0
/content/drive/MyDrive/Underwater Audio Data/processed/Vessels/large vessel_chunk129.wav,Vessels,/content/drive/MyDrive/Underwater Audio Data/data/Vessels/large vessel.wav,3.0
/content/drive/MyDrive/Underwater Audio Data/processed/Vessels/large vessel_chunk130.wav,Vessels,/content/drive/MyDrive/Underwater Audio Data/data/Vessels/large vessel.wav,3.0
/content/drive/MyDrive/Underwater Audio Data/processed/Vessels/large vessel_chunk131.wav,Vessels,/content/drive/MyDrive/Underwater Audio Data/data/Vessels/large vessel.wav,3.0
/content/drive/MyDrive/Underwater Audio Data/processed/Vessels/large vessel_chunk132.wav,Vessels,/content/drive/MyDrive/Underwater Audio Data/data/Vessels/large vessel.wav,3.0
/content/drive/MyDrive/Underwater Audio Data/processed/Vessels/large vessel_chunk133.wav,Vessels,/content/drive/MyDrive/Underwater Audio Data/data/Vessels/large vessel.wav,3.0
/content/drive/MyDrive/Underwater Audio Data/processed/Vessels/large vessel_chunk134.wav,Vessels,/content/drive/MyDrive/Underwater Audio Data/data/Vessels/large vessel.wav,3.0
/content/drive/MyDrive/Underwater Audio Data/processed/Vessels/large vessel_chunk135.wav,Vessels,/content/drive/MyDrive/Underwater Audio Data/data/Vessels/large vessel.wav,3.0
/content/drive/MyDrive/Underwater Audio Data/processed/Vessels/large vessel_chunk136.wav,Vessels,/content/drive/MyDrive/Underwater Audio Data/data/Vessels/large vessel.wav,3.0
/content/drive/MyDrive/Underwater Audio Data/processed/Vessels/large vessel_chunk137.wav,Vessels,/content/drive/MyDrive/Underwater Audio Data/data/Vessels/large vessel.wav,3.0
/content/drive/MyDrive/Underwater Audio Data/processed/Vessels/large vessel_chunk138.wav,Vessels,/content/drive/MyDrive/Underwater Audio Data/data/Vessels/large vessel.wav,3.0
/content/drive/MyDrive/Underwater Audio Data/processed/Vessels/large vessel_chunk139.wav,Vessels,/content/drive/MyDrive/Underwater Audio Data/data/Vessels/large vessel.wav,3.0
/content/drive/MyDrive/Underwater Audio Data/processed/Vessels/large vessel_chunk140.wav,Vessels,/content/drive/MyDrive/Underwater Audio Data/data/Vessels/large vessel.wav,3.0
/content/drive/MyDrive/Underwater Audio Data/processed/Vessels/large vessel_chunk141.wav,Vessels,/content/drive/MyDrive/Underwater Audio Data/data/Vessels/large vessel.wav,3.0
/content/drive/MyDrive/Underwater Audio Data/processed/Vessels/large vessel_chunk142.wav,Vessels,/content/drive/MyDrive/Underwater Audio Data/data/Vessels/large vessel.wav,3.0
/content/drive/MyDrive/Underwater Audio Data/processed/Vessels/large vessel_chunk143.wav,Vessels,/content/drive/MyDrive/Underwater Audio Data/data/Vessels/large vessel.wav,3.0
/content/drive/MyDrive/Underwater Audio Data/processed/Vessels/large vessel_chunk144.wav,Vessels,/content/drive/MyDrive/Underwater Audio Data/data/Vessels/large vessel.wav,3.0
/content/drive/MyDrive/Underwater Audio Data/processed/Vessels/large vessel_chunk145.wav,Vessels,/content/drive/MyDrive/Underwater Audio Data/data/Vessels/large vessel.wav,3.0
/content/drive/MyDrive/Underwater Audio Data/processed/Vessels/large vessel_chunk146.wav,Vessels,/content/drive/MyDrive/Underwater Audio Data/data/Vessels/large vessel.wav,3.0
/content/drive/MyDrive/Underwater Audio Data/processed/Vessels/large vessel_chunk147.wav,Vessels,/content/drive/MyDrive/Underwater Audio Data/data/Vessels/large vessel.wav,3.0
/content/drive/MyDrive/Underwater Audio Data/processed/Vessels/large vessel_chunk148.wav,Vessels,/content/drive/MyDrive/Underwater Audio Data/data/Vessels/large vessel.wav,3.0
/content/drive/MyDrive/Underwater Audio Data/processed/Vessels/large vessel_chunk149.wav,Vessels,/content/drive/MyDrive/Underwater Audio Data/data/Vessels/large vessel.wav,3.0
/content/drive/MyDrive/Underwater Audio Data/processed/Vessels/large vessel_chunk150.wav,Vessels,/content/drive/MyDrive/Underwater Audio Data/data/Vessels/large vessel.wav,3.0
/content/drive/MyDrive/Underwater Audio Data/processed/Vessels/large vessel_chunk151.wav,Vessels,/content/drive/MyDrive/Underwater Audio Data/data/Vessels/large vessel.wav,3.0
/content/drive/MyDrive/Underwater Audio Data/processed/Vessels/large vessel_chunk152.wav,Vessels,/content/drive/MyDrive/Underwater Audio Data/data/Vessels/large vessel.wav,3.0
/content/drive/MyDrive/Underwater Audio Data/processed/Vessels/large vessel_chunk153.wav,Vessels,/content/drive/MyDrive/Underwater Audio Data/data/Vessels/large vessel.wav,3.0
/content/drive/MyDrive/Underwater Audio Data/processed/Vessels/large vessel_chunk154.wav,Vessels,/content/drive/MyDrive/Underwater Audio Data/data/Vessels/large vessel.wav,3.0
/content/drive/MyDrive/Underwater Audio Data/processed/Vessels/large vessel_chunk155.wav,Vessels,/content/drive/MyDrive/Underwater Audio Data/data/Vessels/large vessel.wav,3.0
/content/drive/MyDrive/Underwater Audio Data/processed/Vessels/large vessel_chunk156.wav,Vessels,/content/drive/MyDrive/Underwater Audio Data/data/Vessels/large vessel.wav,3.0
/content/drive/MyDrive/Underwater Audio Data/processed/Vessels/large vessel_chunk157.wav,Vessels,/content/drive/MyDrive/Underwater Audio Data/data/Vessels/large vessel.wav,3.0
/content/drive/MyDrive/Underwater Audio Data/processed/Vessels/large vessel_chunk158.wav,Vessels,/content/drive/MyDrive/Underwater Audio Data/data/Vessels/large vessel.wav,3.0
/content/drive/MyDrive/Underwater Audio Data/processed/Vessels/large vessel_chunk159.wav,Vessels,/content/drive/MyDrive/Underwater Audio Data/data/Vessels/large vessel.wav,3.0
/content/drive/MyDrive/Underwater Audio Data/processed/Vessels/large vessel_chunk160.wav,Vessels,/content/drive/MyDrive/Underwater Audio Data/data/Vessels/large vessel.wav,3.0
/content/drive/MyDrive/Underwater Audio Data/processed/Vessels/large vessel_chunk161.wav,Vessels,/content/drive/MyDrive/Underwater Audio Data/data/Vessels/large vessel.wav,3.0
/content/drive/MyDrive/Underwater Audio Data/processed/Vessels/large vessel_chunk162.wav,Vessels,/content/drive/MyDrive/Underwater Audio Data/data/Vessels/large vessel.wav,3.0
/content/drive/MyDrive/Underwater Audio Data/processed/Vessels/large vessel_chunk163.wav,Vessels,/content/drive/MyDrive/Underwater Audio Data/data/Vessels/large vessel.wav,3.0
/content/drive/MyDrive/Underwater Audio Data/processed/Vessels/large vessel_chunk164.wav,Vessels,/content/drive/MyDrive/Underwater Audio Data/data/Vessels/large vessel.wav,3.0
/content/drive/MyDrive/Underwater Audio Data/processed/Vessels/large vessel_chunk165.wav,Vessels,/content/drive/MyDrive/Underwater Audio Data/data/Vessels/large vessel.wav,3.0
/content/drive/MyDrive/Underwater Audio Data/processed/Vessels/large vessel_chunk166.wav,Vessels,/content/drive/MyDrive/Underwater Audio Data/data/Vessels/large vessel.wav,3.0
/content/drive/MyDrive/Underwater Audio Data/processed/Vessels/large vessel_chunk167.wav,Vessels,/content/drive/MyDrive/Underwater Audio Data/data/Vessels/large vessel.wav,3.0
/content/drive/MyDrive/Underwater Audio Data/processed/Vessels/large vessel_chunk168.wav,Vessels,/content/drive/MyDrive/Underwater Audio Data/data/Vessels/large vessel.wav,3.0
/content/drive/MyDrive/Underwater Audio Data/processed/Vessels/large vessel_chunk169.wav,Vessels,/content/drive/MyDrive/Underwater Audio Data/data/Vessels/large vessel.wav,3.0
/content/drive/MyDrive/Underwater Audio Data/processed/Vessels/large vessel_chunk170.wav,Vessels,/content/drive/MyDrive/Underwater Audio Data/data/Vessels/large vessel.wav,3.0
/content/drive/MyDrive/Underwater Audio Data/processed/Vessels/large vessel_chunk171.wav,Vessels,/content/drive/MyDrive/Underwater Audio Data/data/Vessels/large vessel.wav,3.0
/content/drive/MyDrive/Underwater Audio Data/processed/Vessels/large vessel_chunk172.wav,Vessels,/content/drive/MyDrive/Underwater Audio Data/data/Vessels/large vessel.wav,3.0
/content/drive/MyDrive/Underwater Audio Data/processed/Vessels/large vessel_chunk173.wav,Vessels,/content/drive/MyDrive/Underwater Audio Data/data/Vessels/large vessel.wav,3.0
/content/drive/MyDrive/Underwater Audio Data/processed/Vessels/large vessel_chunk174.wav,Vessels,/content/drive/MyDrive/Underwater Audio Data/data/Vessels/large vessel.wav,3.0
/content/drive/MyDrive/Underwater Audio Data/processed/Vessels/large vessel_chunk175.wav,Vessels,/content/drive/MyDrive/Underwater Audio Data/data/Vessels/large vessel.wav,3.0
/content/drive/MyDrive/Underwater Audio Data/processed/Vessels/large vessel_chunk176.wav,Vessels,/content/drive/MyDrive/Underwater Audio Data/data/Vessels/large vessel.wav,3.0
/content/drive/MyDrive/Underwater Audio Data/processed/Vessels/large vessel_chunk177.wav,Vessels,/content/drive/MyDrive/Underwater Audio Data/data/Vessels/large vessel.wav,3.0
/content/drive/MyDrive/Underwater Audio Data/processed/Vessels/large vessel_chunk178.wav,Vessels,/content/drive/MyDrive/Underwater Audio Data/data/Vessels/large vessel.wav,3.0
/content/drive/MyDrive/Underwater Audio Data/processed/Vessels/large vessel_chunk179.wav,Vessels,/content/drive/MyDrive/Underwater Audio Data/data/Vessels/large vessel.wav,3.0
/content/drive/MyDrive/Underwater Audio Data/processed/Vessels/large vessel_chunk180.wav,Vessels,/content/drive/MyDrive/Underwater Audio Data/data/Vessels/large vessel.wav,3.0
/content/drive/MyDrive/Underwater Audio Data/processed/Vessels/large vessel_chunk181.wav,Vessels,/content/drive/MyDrive/Underwater Audio Data/data/Vessels/large vessel.wav,3.0
/content/drive/MyDrive/Underwater Audio Data/processed/Vessels/large vessel_chunk182.wav,Vessels,/content/drive/MyDrive/Underwater Audio Data/data/Vessels/large vessel.wav,3.0
/content/drive/MyDrive/Underwater Audio Data/processed/Vessels/large vessel_chunk183.wav,Vessels,/content/drive/MyDrive/Underwater Audio Data/data/Vessels/large vessel.wav,3.0
/content/drive/MyDrive/Underwater Audio Data/processed/Vessels/large vessel_chunk184.wav,Vessels,/content/drive/MyDrive/Underwater Audio Data/data/Vessels/large vessel.wav,3.0
/content/drive/MyDrive/Underwater Audio Data/processed/Vessels/large vessel_chunk185.wav,Vessels,/content/drive/MyDrive/Underwater Audio Data/data/Vessels/large vessel.wav,3.0
/content/drive/MyDrive/Underwater Audio Data/processed/Vessels/large vessel_chunk186.wav,Vessels,/content/drive/MyDrive/Underwater Audio Data/data/Vessels/large vessel.wav,3.0
/content/drive/MyDrive/Underwater Audio Data/processed/Vessels/large vessel_chunk187.wav,Vessels,/content/drive/MyDrive/Underwater Audio Data/data/Vessels/large vessel.wav,3.0
/content/drive/MyDrive/Underwater Audio Data/processed/Vessels/large vessel_chunk188.wav,Vessels,/content/drive/MyDrive/Underwater Audio Data/data/Vessels/large vessel.wav,3.0
/content/drive/MyDrive/Underwater Audio Data/processed/Vessels/large vessel_chunk189.wav,Vessels,/content/drive/MyDrive/Underwater Audio Data/data/Vessels/large vessel.wav,3.0
/content/drive/MyDrive/Underwater Audio Data/processed/Vessels/large vessel_chunk190.wav,Vessels,/content/drive/MyDrive/Underwater Audio Data/data/Vessels/large vessel.wav,3.0
/content/drive/MyDrive/Underwater Audio Data/processed/Vessels/large vessel_chunk191.wav,Vessels,/content/drive/MyDrive/Underwater Audio Data/data/Vessels/large vessel.wav,3.0
/content/drive/MyDrive/Underwater Audio Data/processed/Vessels/large vessel_chunk192.wav,Vessels,/content/drive/MyDrive/Underwater Audio Data/data/Vessels/large vessel.wav,3.0
/content/drive/MyDrive/Underwater Audio Data/processed/Vessels/large vessel_chunk193.wav,Vessels,/content/drive/MyDrive/Underwater Audio Data/data/Vessels/large vessel.wav,3.0
/content/drive/MyDrive/Underwater Audio Data/processed/Vessels/large vessel_chunk194.wav,Vessels,/content/drive/MyDrive/Underwater Audio Data/data/Vessels/large vessel.wav,3.0
/content/drive/MyDrive/Underwater Audio Data/processed/Vessels/large vessel_chunk195.wav,Vessels,/content/drive/MyDrive/Underwater Audio Data/data/Vessels/large vessel.wav,3.0
/content/drive/MyDrive/Underwater Audio Data/processed/Vessels/large vessel_chunk196.wav,Vessels,/content/drive/MyDrive/Underwater Audio Data/data/Vessels/large vessel.wav,3.0
/content/drive/MyDrive/Underwater Audio Data/processed/Vessels/large vessel_chunk197.wav,Vessels,/content/drive/MyDrive/Underwater Audio Data/data/Vessels/large vessel.wav,3.0
/content/drive/MyDrive/Underwater Audio Data/processed/Vessels/large vessel_chunk198.wav,Vessels,/content/drive/MyDrive/Underwater Audio Data/data/Vessels/large vessel.wav,3.0
/content/drive/MyDrive/Underwater Audio Data/processed/Vessels/large vessel_chunk199.wav,Vessels,/content/drive/MyDrive/Underwater Audio Data/data/Vessels/large vessel.wav,3.0
/content/drive/MyDrive/Underwater Audio Data/processed/Vessels/outboard engine (1)_chunk0.wav,Vessels,/content/drive/MyDrive/Underwater Audio Data/data/Vessels/outboard engine (1).wav,3.0
/content/drive/MyDrive/Underwater Audio Data/processed/Vessels/outboard engine (1)_chunk1.wav,Vessels,/content/drive/MyDrive/Underwater Audio Data/data/Vessels/outboard engine (1).wav,3.0
/content/drive/MyDrive/Underwater Audio Data/processed/Vessels/outboard engine (1)_chunk2.wav,Vessels,/content/drive/MyDrive/Underwater Audio Data/data/Vessels/outboard engine (1).wav,3.0
/content/drive/MyDrive/Underwater Audio Data/processed/Vessels/outboard engine (1)_chunk3.wav,Vessels,/content/drive/MyDrive/Underwater Audio Data/data/Vessels/outboard engine (1).wav,3.0
/content/drive/MyDrive/Underwater Audio Data/processed/Vessels/outboard engine (1)_chunk4.wav,Vessels,/content/drive/MyDrive/Underwater Audio Data/data/Vessels/outboard engine (1).wav,3.0
/content/drive/MyDrive/Underwater Audio Data/processed/Vessels/outboard engine (1)_chunk5.wav,Vessels,/content/drive/MyDrive/Underwater Audio Data/data/Vessels/outboard engine (1).wav,3.0
/content/drive/MyDrive/Underwater Audio Data/processed/Vessels/outboard engine (1)_chunk6.wav,Vessels,/content/drive/MyDrive/Underwater Audio Data/data/Vessels/outboard engine (1).wav,3.0
/content/drive/MyDrive/Underwater Audio Data/processed/Vessels/outboard engine (1)_chunk7.wav,Vessels,/content/drive/MyDrive/Underwater Audio Data/data/Vessels/outboard engine (1).wav,3.0
/content/drive/MyDrive/Underwater Audio Data/processed/Vessels/outboard engine (1)_chunk8.wav,Vessels,/content/drive/MyDrive/Underwater Audio Data/data/Vessels/outboard engine (1).wav,3.0
/content/drive/MyDrive/Underwater Audio Data/processed/Vessels/outboard engine (1)_chunk9.wav,Vessels,/content/drive/MyDrive/Underwater Audio Data/data/Vessels/outboard engine (1).wav,3.0
/content/drive/MyDrive/Underwater Audio Data/processed/Vessels/outboard engine (1)_chunk10.wav,Vessels,/content/drive/MyDrive/Underwater Audio Data/data/Vessels/outboard engine (1).wav,3.0
/content/drive/MyDrive/Underwater Audio Data/processed/Vessels/outboard engine (1)_chunk11.wav,Vessels,/content/drive/MyDrive/Underwater Audio Data/data/Vessels/outboard engine (1).wav,3.0
/content/drive/MyDrive/Underwater Audio Data/processed/Vessels/outboard engine (1)_chunk12.wav,Vessels,/content/drive/MyDrive/Underwater Audio Data/data/Vessels/outboard engine (1).wav,3.0
/content/drive/MyDrive/Underwater Audio Data/processed/Vessels/outboard engine (1)_chunk13.wav,Vessels,/content/drive/MyDrive/Underwater Audio Data/data/Vessels/outboard engine (1).wav,3.0
/content/drive/MyDrive/Underwater Audio Data/processed/Vessels/outboard engine (1)_chunk14.wav,Vessels,/content/drive/MyDrive/Underwater Audio Data/data/Vessels/outboard engine (1).wav,3.0
/content/drive/MyDrive/Underwater Audio Data/processed/Vessels/outboard engine (1)_chunk15.wav,Vessels,/content/drive/MyDrive/Underwater Audio Data/data/Vessels/outboard engine (1).wav,3.0
/content/drive/MyDrive/Underwater Audio Data/processed/Vessels/outboard engine (1)_chunk16.wav,Vessels,/content/drive/MyDrive/Underwater Audio Data/data/Vessels/outboard engine (1).wav,3.0
/content/drive/MyDrive/Underwater Audio Data/processed/Vessels/outboard engine (1)_chunk17.wav,Vessels,/content/drive/MyDrive/Underwater Audio Data/data/Vessels/outboard engine (1).wav,3.0
/content/drive/MyDrive/Underwater Audio Data/processed/Vessels/outboard engine (1)_chunk18.wav,Vessels,/content/drive/MyDrive/Underwater Audio Data/data/Vessels/outboard engine (1).wav,3.0
/content/drive/MyDrive/Underwater Audio Data/processed/Vessels/outboard engine (1)_chunk19.wav,Vessels,/content/drive/MyDrive/Underwater Audio Data/data/Vessels/outboard engine (1).wav,3.0
/content/drive/MyDrive/Underwater Audio Data/processed/Vessels/ferry_chunk0.wav,Vessels,/content/drive/MyDrive/Underwater Audio Data/data/Vessels/ferry.wav,3.0
/content/drive/MyDrive/Underwater Audio Data/processed/Vessels/ferry_chunk1.wav,Vessels,/content/drive/MyDrive/Underwater Audio Data/data/Vessels/ferry.wav,3.0
/content/drive/MyDrive/Underwater Audio Data/processed/Vessels/ferry_chunk2.wav,Vessels,/content/drive/MyDrive/Underwater Audio Data/data/Vessels/ferry.wav,3.0
/content/drive/MyDrive/Underwater Audio Data/processed/Vessels/ferry_chunk3.wav,Vessels,/content/drive/MyDrive/Underwater Audio Data/data/Vessels/ferry.wav,3.0
/content/drive/MyDrive/Underwater Audio Data/processed/Vessels/ferry_chunk4.wav,Vessels,/content/drive/MyDrive/Underwater Audio Data/data/Vessels/ferry.wav,3.0
/content/drive/MyDrive/Underwater Audio Data/processed/Vessels/ferry_chunk5.wav,Vessels,/content/drive/MyDrive/Underwater Audio Data/data/Vessels/ferry.wav,3.0
/content/drive/MyDrive/Underwater Audio Data/processed/Vessels/ferry_chunk6.wav,Vessels,/content/drive/MyDrive/Underwater Audio Data/data/Vessels/ferry.wav,3.0
/content/drive/MyDrive/Underwater Audio Data/processed/Vessels/ferry_chunk7.wav,Vessels,/content/drive/MyDrive/Underwater Audio Data/data/Vessels/ferry.wav,3.0
/content/drive/MyDrive/Underwater Audio Data/processed/Vessels/ferry_chunk8.wav,Vessels,/content/drive/MyDrive/Underwater Audio Data/data/Vessels/ferry.wav,3.0
/content/drive/MyDrive/Underwater Audio Data/processed/Vessels/ferry_chunk9.wav,Vessels,/content/drive/MyDrive/Underwater Audio Data/data/Vessels/ferry.wav,3.0
/content/drive/MyDrive/Underwater Audio Data/processed/Vessels/ferry_chunk10.wav,Vessels,/content/drive/MyDrive/Underwater Audio Data/data/Vessels/ferry.wav,3.0
/content/drive/MyDrive/Underwater Audio Data/processed/Vessels/ferry_chunk11.wav,Vessels,/content/drive/MyDrive/Underwater Audio Data/data/Vessels/ferry.wav,3.0
/content/drive/MyDrive/Underwater Audio Data/processed/Vessels/ferry_chunk12.wav,Vessels,/content/drive/MyDrive/Underwater Audio Data/data/Vessels/ferry.wav,3.0
/content/drive/MyDrive/Underwater Audio Data/processed/Vessels/ferry_chunk13.wav,Vessels,/content/drive/MyDrive/Underwater Audio Data/data/Vessels/ferry.wav,3.0
/content/drive/MyDrive/Underwater Audio Data/processed/Vessels/ferry_chunk14.wav,Vessels,/content/drive/MyDrive/Underwater Audio Data/data/Vessels/ferry.wav,3.0
/content/drive/MyDrive/Underwater Audio Data/processed/Vessels/ferry_chunk15.wav,Vessels,/content/drive/MyDrive/Underwater Audio Data/data/Vessels/ferry.wav,3.0
/content/drive/MyDrive/Underwater Audio Data/processed/Vessels/ferry_chunk16.wav,Vessels,/content/drive/MyDrive/Underwater Audio Data/data/Vessels/ferry.wav,3.0
/content/drive/MyDrive/Underwater Audio Data/processed/Vessels/ferry_chunk17.wav,Vessels,/content/drive/MyDrive/Underwater Audio Data/data/Vessels/ferry.wav,3.0
/content/drive/MyDrive/Underwater Audio Data/processed/Vessels/ferry_chunk18.wav,Vessels,/content/drive/MyDrive/Underwater Audio Data/data/Vessels/ferry.wav,3.0
/content/drive/MyDrive/Underwater Audio Data/processed/Vessels/ferry_chunk19.wav,Vessels,/content/drive/MyDrive/Underwater Audio Data/data/Vessels/ferry.wav,3.0
/content/drive/MyDrive/Underwater Audio Data/processed/Biological/harborseal_1_chunk0.wav,Biological,/content/drive/MyDrive/Underwater Audio Data/data/Biological/harborseal_1.wav,3.0
/content/drive/MyDrive/Underwater Audio Data/processed/Biological/harborseal_1_chunk1.wav,Biological,/content/drive/MyDrive/Underwater Audio Data/data/Biological/harborseal_1.wav,3.0
/content/drive/MyDrive/Underwater Audio Data/processed/Biological/harborseal_1_chunk2.wav,Biological,/content/drive/MyDrive/Underwater Audio Data/data/Biological/harborseal_1.wav,3.0
/content/drive/MyDrive/Underwater Audio Data/processed/Biological/harborseal_1_chunk3.wav,Biological,/content/drive/MyDrive/Underwater Audio Data/data/Biological/harborseal_1.wav,3.0
/content/drive/MyDrive/Underwater Audio Data/processed/Biological/Killerwhale_2_chunk0.wav,Biological,/content/drive/MyDrive/Underwater Audio Data/data/Biological/Killerwhale_2.wav,3.0
/content/drive/MyDrive/Underwater Audio Data/processed/Biological/Killerwhale_2_chunk1.wav,Biological,/content/drive/MyDrive/Underwater Audio Data/data/Biological/Killerwhale_2.wav,3.0
/content/drive/MyDrive/Underwater Audio Data/processed/Biological/Killerwhale_2_chunk2.wav,Biological,/content/drive/MyDrive/Underwater Audio Data/data/Biological/Killerwhale_2.wav,3.0
/content/drive/MyDrive/Underwater Audio Data/processed/Biological/Killerwhale_2_chunk3.wav,Biological,/content/drive/MyDrive/Underwater Audio Data/data/Biological/Killerwhale_2.wav,3.0
/content/drive/MyDrive/Underwater Audio Data/processed/Biological/Killerwhale_2_chunk4.wav,Biological,/content/drive/MyDrive/Underwater Audio Data/data/Biological/Killerwhale_2.wav,3.0
/content/drive/MyDrive/Underwater Audio Data/processed/Biological/Killerwhale_2_chunk5.wav,Biological,/content/drive/MyDrive/Underwater Audio Data/data/Biological/Killerwhale_2.wav,3.0
/content/drive/MyDrive/Underwater Audio Data/processed/Biological/Killerwhale_2_chunk6.wav,Biological,/content/drive/MyDrive/Underwater Audio Data/data/Biological/Killerwhale_2.wav,3.0
/content/drive/MyDrive/Underwater Audio Data/processed/Biological/Killerwhale_2_chunk7.wav,Biological,/content/drive/MyDrive/Underwater Audio Data/data/Biological/Killerwhale_2.wav,3.0
/content/drive/MyDrive/Underwater Audio Data/processed/Biological/Killerwhale_2_chunk8.wav,Biological,/content/drive/MyDrive/Underwater Audio Data/data/Biological/Killerwhale_2.wav,3.0
/content/drive/MyDrive/Underwater Audio Data/processed/Biological/Killerwhale_2_chunk9.wav,Biological,/content/drive/MyDrive/Underwater Audio Data/data/Biological/Killerwhale_2.wav,3.0
/content/drive/MyDrive/Underwater Audio Data/processed/Biological/Killerwhale_2_chunk10.wav,Biological,/content/drive/MyDrive/Underwater Audio Data/data/Biological/Killerwhale_2.wav,3.0
/content/drive/MyDrive/Underwater Audio Data/processed/Biological/Killerwhale_2_chunk11.wav,Biological,/content/drive/MyDrive/Underwater Audio Data/data/Biological/Killerwhale_2.wav,3.0
/content/drive/MyDrive/Underwater Audio Data/processed/Biological/Killerwhale_2_chunk12.wav,Biological,/content/drive/MyDrive/Underwater Audio Data/data/Biological/Killerwhale_2.wav,3.0
/content/drive/MyDrive/Underwater Audio Data/processed/Biological/Killerwhale_2_chunk13.wav,Biological,/content/drive/MyDrive/Underwater Audio Data/data/Biological/Killerwhale_2.wav,3.0
/content/drive/MyDrive/Underwater Audio Data/processed/Biological/Killerwhale_2_chunk14.wav,Biological,/content/drive/MyDrive/Underwater Audio Data/data/Biological/Killerwhale_2.wav,3.0
/content/drive/MyDrive/Underwater Audio Data/processed/Biological/Killerwhale_2_chunk15.wav,Biological,/content/drive/MyDrive/Underwater Audio Data/data/Biological/Killerwhale_2.wav,3.0
/content/drive/MyDrive/Underwater Audio Data/processed/Biological/Killerwhale_2_chunk16.wav,Biological,/content/drive/MyDrive/Underwater Audio Data/data/Biological/Killerwhale_2.wav,3.0
/content/drive/MyDrive/Underwater Audio Data/processed/Biological/Killerwhale_2_chunk17.wav,Biological,/content/drive/MyDrive/Underwater Audio Data/data/Biological/Killerwhale_2.wav,3.0
/content/drive/MyDrive/Underwater Audio Data/processed/Biological/Killerwhale_2_chunk18.wav,Biological,/content/drive/MyDrive/Underwater Audio Data/data/Biological/Killerwhale_2.wav,3.0
/content/drive/MyDrive/Underwater Audio Data/processed/Biological/dolphinsandspermwhale_chunk0.wav,Biological,/content/drive/MyDrive/Underwater Audio Data/data/Biological/dolphinsandspermwhale.wav,3.0
/content/drive/MyDrive/Underwater Audio Data/processed/Biological/dolphinsandspermwhale_chunk1.wav,Biological,/content/drive/MyDrive/Underwater Audio Data/data/Biological/dolphinsandspermwhale.wav,3.0
/content/drive/MyDrive/Underwater Audio Data/processed/Biological/dolphinsandspermwhale_chunk2.wav,Biological,/content/drive/MyDrive/Underwater Audio Data/data/Biological/dolphinsandspermwhale.wav,3.0
/content/drive/MyDrive/Underwater Audio Data/processed/Biological/dolphinsandspermwhale_chunk3.wav,Biological,/content/drive/MyDrive/Underwater Audio Data/data/Biological/dolphinsandspermwhale.wav,3.0
/content/drive/MyDrive/Underwater Audio Data/processed/Biological/dolphinsandspermwhale_chunk4.wav,Biological,/content/drive/MyDrive/Underwater Audio Data/data/Biological/dolphinsandspermwhale.wav,3.0
/content/drive/MyDrive/Underwater Audio Data/processed/Biological/dolphinsandspermwhale_chunk5.wav,Biological,/content/drive/MyDrive/Underwater Audio Data/data/Biological/dolphinsandspermwhale.wav,3.0
/content/drive/MyDrive/Underwater Audio Data/processed/Biological/dolphinsandspermwhale_chunk6.wav,Biological,/content/drive/MyDrive/Underwater Audio Data/data/Biological/dolphinsandspermwhale.wav,3.0
/content/drive/MyDrive/Underwater Audio Data/processed/Biological/dolphinsandspermwhale_chunk7.wav,Biological,/content/drive/MyDrive/Underwater Audio Data/data/Biological/dolphinsandspermwhale.wav,3.0
/content/drive/MyDrive/Underwater Audio Data/processed/Biological/dolphinsandspermwhale_chunk8.wav,Biological,/content/drive/MyDrive/Underwater Audio Data/data/Biological/dolphinsandspermwhale.wav,3.0
/content/drive/MyDrive/Underwater Audio Data/processed/Biological/dolphinsandspermwhale_chunk9.wav,Biological,/content/drive/MyDrive/Underwater Audio Data/data/Biological/dolphinsandspermwhale.wav,3.0
/content/drive/MyDrive/Underwater Audio Data/processed/Biological/dolphinsandspermwhale_chunk10.wav,Biological,/content/drive/MyDrive/Underwater Audio Data/data/Biological/dolphinsandspermwhale.wav,3.0
/content/drive/MyDrive/Underwater Audio Data/processed/Biological/dolphinsandspermwhale_chunk11.wav,Biological,/content/drive/MyDrive/Underwater Audio Data/data/Biological/dolphinsandspermwhale.wav,3.0
/content/drive/MyDrive/Underwater Audio Data/processed/Biological/dolphinsandspermwhale_chunk12.wav,Biological,/content/drive/MyDrive/Underwater Audio Data/data/Biological/dolphinsandspermwhale.wav,3.0
/content/drive/MyDrive/Underwater Audio Data/processed/Biological/dolphinsandspermwhale_chunk13.wav,Biological,/content/drive/MyDrive/Underwater Audio Data/data/Biological/dolphinsandspermwhale.wav,3.0
/content/drive/MyDrive/Underwater Audio Data/processed/Biological/dolphinsandspermwhale_chunk14.wav,Biological,/content/drive/MyDrive/Underwater Audio Data/data/Biological/dolphinsandspermwhale.wav,3.0
/content/drive/MyDrive/Underwater Audio Data/processed/Biological/dolphinsandspermwhale_chunk15.wav,Biological,/content/drive/MyDrive/Underwater Audio Data/data/Biological/dolphinsandspermwhale.wav,3.0
/content/drive/MyDrive/Underwater Audio Data/processed/Biological/dolphinsandspermwhale_chunk16.wav,Biological,/content/drive/MyDrive/Underwater Audio Data/data/Biological/dolphinsandspermwhale.wav,3.0
/content/drive/MyDrive/Underwater Audio Data/processed/Biological/dolphinsandspermwhale_chunk17.wav,Biological,/content/drive/MyDrive/Underwater Audio Data/data/Biological/dolphinsandspermwhale.wav,3.0
/content/drive/MyDrive/Underwater Audio Data/processed/Biological/dolphinsandspermwhale_chunk18.wav,Biological,/content/drive/MyDrive/Underwater Audio Data/data/Biological/dolphinsandspermwhale.wav,3.0
/content/drive/MyDrive/Underwater Audio Data/processed/Biological/Humpbackwhale_3_chunk0.wav,Biological,/content/drive/MyDrive/Underwater Audio Data/data/Biological/Humpbackwhale_3.wav,3.0
/content/drive/MyDrive/Underwater Audio Data/processed/Biological/Humpbackwhale_3_chunk1.wav,Biological,/content/drive/MyDrive/Underwater Audio Data/data/Biological/Humpbackwhale_3.wav,3.0
/content/drive/MyDrive/Underwater Audio Data/processed/Biological/Humpbackwhale_3_chunk2.wav,Biological,/content/drive/MyDrive/Underwater Audio Data/data/Biological/Humpbackwhale_3.wav,3.0
/content/drive/MyDrive/Underwater Audio Data/processed/Biological/Humpbackwhale_3_chunk3.wav,Biological,/content/drive/MyDrive/Underwater Audio Data/data/Biological/Humpbackwhale_3.wav,3.0
/content/drive/MyDrive/Underwater Audio Data/processed/Biological/Humpbackwhale_3_chunk4.wav,Biological,/content/drive/MyDrive/Underwater Audio Data/data/Biological/Humpbackwhale_3.wav,3.0
/content/drive/MyDrive/Underwater Audio Data/processed/Biological/Humpbackwhale_3_chunk5.wav,Biological,/content/drive/MyDrive/Underwater Audio Data/data/Biological/Humpbackwhale_3.wav,3.0
/content/drive/MyDrive/Underwater Audio Data/processed/Biological/Humpbackwhale_3_chunk6.wav,Biological,/content/drive/MyDrive/Underwater Audio Data/data/Biological/Humpbackwhale_3.wav,3.0
/content/drive/MyDrive/Underwater Audio Data/processed/Biological/Humpbackwhale_3_chunk7.wav,Biological,/content/drive/MyDrive/Underwater Audio Data/data/Biological/Humpbackwhale_3.wav,3.0
/content/drive/MyDrive/Underwater Audio Data/processed/Biological/Humpbackwhale_3_chunk8.wav,Biological,/content/drive/MyDrive/Underwater Audio Data/data/Biological/Humpbackwhale_3.wav,3.0
/content/drive/MyDrive/Underwater Audio Data/processed/Biological/Humpbackwhale_3_chunk9.wav,Biological,/content/drive/MyDrive/Underwater Audio Data/data/Biological/Humpbackwhale_3.wav,3.0
/content/drive/MyDrive/Underwater Audio Data/processed/Biological/Humpbackwhale_3_chunk10.wav,Biological,/content/drive/MyDrive/Underwater Audio Data/data/Biological/Humpbackwhale_3.wav,3.0
/content/drive/MyDrive/Underwater Audio Data/processed/Biological/Humpbackwhale_3_chunk11.wav,Biological,/content/drive/MyDrive/Underwater Audio Data/data/Biological/Humpbackwhale_3.wav,3.0
/content/drive/MyDrive/Underwater Audio Data/processed/Biological/Humpbackwhale_3_chunk12.wav,Biological,/content/drive/MyDrive/Underwater Audio Data/data/Biological/Humpbackwhale_3.wav,3.0
/content/drive/MyDrive/Underwater Audio Data/processed/Biological/Humpbackwhale_3_chunk13.wav,Biological,/content/drive/MyDrive/Underwater Audio Data/data/Biological/Humpbackwhale_3.wav,3.0
/content/drive/MyDrive/Underwater Audio Data/processed/Biological/Humpbackwhale_3_chunk14.wav,Biological,/content/drive/MyDrive/Underwater Audio Data/data/Biological/Humpbackwhale_3.wav,3.0
/content/drive/MyDrive/Underwater Audio Data/processed/Biological/Humpbackwhale_3_chunk15.wav,Biological,/content/drive/MyDrive/Underwater Audio Data/data/Biological/Humpbackwhale_3.wav,3.0
/content/drive/MyDrive/Underwater Audio Data/processed/Biological/Humpbackwhale_3_chunk16.wav,Biological,/content/drive/MyDrive/Underwater Audio Data/data/Biological/Humpbackwhale_3.wav,3.0
/content/drive/MyDrive/Underwater Audio Data/processed/Biological/Humpbackwhale_3_chunk17.wav,Biological,/content/drive/MyDrive/Underwater Audio Data/data/Biological/Humpbackwhale_3.wav,3.0
/content/drive/MyDrive/Underwater Audio Data/processed/Biological/Humpbackwhale_3_chunk18.wav,Biological,/content/drive/MyDrive/Underwater Audio Data/data/Biological/Humpbackwhale_3.wav,3.0
/content/drive/MyDrive/Underwater Audio Data/processed/Biological/Fish_1_chunk0.wav,Biological,/content/drive/MyDrive/Underwater Audio Data/data/Biological/Fish_1.wav,3.0
/content/drive/MyDrive/Underwater Audio Data/processed/Biological/Fish_1_chunk1.wav,Biological,/content/drive/MyDrive/Underwater Audio Data/data/Biological/Fish_1.wav,3.0
/content/drive/MyDrive/Underwater Audio Data/processed/Biological/Fish_1_chunk2.wav,Biological,/content/drive/MyDrive/Underwater Audio Data/data/Biological/Fish_1.wav,3.0
/content/drive/MyDrive/Underwater Audio Data/processed/Biological/Fish_1_chunk3.wav,Biological,/content/drive/MyDrive/Underwater Audio Data/data/Biological/Fish_1.wav,3.0
/content/drive/MyDrive/Underwater Audio Data/processed/Biological/Fish_1_chunk4.wav,Biological,/content/drive/MyDrive/Underwater Audio Data/data/Biological/Fish_1.wav,3.0
/content/drive/MyDrive/Underwater Audio Data/processed/Biological/fish_2_chunk0.wav,Biological,/content/drive/MyDrive/Underwater Audio Data/data/Biological/fish_2.wav,3.0
/content/drive/MyDrive/Underwater Audio Data/processed/Biological/fish_2_chunk1.wav,Biological,/content/drive/MyDrive/Underwater Audio Data/data/Biological/fish_2.wav,3.0
/content/drive/MyDrive/Underwater Audio Data/processed/Biological/fish_2_chunk2.wav,Biological,/content/drive/MyDrive/Underwater Audio Data/data/Biological/fish_2.wav,3.0
/content/drive/MyDrive/Underwater Audio Data/processed/Biological/fish_2_chunk3.wav,Biological,/content/drive/MyDrive/Underwater Audio Data/data/Biological/fish_2.wav,3.0
/content/drive/MyDrive/Underwater Audio Data/processed/Biological/fish_2_chunk4.wav,Biological,/content/drive/MyDrive/Underwater Audio Data/data/Biological/fish_2.wav,3.0
/content/drive/MyDrive/Underwater Audio Data/processed/Biological/fish_3_chunk0.wav,Biological,/content/drive/MyDrive/Underwater Audio Data/data/Biological/fish_3.wav,3.0
/content/drive/MyDrive/Underwater Audio Data/processed/Biological/fish_3_chunk1.wav,Biological,/content/drive/MyDrive/Underwater Audio Data/data/Biological/fish_3.wav,3.0
/content/drive/MyDrive/Underwater Audio Data/processed/Biological/fish_3_chunk2.wav,Biological,/content/drive/MyDrive/Underwater Audio Data/data/Biological/fish_3.wav,3.0
/content/drive/MyDrive/Underwater Audio Data/processed/Biological/fish_4_chunk0.wav,Biological,/content/drive/MyDrive/Underwater Audio Data/data/Biological/fish_4.wav,3.0
/content/drive/MyDrive/Underwater Audio Data/processed/Biological/fish_4_chunk1.wav,Biological,/content/drive/MyDrive/Underwater Audio Data/data/Biological/fish_4.wav,3.0
/content/drive/MyDrive/Underwater Audio Data/processed/Biological/fish_4_chunk2.wav,Biological,/content/drive/MyDrive/Underwater Audio Data/data/Biological/fish_4.wav,3.0
/content/drive/MyDrive/Underwater Audio Data/processed/Biological/fish_5_chunk0.wav,Biological,/content/drive/MyDrive/Underwater Audio Data/data/Biological/fish_5.wav,3.0
/content/drive/MyDrive/Underwater Audio Data/processed/Biological/fish_6_chunk0.wav,Biological,/content/drive/MyDrive/Underwater Audio Data/data/Biological/fish_6.wav,3.0
/content/drive/MyDrive/Underwater Audio Data/processed/Biological/fish_6_chunk1.wav,Biological,/content/drive/MyDrive/Underwater Audio Data/data/Biological/fish_6.wav,3.0
/content/drive/MyDrive/Underwater Audio Data/processed/Biological/fish_6_chunk2.wav,Biological,/content/drive/MyDrive/Underwater Audio Data/data/Biological/fish_6.wav,3.0
/content/drive/MyDrive/Underwater Audio Data/processed/Biological/fish_6_chunk3.wav,Biological,/content/drive/MyDrive/Underwater Audio Data/data/Biological/fish_6.wav,3.0
/content/drive/MyDrive/Underwater Audio Data/processed/Biological/fish_6_chunk4.wav,Biological,/content/drive/MyDrive/Underwater Audio Data/data/Biological/fish_6.wav,3.0
/content/drive/MyDrive/Underwater Audio Data/processed/Biological/fish_6_chunk5.wav,Biological,/content/drive/MyDrive/Underwater Audio Data/data/Biological/fish_6.wav,3.0
/content/drive/MyDrive/Underwater Audio Data/processed/Biological/fish_9_chunk0.wav,Biological,/content/drive/MyDrive/Underwater Audio Data/data/Biological/fish_9.wav,3.0
/content/drive/MyDrive/Underwater Audio Data/processed/Biological/fish_7_chunk0.wav,Biological,/content/drive/MyDrive/Underwater Audio Data/data/Biological/fish_7.wav,3.0
/content/drive/MyDrive/Underwater Audio Data/processed/Biological/fish_8_chunk0.wav,Biological,/content/drive/MyDrive/Underwater Audio Data/data/Biological/fish_8.wav,3.0
/content/drive/MyDrive/Underwater Audio Data/processed/Biological/fish_8_chunk1.wav,Biological,/content/drive/MyDrive/Underwater Audio Data/data/Biological/fish_8.wav,3.0
/content/drive/MyDrive/Underwater Audio Data/processed/Biological/fish_8_chunk2.wav,Biological,/content/drive/MyDrive/Underwater Audio Data/data/Biological/fish_8.wav,3.0
/content/drive/MyDrive/Underwater Audio Data/processed/Biological/fish_8_chunk3.wav,Biological,/content/drive/MyDrive/Underwater Audio Data/data/Biological/fish_8.wav,3.0
/content/drive/MyDrive/Underwater Audio Data/processed/Biological/fish_8_chunk4.wav,Biological,/content/drive/MyDrive/Underwater Audio Data/data/Biological/fish_8.wav,3.0
/content/drive/MyDrive/Underwater Audio Data/processed/Biological/fish_8_chunk5.wav,Biological,/content/drive/MyDrive/Underwater Audio Data/data/Biological/fish_8.wav,3.0
/content/drive/MyDrive/Underwater Audio Data/processed/Biological/fish_8_chunk6.wav,Biological,/content/drive/MyDrive/Underwater Audio Data/data/Biological/fish_8.wav,3.0
/content/drive/MyDrive/Underwater Audio Data/processed/Biological/fish_8_chunk7.wav,Biological,/content/drive/MyDrive/Underwater Audio Data/data/Biological/fish_8.wav,3.0
/content/drive/MyDrive/Underwater Audio Data/processed/Biological/fish_8_chunk8.wav,Biological,/content/drive/MyDrive/Underwater Audio Data/data/Biological/fish_8.wav,3.0
/content/drive/MyDrive/Underwater Audio Data/processed/Biological/fish_8_chunk9.wav,Biological,/content/drive/MyDrive/Underwater Audio Data/data/Biological/fish_8.wav,3.0
/content/drive/MyDrive/Underwater Audio Data/processed/Biological/fish_8_chunk10.wav,Biological,/content/drive/MyDrive/Underwater Audio Data/data/Biological/fish_8.wav,3.0
/content/drive/MyDrive/Underwater Audio Data/processed/Biological/fish_8_chunk11.wav,Biological,/content/drive/MyDrive/Underwater Audio Data/data/Biological/fish_8.wav,3.0
/content/drive/MyDrive/Underwater Audio Data/processed/Biological/fish_8_chunk12.wav,Biological,/content/drive/MyDrive/Underwater Audio Data/data/Biological/fish_8.wav,3.0
/content/drive/MyDrive/Underwater Audio Data/processed/Biological/fish_8_chunk13.wav,Biological,/content/drive/MyDrive/Underwater Audio Data/data/Biological/fish_8.wav,3.0
/content/drive/MyDrive/Underwater Audio Data/processed/Biological/fish_8_chunk14.wav,Biological,/content/drive/MyDrive/Underwater Audio Data/data/Biological/fish_8.wav,3.0
/content/drive/MyDrive/Underwater Audio Data/processed/Biological/fish_8_chunk15.wav,Biological,/content/drive/MyDrive/Underwater Audio Data/data/Biological/fish_8.wav,3.0
/content/drive/MyDrive/Underwater Audio Data/processed/Biological/fish_8_chunk16.wav,Biological,/content/drive/MyDrive/Underwater Audio Data/data/Biological/fish_8.wav,3.0
/content/drive/MyDrive/Underwater Audio Data/processed/Biological/fish_8_chunk17.wav,Biological,/content/drive/MyDrive/Underwater Audio Data/data/Biological/fish_8.wav,3.0
/content/drive/MyDrive/Underwater Audio Data/processed/Biological/fish_8_chunk18.wav,Biological,/content/drive/MyDrive/Underwater Audio Data/data/Biological/fish_8.wav,3.0
/content/drive/MyDrive/Underwater Audio Data/processed/Biological/fish_8_chunk19.wav,Biological,/content/drive/MyDrive/Underwater Audio Data/data/Biological/fish_8.wav,3.0
/content/drive/MyDrive/Underwater Audio Data/processed/Biological/atlanticspotteddolphin_1_chunk0.wav,Biological,/content/drive/MyDrive/Underwater Audio Data/data/Biological/atlanticspotteddolphin_1.wav,3.0
/content/drive/MyDrive/Underwater Audio Data/processed/Biological/atlanticspotteddolphin_1_chunk1.wav,Biological,/content/drive/MyDrive/Underwater Audio Data/data/Biological/atlanticspotteddolphin_1.wav,3.0
/content/drive/MyDrive/Underwater Audio Data/processed/Biological/atlanticspotteddolphin_1_chunk2.wav,Biological,/content/drive/MyDrive/Underwater Audio Data/data/Biological/atlanticspotteddolphin_1.wav,3.0
/content/drive/MyDrive/Underwater Audio Data/processed/Biological/Bluewhale_chunk0.wav,Biological,/content/drive/MyDrive/Underwater Audio Data/data/Biological/Bluewhale.wav,3.0
/content/drive/MyDrive/Underwater Audio Data/processed/Biological/Bluewhale_chunk1.wav,Biological,/content/drive/MyDrive/Underwater Audio Data/data/Biological/Bluewhale.wav,3.0
/content/drive/MyDrive/Underwater Audio Data/processed/Biological/Bluewhale_chunk2.wav,Biological,/content/drive/MyDrive/Underwater Audio Data/data/Biological/Bluewhale.wav,3.0
/content/drive/MyDrive/Underwater Audio Data/processed/Biological/Bluewhale_chunk3.wav,Biological,/content/drive/MyDrive/Underwater Audio Data/data/Biological/Bluewhale.wav,3.0
/content/drive/MyDrive/Underwater Audio Data/processed/Biological/Bluewhale_chunk4.wav,Biological,/content/drive/MyDrive/Underwater Audio Data/data/Biological/Bluewhale.wav,3.0
/content/drive/MyDrive/Underwater Audio Data/processed/Biological/Bluewhale_chunk5.wav,Biological,/content/drive/MyDrive/Underwater Audio Data/data/Biological/Bluewhale.wav,3.0
/content/drive/MyDrive/Underwater Audio Data/processed/Biological/Bluewhale_chunk6.wav,Biological,/content/drive/MyDrive/Underwater Audio Data/data/Biological/Bluewhale.wav,3.0
/content/drive/MyDrive/Underwater Audio Data/processed/Biological/Bluewhale_chunk7.wav,Biological,/content/drive/MyDrive/Underwater Audio Data/data/Biological/Bluewhale.wav,3.0
/content/drive/MyDrive/Underwater Audio Data/processed/Biological/Bluewhale_chunk8.wav,Biological,/content/drive/MyDrive/Underwater Audio Data/data/Biological/Bluewhale.wav,3.0
/content/drive/MyDrive/Underwater Audio Data/processed/Biological/Bluewhale_chunk9.wav,Biological,/content/drive/MyDrive/Underwater Audio Data/data/Biological/Bluewhale.wav,3.0
/content/drive/MyDrive/Underwater Audio Data/processed/Biological/Bluewhale_chunk10.wav,Biological,/content/drive/MyDrive/Underwater Audio Data/data/Biological/Bluewhale.wav,3.0
/content/drive/MyDrive/Underwater Audio Data/processed/Biological/Bluewhale_chunk11.wav,Biological,/content/drive/MyDrive/Underwater Audio Data/data/Biological/Bluewhale.wav,3.0
/content/drive/MyDrive/Underwater Audio Data/processed/Biological/Bluewhale_chunk12.wav,Biological,/content/drive/MyDrive/Underwater Audio Data/data/Biological/Bluewhale.wav,3.0
/content/drive/MyDrive/Underwater Audio Data/processed/Biological/Bluewhale_chunk13.wav,Biological,/content/drive/MyDrive/Underwater Audio Data/data/Biological/Bluewhale.wav,3.0
/content/drive/MyDrive/Underwater Audio Data/processed/Biological/Bluewhale_chunk14.wav,Biological,/content/drive/MyDrive/Underwater Audio Data/data/Biological/Bluewhale.wav,3.0
/content/drive/MyDrive/Underwater Audio Data/processed/Biological/Bluewhale_chunk15.wav,Biological,/content/drive/MyDrive/Underwater Audio Data/data/Biological/Bluewhale.wav,3.0
/content/drive/MyDrive/Underwater Audio Data/processed/Biological/Bluewhale_chunk16.wav,Biological,/content/drive/MyDrive/Underwater Audio Data/data/Biological/Bluewhale.wav,3.0
/content/drive/MyDrive/Underwater Audio Data/processed/Biological/Bluewhale_chunk17.wav,Biological,/content/drive/MyDrive/Underwater Audio Data/data/Biological/Bluewhale.wav,3.0
/content/drive/MyDrive/Underwater Audio Data/processed/Biological/Bluewhale_chunk18.wav,Biological,/content/drive/MyDrive/Underwater Audio Data/data/Biological/Bluewhale.wav,3.0
/content/drive/MyDrive/Underwater Audio Data/processed/Biological/Bluewhale_chunk19.wav,Biological,/content/drive/MyDrive/Underwater Audio Data/data/Biological/Bluewhale.wav,3.0
/content/drive/MyDrive/Underwater Audio Data/processed/Biological/Bluewhale_chunk20.wav,Biological,/content/drive/MyDrive/Underwater Audio Data/data/Biological/Bluewhale.wav,3.0
/content/drive/MyDrive/Underwater Audio Data/processed/Biological/Bluewhale_chunk21.wav,Biological,/content/drive/MyDrive/Underwater Audio Data/data/Biological/Bluewhale.wav,3.0
/content/drive/MyDrive/Underwater Audio Data/processed/Biological/Bluewhale_chunk22.wav,Biological,/content/drive/MyDrive/Underwater Audio Data/data/Biological/Bluewhale.wav,3.0
/content/drive/MyDrive/Underwater Audio Data/processed/Biological/Bluewhale_chunk23.wav,Biological,/content/drive/MyDrive/Underwater Audio Data/data/Biological/Bluewhale.wav,3.0
/content/drive/MyDrive/Underwater Audio Data/processed/Biological/Bluewhale_chunk24.wav,Biological,/content/drive/MyDrive/Underwater Audio Data/data/Biological/Bluewhale.wav,3.0
/content/drive/MyDrive/Underwater Audio Data/processed/Biological/Bluewhale_chunk25.wav,Biological,/content/drive/MyDrive/Underwater Audio Data/data/Biological/Bluewhale.wav,3.0
/content/drive/MyDrive/Underwater Audio Data/processed/Biological/Bluewhale_chunk26.wav,Biological,/content/drive/MyDrive/Underwater Audio Data/data/Biological/Bluewhale.wav,3.0
/content/drive/MyDrive/Underwater Audio Data/processed/Biological/Bluewhale_chunk27.wav,Biological,/content/drive/MyDrive/Underwater Audio Data/data/Biological/Bluewhale.wav,3.0
/content/drive/MyDrive/Underwater Audio Data/processed/Biological/Bluewhale_chunk28.wav,Biological,/content/drive/MyDrive/Underwater Audio Data/data/Biological/Bluewhale.wav,3.0
/content/drive/MyDrive/Underwater Audio Data/processed/Biological/Bluewhale_chunk29.wav,Biological,/content/drive/MyDrive/Underwater Audio Data/data/Biological/Bluewhale.wav,3.0
/content/drive/MyDrive/Underwater Audio Data/processed/Biological/Bluewhale_chunk30.wav,Biological,/content/drive/MyDrive/Underwater Audio Data/data/Biological/Bluewhale.wav,3.0
/content/drive/MyDrive/Underwater Audio Data/processed/Biological/Bluewhale_chunk31.wav,Biological,/content/drive/MyDrive/Underwater Audio Data/data/Biological/Bluewhale.wav,3.0
/content/drive/MyDrive/Underwater Audio Data/processed/Biological/Bluewhale_chunk32.wav,Biological,/content/drive/MyDrive/Underwater Audio Data/data/Biological/Bluewhale.wav,3.0
/content/drive/MyDrive/Underwater Audio Data/processed/Biological/Bluewhale_chunk33.wav,Biological,/content/drive/MyDrive/Underwater Audio Data/data/Biological/Bluewhale.wav,3.0
/content/drive/MyDrive/Underwater Audio Data/processed/Biological/Bluewhale_chunk34.wav,Biological,/content/drive/MyDrive/Underwater Audio Data/data/Biological/Bluewhale.wav,3.0
/content/drive/MyDrive/Underwater Audio Data/processed/Biological/Bluewhale_chunk35.wav,Biological,/content/drive/MyDrive/Underwater Audio Data/data/Biological/Bluewhale.wav,3.0
/content/drive/MyDrive/Underwater Audio Data/processed/Biological/Bluewhale_chunk36.wav,Biological,/content/drive/MyDrive/Underwater Audio Data/data/Biological/Bluewhale.wav,3.0
/content/drive/MyDrive/Underwater Audio Data/processed/Biological/Bluewhale_chunk37.wav,Biological,/content/drive/MyDrive/Underwater Audio Data/data/Biological/Bluewhale.wav,3.0
/content/drive/MyDrive/Underwater Audio Data/processed/Biological/Bluewhale_chunk38.wav,Biological,/content/drive/MyDrive/Underwater Audio Data/data/Biological/Bluewhale.wav,3.0
/content/drive/MyDrive/Underwater Audio Data/processed/Biological/Bluewhale_chunk39.wav,Biological,/content/drive/MyDrive/Underwater Audio Data/data/Biological/Bluewhale.wav,3.0
/content/drive/MyDrive/Underwater Audio Data/processed/Biological/Bluewhale_chunk40.wav,Biological,/content/drive/MyDrive/Underwater Audio Data/data/Biological/Bluewhale.wav,3.0
/content/drive/MyDrive/Underwater Audio Data/processed/Biological/Bluewhale_chunk41.wav,Biological,/content/drive/MyDrive/Underwater Audio Data/data/Biological/Bluewhale.wav,3.0
/content/drive/MyDrive/Underwater Audio Data/processed/Biological/Bluewhale_chunk42.wav,Biological,/content/drive/MyDrive/Underwater Audio Data/data/Biological/Bluewhale.wav,3.0
/content/drive/MyDrive/Underwater Audio Data/processed/Biological/Bluewhale_chunk43.wav,Biological,/content/drive/MyDrive/Underwater Audio Data/data/Biological/Bluewhale.wav,3.0
/content/drive/MyDrive/Underwater Audio Data/processed/Biological/Bluewhale_chunk44.wav,Biological,/content/drive/MyDrive/Underwater Audio Data/data/Biological/Bluewhale.wav,3.0
/content/drive/MyDrive/Underwater Audio Data/processed/Biological/Bluewhale_chunk45.wav,Biological,/content/drive/MyDrive/Underwater Audio Data/data/Biological/Bluewhale.wav,3.0
/content/drive/MyDrive/Underwater Audio Data/processed/Biological/Bluewhale_chunk46.wav,Biological,/content/drive/MyDrive/Underwater Audio Data/data/Biological/Bluewhale.wav,3.0
/content/drive/MyDrive/Underwater Audio Data/processed/Biological/Bluewhale_chunk47.wav,Biological,/content/drive/MyDrive/Underwater Audio Data/data/Biological/Bluewhale.wav,3.0
/content/drive/MyDrive/Underwater Audio Data/processed/Biological/Bluewhale_chunk48.wav,Biological,/content/drive/MyDrive/Underwater Audio Data/data/Biological/Bluewhale.wav,3.0
/content/drive/MyDrive/Underwater Audio Data/processed/Biological/Bluewhale_chunk49.wav,Biological,/content/drive/MyDrive/Underwater Audio Data/data/Biological/Bluewhale.wav,3.0
/content/drive/MyDrive/Underwater Audio Data/processed/Biological/Bluewhale_chunk50.wav,Biological,/content/drive/MyDrive/Underwater Audio Data/data/Biological/Bluewhale.wav,3.0
/content/drive/MyDrive/Underwater Audio Data/processed/Biological/Bluewhale_chunk51.wav,Biological,/content/drive/MyDrive/Underwater Audio Data/data/Biological/Bluewhale.wav,3.0
/content/drive/MyDrive/Underwater Audio Data/processed/Biological/Bluewhale_chunk52.wav,Biological,/content/drive/MyDrive/Underwater Audio Data/data/Biological/Bluewhale.wav,3.0
/content/drive/MyDrive/Underwater Audio Data/processed/Biological/Bluewhale_chunk53.wav,Biological,/content/drive/MyDrive/Underwater Audio Data/data/Biological/Bluewhale.wav,3.0
/content/drive/MyDrive/Underwater Audio Data/processed/Biological/Bluewhale_chunk54.wav,Biological,/content/drive/MyDrive/Underwater Audio Data/data/Biological/Bluewhale.wav,3.0
/content/drive/MyDrive/Underwater Audio Data/processed/Biological/Bluewhale_chunk55.wav,Biological,/content/drive/MyDrive/Underwater Audio Data/data/Biological/Bluewhale.wav,3.0
/content/drive/MyDrive/Underwater Audio Data/processed/Biological/Bluewhale_chunk56.wav,Biological,/content/drive/MyDrive/Underwater Audio Data/data/Biological/Bluewhale.wav,3.0
/content/drive/MyDrive/Underwater Audio Data/processed/Biological/Bluewhale_chunk57.wav,Biological,/content/drive/MyDrive/Underwater Audio Data/data/Biological/Bluewhale.wav,3.0
/content/drive/MyDrive/Underwater Audio Data/processed/Biological/Bluewhale_chunk58.wav,Biological,/content/drive/MyDrive/Underwater Audio Data/data/Biological/Bluewhale.wav,3.0
/content/drive/MyDrive/Underwater Audio Data/processed/Biological/Bluewhale_chunk59.wav,Biological,/content/drive/MyDrive/Underwater Audio Data/data/Biological/Bluewhale.wav,3.0
/content/drive/MyDrive/Underwater Audio Data/processed/Biological/Bluewhale_chunk60.wav,Biological,/content/drive/MyDrive/Underwater Audio Data/data/Biological/Bluewhale.wav,3.0
/content/drive/MyDrive/Underwater Audio Data/processed/Biological/Bluewhale_chunk61.wav,Biological,/content/drive/MyDrive/Underwater Audio Data/data/Biological/Bluewhale.wav,3.0
/content/drive/MyDrive/Underwater Audio Data/processed/Biological/Bluewhale_chunk62.wav,Biological,/content/drive/MyDrive/Underwater Audio Data/data/Biological/Bluewhale.wav,3.0
/content/drive/MyDrive/Underwater Audio Data/processed/Biological/Bluewhale_chunk63.wav,Biological,/content/drive/MyDrive/Underwater Audio Data/data/Biological/Bluewhale.wav,3.0
/content/drive/MyDrive/Underwater Audio Data/processed/Biological/Bluewhale_chunk64.wav,Biological,/content/drive/MyDrive/Underwater Audio Data/data/Biological/Bluewhale.wav,3.0
/content/drive/MyDrive/Underwater Audio Data/processed/Biological/Bluewhale_chunk65.wav,Biological,/content/drive/MyDrive/Underwater Audio Data/data/Biological/Bluewhale.wav,3.0
/content/drive/MyDrive/Underwater Audio Data/processed/Biological/Bluewhale_chunk66.wav,Biological,/content/drive/MyDrive/Underwater Audio Data/data/Biological/Bluewhale.wav,3.0
/content/drive/MyDrive/Underwater Audio Data/processed/Biological/Bluewhale_chunk67.wav,Biological,/content/drive/MyDrive/Underwater Audio Data/data/Biological/Bluewhale.wav,3.0
/content/drive/MyDrive/Underwater Audio Data/processed/Biological/Bluewhale_chunk68.wav,Biological,/content/drive/MyDrive/Underwater Audio Data/data/Biological/Bluewhale.wav,3.0
/content/drive/MyDrive/Underwater Audio Data/processed/Biological/Bluewhale_chunk69.wav,Biological,/content/drive/MyDrive/Underwater Audio Data/data/Biological/Bluewhale.wav,3.0
/content/drive/MyDrive/Underwater Audio Data/processed/Biological/Bluewhale_chunk70.wav,Biological,/content/drive/MyDrive/Underwater Audio Data/data/Biological/Bluewhale.wav,3.0
/content/drive/MyDrive/Underwater Audio Data/processed/Biological/Bluewhale_chunk71.wav,Biological,/content/drive/MyDrive/Underwater Audio Data/data/Biological/Bluewhale.wav,3.0
/content/drive/MyDrive/Underwater Audio Data/processed/Biological/Bluewhale_chunk72.wav,Biological,/content/drive/MyDrive/Underwater Audio Data/data/Biological/Bluewhale.wav,3.0
/content/drive/MyDrive/Underwater Audio Data/processed/Biological/Bluewhale_chunk73.wav,Biological,/content/drive/MyDrive/Underwater Audio Data/data/Biological/Bluewhale.wav,3.0
/content/drive/MyDrive/Underwater Audio Data/processed/Biological/Bluewhale_chunk74.wav,Biological,/content/drive/MyDrive/Underwater Audio Data/data/Biological/Bluewhale.wav,3.0
/content/drive/MyDrive/Underwater Audio Data/processed/Biological/Bluewhale_chunk75.wav,Biological,/content/drive/MyDrive/Underwater Audio Data/data/Biological/Bluewhale.wav,3.0
/content/drive/MyDrive/Underwater Audio Data/processed/Biological/Bluewhale_chunk76.wav,Biological,/content/drive/MyDrive/Underwater Audio Data/data/Biological/Bluewhale.wav,3.0
/content/drive/MyDrive/Underwater Audio Data/processed/Biological/Bluewhale_chunk77.wav,Biological,/content/drive/MyDrive/Underwater Audio Data/data/Biological/Bluewhale.wav,3.0
/content/drive/MyDrive/Underwater Audio Data/processed/Biological/Bluewhale_chunk78.wav,Biological,/content/drive/MyDrive/Underwater Audio Data/data/Biological/Bluewhale.wav,3.0
/content/drive/MyDrive/Underwater Audio Data/processed/Biological/Bluewhale_chunk79.wav,Biological,/content/drive/MyDrive/Underwater Audio Data/data/Biological/Bluewhale.wav,3.0
/content/drive/MyDrive/Underwater Audio Data/processed/Biological/Bluewhale_chunk80.wav,Biological,/content/drive/MyDrive/Underwater Audio Data/data/Biological/Bluewhale.wav,3.0
/content/drive/MyDrive/Underwater Audio Data/processed/Biological/Bluewhale_chunk81.wav,Biological,/content/drive/MyDrive/Underwater Audio Data/data/Biological/Bluewhale.wav,3.0
/content/drive/MyDrive/Underwater Audio Data/processed/Biological/Bluewhale_chunk82.wav,Biological,/content/drive/MyDrive/Underwater Audio Data/data/Biological/Bluewhale.wav,3.0
/content/drive/MyDrive/Underwater Audio Data/processed/Biological/Bluewhale_chunk83.wav,Biological,/content/drive/MyDrive/Underwater Audio Data/data/Biological/Bluewhale.wav,3.0
/content/drive/MyDrive/Underwater Audio Data/processed/Biological/Bluewhale_chunk84.wav,Biological,/content/drive/MyDrive/Underwater Audio Data/data/Biological/Bluewhale.wav,3.0
/content/drive/MyDrive/Underwater Audio Data/processed/Biological/Bluewhale_chunk85.wav,Biological,/content/drive/MyDrive/Underwater Audio Data/data/Biological/Bluewhale.wav,3.0
/content/drive/MyDrive/Underwater Audio Data/processed/Biological/Bluewhale_chunk86.wav,Biological,/content/drive/MyDrive/Underwater Audio Data/data/Biological/Bluewhale.wav,3.0
/content/drive/MyDrive/Underwater Audio Data/processed/Biological/Bluewhale_chunk87.wav,Biological,/content/drive/MyDrive/Underwater Audio Data/data/Biological/Bluewhale.wav,3.0
/content/drive/MyDrive/Underwater Audio Data/processed/Biological/Bluewhale_chunk88.wav,Biological,/content/drive/MyDrive/Underwater Audio Data/data/Biological/Bluewhale.wav,3.0
/content/drive/MyDrive/Underwater Audio Data/processed/Biological/Bluewhale_chunk89.wav,Biological,/content/drive/MyDrive/Underwater Audio Data/data/Biological/Bluewhale.wav,3.0
/content/drive/MyDrive/Underwater Audio Data/processed/Biological/Bluewhale_chunk90.wav,Biological,/content/drive/MyDrive/Underwater Audio Data/data/Biological/Bluewhale.wav,3.0
/content/drive/MyDrive/Underwater Audio Data/processed/Biological/Bluewhale_chunk91.wav,Biological,/content/drive/MyDrive/Underwater Audio Data/data/Biological/Bluewhale.wav,3.0
/content/drive/MyDrive/Underwater Audio Data/processed/Biological/Bluewhale_chunk92.wav,Biological,/content/drive/MyDrive/Underwater Audio Data/data/Biological/Bluewhale.wav,3.0
/content/drive/MyDrive/Underwater Audio Data/processed/Biological/Bluewhale_chunk93.wav,Biological,/content/drive/MyDrive/Underwater Audio Data/data/Biological/Bluewhale.wav,3.0
/content/drive/MyDrive/Underwater Audio Data/processed/Biological/Bluewhale_chunk94.wav,Biological,/content/drive/MyDrive/Underwater Audio Data/data/Biological/Bluewhale.wav,3.0
/content/drive/MyDrive/Underwater Audio Data/processed/Biological/Bluewhale_chunk95.wav,Biological,/content/drive/MyDrive/Underwater Audio Data/data/Biological/Bluewhale.wav,3.0
/content/drive/MyDrive/Underwater Audio Data/processed/Biological/Bluewhale_chunk96.wav,Biological,/content/drive/MyDrive/Underwater Audio Data/data/Biological/Bluewhale.wav,3.0
/content/drive/MyDrive/Underwater Audio Data/processed/Biological/Bluewhale_chunk97.wav,Biological,/content/drive/MyDrive/Underwater Audio Data/data/Biological/Bluewhale.wav,3.0
/content/drive/MyDrive/Underwater Audio Data/processed/Biological/Bluewhale_chunk98.wav,Biological,/content/drive/MyDrive/Underwater Audio Data/data/Biological/Bluewhale.wav,3.0
/content/drive/MyDrive/Underwater Audio Data/processed/Biological/Bluewhale_chunk99.wav,Biological,/content/drive/MyDrive/Underwater Audio Data/data/Biological/Bluewhale.wav,3.0
/content/drive/MyDrive/Underwater Audio Data/processed/Biological/Bluewhale_chunk100.wav,Biological,/content/drive/MyDrive/Underwater Audio Data/data/Biological/Bluewhale.wav,3.0
/content/drive/MyDrive/Underwater Audio Data/processed/Biological/Bluewhale_chunk101.wav,Biological,/content/drive/MyDrive/Underwater Audio Data/data/Biological/Bluewhale.wav,3.0
/content/drive/MyDrive/Underwater Audio Data/processed/Biological/Bluewhale_chunk102.wav,Biological,/content/drive/MyDrive/Underwater Audio Data/data/Biological/Bluewhale.wav,3.0
/content/drive/MyDrive/Underwater Audio Data/processed/Biological/Bluewhale_chunk103.wav,Biological,/content/drive/MyDrive/Underwater Audio Data/data/Biological/Bluewhale.wav,3.0
/content/drive/MyDrive/Underwater Audio Data/processed/Biological/Bluewhale_chunk104.wav,Biological,/content/drive/MyDrive/Underwater Audio Data/data/Biological/Bluewhale.wav,3.0
/content/drive/MyDrive/Underwater Audio Data/processed/Biological/Bluewhale_chunk105.wav,Biological,/content/drive/MyDrive/Underwater Audio Data/data/Biological/Bluewhale.wav,3.0
/content/drive/MyDrive/Underwater Audio Data/processed/Biological/Bluewhale_chunk106.wav,Biological,/content/drive/MyDrive/Underwater Audio Data/data/Biological/Bluewhale.wav,3.0
/content/drive/MyDrive/Underwater Audio Data/processed/Biological/Bluewhale_chunk107.wav,Biological,/content/drive/MyDrive/Underwater Audio Data/data/Biological/Bluewhale.wav,3.0
/content/drive/MyDrive/Underwater Audio Data/processed/Biological/Bluewhale_chunk108.wav,Biological,/content/drive/MyDrive/Underwater Audio Data/data/Biological/Bluewhale.wav,3.0
/content/drive/MyDrive/Underwater Audio Data/processed/Biological/Bluewhale_chunk109.wav,Biological,/content/drive/MyDrive/Underwater Audio Data/data/Biological/Bluewhale.wav,3.0
/content/drive/MyDrive/Underwater Audio Data/processed/Biological/Bluewhale_chunk110.wav,Biological,/content/drive/MyDrive/Underwater Audio Data/data/Biological/Bluewhale.wav,3.0
/content/drive/MyDrive/Underwater Audio Data/processed/Biological/Bluewhale_chunk111.wav,Biological,/content/drive/MyDrive/Underwater Audio Data/data/Biological/Bluewhale.wav,3.0
/content/drive/MyDrive/Underwater Audio Data/processed/Biological/Bluewhale_chunk112.wav,Biological,/content/drive/MyDrive/Underwater Audio Data/data/Biological/Bluewhale.wav,3.0
/content/drive/MyDrive/Underwater Audio Data/processed/Biological/Bluewhale_chunk113.wav,Biological,/content/drive/MyDrive/Underwater Audio Data/data/Biological/Bluewhale.wav,3.0
/content/drive/MyDrive/Underwater Audio Data/processed/Biological/Bluewhale_chunk114.wav,Biological,/content/drive/MyDrive/Underwater Audio Data/data/Biological/Bluewhale.wav,3.0
/content/drive/MyDrive/Underwater Audio Data/processed/Biological/Bluewhale_chunk115.wav,Biological,/content/drive/MyDrive/Underwater Audio Data/data/Biological/Bluewhale.wav,3.0
/content/drive/MyDrive/Underwater Audio Data/processed/Biological/Bluewhale_chunk116.wav,Biological,/content/drive/MyDrive/Underwater Audio Data/data/Biological/Bluewhale.wav,3.0
/content/drive/MyDrive/Underwater Audio Data/processed/Biological/Bluewhale_chunk117.wav,Biological,/content/drive/MyDrive/Underwater Audio Data/data/Biological/Bluewhale.wav,3.0
/content/drive/MyDrive/Underwater Audio Data/processed/Biological/Bluewhale_chunk118.wav,Biological,/content/drive/MyDrive/Underwater Audio Data/data/Biological/Bluewhale.wav,3.0
/content/drive/MyDrive/Underwater Audio Data/processed/Biological/Bluewhale_chunk119.wav,Biological,/content/drive/MyDrive/Underwater Audio Data/data/Biological/Bluewhale.wav,3.0
/content/drive/MyDrive/Underwater Audio Data/processed/Biological/Bluewhale_chunk120.wav,Biological,/content/drive/MyDrive/Underwater Audio Data/data/Biological/Bluewhale.wav,3.0
/content/drive/MyDrive/Underwater Audio Data/processed/Biological/Bluewhale_chunk121.wav,Biological,/content/drive/MyDrive/Underwater Audio Data/data/Biological/Bluewhale.wav,3.0
/content/drive/MyDrive/Underwater Audio Data/processed/Biological/Bluewhale_chunk122.wav,Biological,/content/drive/MyDrive/Underwater Audio Data/data/Biological/Bluewhale.wav,3.0
/content/drive/MyDrive/Underwater Audio Data/processed/Biological/Bluewhale_chunk123.wav,Biological,/content/drive/MyDrive/Underwater Audio Data/data/Biological/Bluewhale.wav,3.0
/content/drive/MyDrive/Underwater Audio Data/processed/Biological/Bluewhale_chunk124.wav,Biological,/content/drive/MyDrive/Underwater Audio Data/data/Biological/Bluewhale.wav,3.0
/content/drive/MyDrive/Underwater Audio Data/processed/Biological/Bluewhale_chunk125.wav,Biological,/content/drive/MyDrive/Underwater Audio Data/data/Biological/Bluewhale.wav,3.0
/content/drive/MyDrive/Underwater Audio Data/processed/Biological/Bluewhale_chunk126.wav,Biological,/content/drive/MyDrive/Underwater Audio Data/data/Biological/Bluewhale.wav,3.0
/content/drive/MyDrive/Underwater Audio Data/processed/Biological/bluewhale (1)_chunk0.wav,Biological,/content/drive/MyDrive/Underwater Audio Data/data/Biological/bluewhale (1).wav,3.0
/content/drive/MyDrive/Underwater Audio Data/processed/Biological/bluewhale (1)_chunk1.wav,Biological,/content/drive/MyDrive/Underwater Audio Data/data/Biological/bluewhale (1).wav,3.0
/content/drive/MyDrive/Underwater Audio Data/processed/Biological/bluewhale (1)_chunk2.wav,Biological,/content/drive/MyDrive/Underwater Audio Data/data/Biological/bluewhale (1).wav,3.0
/content/drive/MyDrive/Underwater Audio Data/processed/Biological/bluewhale (1)_chunk3.wav,Biological,/content/drive/MyDrive/Underwater Audio Data/data/Biological/bluewhale (1).wav,3.0
/content/drive/MyDrive/Underwater Audio Data/processed/Biological/bluewhale (1)_chunk4.wav,Biological,/content/drive/MyDrive/Underwater Audio Data/data/Biological/bluewhale (1).wav,3.0
/content/drive/MyDrive/Underwater Audio Data/processed/Biological/bluewhale (1)_chunk5.wav,Biological,/content/drive/MyDrive/Underwater Audio Data/data/Biological/bluewhale (1).wav,3.0
/content/drive/MyDrive/Underwater Audio Data/processed/Biological/bluewhale (1)_chunk6.wav,Biological,/content/drive/MyDrive/Underwater Audio Data/data/Biological/bluewhale (1).wav,3.0
/content/drive/MyDrive/Underwater Audio Data/processed/Biological/bluewhale (1)_chunk7.wav,Biological,/content/drive/MyDrive/Underwater Audio Data/data/Biological/bluewhale (1).wav,3.0
/content/drive/MyDrive/Underwater Audio Data/processed/Biological/bluewhale (1)_chunk8.wav,Biological,/content/drive/MyDrive/Underwater Audio Data/data/Biological/bluewhale (1).wav,3.0
/content/drive/MyDrive/Underwater Audio Data/processed/Biological/bluewhale (1)_chunk9.wav,Biological,/content/drive/MyDrive/Underwater Audio Data/data/Biological/bluewhale (1).wav,3.0
/content/drive/MyDrive/Underwater Audio Data/processed/Biological/bluewhale (1)_chunk10.wav,Biological,/content/drive/MyDrive/Underwater Audio Data/data/Biological/bluewhale (1).wav,3.0
/content/drive/MyDrive/Underwater Audio Data/processed/Biological/bluewhale (1)_chunk11.wav,Biological,/content/drive/MyDrive/Underwater Audio Data/data/Biological/bluewhale (1).wav,3.0
/content/drive/MyDrive/Underwater Audio Data/processed/Biological/bluewhale (1)_chunk12.wav,Biological,/content/drive/MyDrive/Underwater Audio Data/data/Biological/bluewhale (1).wav,3.0
/content/drive/MyDrive/Underwater Audio Data/processed/Biological/bluewhale (1)_chunk13.wav,Biological,/content/drive/MyDrive/Underwater Audio Data/data/Biological/bluewhale (1).wav,3.0
/content/drive/MyDrive/Underwater Audio Data/processed/Biological/bluewhale (1)_chunk14.wav,Biological,/content/drive/MyDrive/Underwater Audio Data/data/Biological/bluewhale (1).wav,3.0
/content/drive/MyDrive/Underwater Audio Data/processed/Biological/bluewhale (1)_chunk15.wav,Biological,/content/drive/MyDrive/Underwater Audio Data/data/Biological/bluewhale (1).wav,3.0
/content/drive/MyDrive/Underwater Audio Data/processed/Biological/bluewhale (1)_chunk16.wav,Biological,/content/drive/MyDrive/Underwater Audio Data/data/Biological/bluewhale (1).wav,3.0
/content/drive/MyDrive/Underwater Audio Data/processed/Biological/bluewhale (1)_chunk17.wav,Biological,/content/drive/MyDrive/Underwater Audio Data/data/Biological/bluewhale (1).wav,3.0
/content/drive/MyDrive/Underwater Audio Data/processed/Biological/bluewhale (1)_chunk18.wav,Biological,/content/drive/MyDrive/Underwater Audio Data/data/Biological/bluewhale (1).wav,3.0
/content/drive/MyDrive/Underwater Audio Data/processed/Biological/bluewhale (1)_chunk19.wav,Biological,/content/drive/MyDrive/Underwater Audio Data/data/Biological/bluewhale (1).wav,3.0
/content/drive/MyDrive/Underwater Audio Data/processed/Biological/bluewhale (1)_chunk20.wav,Biological,/content/drive/MyDrive/Underwater Audio Data/data/Biological/bluewhale (1).wav,3.0
/content/drive/MyDrive/Underwater Audio Data/processed/Biological/bluewhale (1)_chunk21.wav,Biological,/content/drive/MyDrive/Underwater Audio Data/data/Biological/bluewhale (1).wav,3.0
/content/drive/MyDrive/Underwater Audio Data/processed/Biological/bluewhale (1)_chunk22.wav,Biological,/content/drive/MyDrive/Underwater Audio Data/data/Biological/bluewhale (1).wav,3.0
/content/drive/MyDrive/Underwater Audio Data/processed/Biological/bluewhale (1)_chunk23.wav,Biological,/content/drive/MyDrive/Underwater Audio Data/data/Biological/bluewhale (1).wav,3.0
/content/drive/MyDrive/Underwater Audio Data/processed/Biological/bluewhale (1)_chunk24.wav,Biological,/content/drive/MyDrive/Underwater Audio Data/data/Biological/bluewhale (1).wav,3.0
/content/drive/MyDrive/Underwater Audio Data/processed/Biological/bluewhale (1)_chunk25.wav,Biological,/content/drive/MyDrive/Underwater Audio Data/data/Biological/bluewhale (1).wav,3.0
/content/drive/MyDrive/Underwater Audio Data/processed/Biological/bluewhale (1)_chunk26.wav,Biological,/content/drive/MyDrive/Underwater Audio Data/data/Biological/bluewhale (1).wav,3.0
/content/drive/MyDrive/Underwater Audio Data/processed/Biological/bluewhale (1)_chunk27.wav,Biological,/content/drive/MyDrive/Underwater Audio Data/data/Biological/bluewhale (1).wav,3.0
/content/drive/MyDrive/Underwater Audio Data/processed/Biological/bluewhale (1)_chunk28.wav,Biological,/content/drive/MyDrive/Underwater Audio Data/data/Biological/bluewhale (1).wav,3.0
/content/drive/MyDrive/Underwater Audio Data/processed/Biological/bluewhale (1)_chunk29.wav,Biological,/content/drive/MyDrive/Underwater Audio Data/data/Biological/bluewhale (1).wav,3.0
/content/drive/MyDrive/Underwater Audio Data/processed/Biological/bluewhale (1)_chunk30.wav,Biological,/content/drive/MyDrive/Underwater Audio Data/data/Biological/bluewhale (1).wav,3.0
/content/drive/MyDrive/Underwater Audio Data/processed/Biological/bluewhale (1)_chunk31.wav,Biological,/content/drive/MyDrive/Underwater Audio Data/data/Biological/bluewhale (1).wav,3.0
/content/drive/MyDrive/Underwater Audio Data/processed/Biological/bluewhale (1)_chunk32.wav,Biological,/content/drive/MyDrive/Underwater Audio Data/data/Biological/bluewhale (1).wav,3.0
/content/drive/MyDrive/Underwater Audio Data/processed/Biological/bluewhale (1)_chunk33.wav,Biological,/content/drive/MyDrive/Underwater Audio Data/data/Biological/bluewhale (1).wav,3.0
/content/drive/MyDrive/Underwater Audio Data/processed/Biological/bluewhale (1)_chunk34.wav,Biological,/content/drive/MyDrive/Underwater Audio Data/data/Biological/bluewhale (1).wav,3.0
/content/drive/MyDrive/Underwater Audio Data/processed/Biological/bluewhale (1)_chunk35.wav,Biological,/content/drive/MyDrive/Underwater Audio Data/data/Biological/bluewhale (1).wav,3.0
/content/drive/MyDrive/Underwater Audio Data/processed/Biological/bluewhale (1)_chunk36.wav,Biological,/content/drive/MyDrive/Underwater Audio Data/data/Biological/bluewhale (1).wav,3.0
/content/drive/MyDrive/Underwater Audio Data/processed/Biological/bluewhale (1)_chunk37.wav,Biological,/content/drive/MyDrive/Underwater Audio Data/data/Biological/bluewhale (1).wav,3.0
/content/drive/MyDrive/Underwater Audio Data/processed/Biological/bluewhale (1)_chunk38.wav,Biological,/content/drive/MyDrive/Underwater Audio Data/data/Biological/bluewhale (1).wav,3.0
/content/drive/MyDrive/Underwater Audio Data/processed/Biological/bluewhale (1)_chunk39.wav,Biological,/content/drive/MyDrive/Underwater Audio Data/data/Biological/bluewhale (1).wav,3.0
/content/drive/MyDrive/Underwater Audio Data/processed/Biological/bluewhale (1)_chunk40.wav,Biological,/content/drive/MyDrive/Underwater Audio Data/data/Biological/bluewhale (1).wav,3.0
/content/drive/MyDrive/Underwater Audio Data/processed/Biological/bluewhale (1)_chunk41.wav,Biological,/content/drive/MyDrive/Underwater Audio Data/data/Biological/bluewhale (1).wav,3.0
/content/drive/MyDrive/Underwater Audio Data/processed/Biological/bluewhale (1)_chunk42.wav,Biological,/content/drive/MyDrive/Underwater Audio Data/data/Biological/bluewhale (1).wav,3.0
/content/drive/MyDrive/Underwater Audio Data/processed/Biological/bluewhale (1)_chunk43.wav,Biological,/content/drive/MyDrive/Underwater Audio Data/data/Biological/bluewhale (1).wav,3.0
/content/drive/MyDrive/Underwater Audio Data/processed/Biological/bluewhale (1)_chunk44.wav,Biological,/content/drive/MyDrive/Underwater Audio Data/data/Biological/bluewhale (1).wav,3.0
/content/drive/MyDrive/Underwater Audio Data/processed/Biological/bluewhale (1)_chunk45.wav,Biological,/content/drive/MyDrive/Underwater Audio Data/data/Biological/bluewhale (1).wav,3.0
/content/drive/MyDrive/Underwater Audio Data/processed/Biological/bluewhale (1)_chunk46.wav,Biological,/content/drive/MyDrive/Underwater Audio Data/data/Biological/bluewhale (1).wav,3.0
/content/drive/MyDrive/Underwater Audio Data/processed/Biological/bluewhale (1)_chunk47.wav,Biological,/content/drive/MyDrive/Underwater Audio Data/data/Biological/bluewhale (1).wav,3.0
/content/drive/MyDrive/Underwater Audio Data/processed/Biological/bluewhale (1)_chunk48.wav,Biological,/content/drive/MyDrive/Underwater Audio Data/data/Biological/bluewhale (1).wav,3.0
/content/drive/MyDrive/Underwater Audio Data/processed/Biological/bluewhale (1)_chunk49.wav,Biological,/content/drive/MyDrive/Underwater Audio Data/data/Biological/bluewhale (1).wav,3.0
/content/drive/MyDrive/Underwater Audio Data/processed/Biological/bluewhale (1)_chunk50.wav,Biological,/content/drive/MyDrive/Underwater Audio Data/data/Biological/bluewhale (1).wav,3.0
/content/drive/MyDrive/Underwater Audio Data/processed/Biological/bluewhale (1)_chunk51.wav,Biological,/content/drive/MyDrive/Underwater Audio Data/data/Biological/bluewhale (1).wav,3.0
/content/drive/MyDrive/Underwater Audio Data/processed/Biological/bluewhale (1)_chunk52.wav,Biological,/content/drive/MyDrive/Underwater Audio Data/data/Biological/bluewhale (1).wav,3.0
/content/drive/MyDrive/Underwater Audio Data/processed/Biological/bluewhale (1)_chunk53.wav,Biological,/content/drive/MyDrive/Underwater Audio Data/data/Biological/bluewhale (1).wav,3.0
/content/drive/MyDrive/Underwater Audio Data/processed/Biological/bluewhale (1)_chunk54.wav,Biological,/content/drive/MyDrive/Underwater Audio Data/data/Biological/bluewhale (1).wav,3.0
/content/drive/MyDrive/Underwater Audio Data/processed/Biological/bluewhale (1)_chunk55.wav,Biological,/content/drive/MyDrive/Underwater Audio Data/data/Biological/bluewhale (1).wav,3.0
/content/drive/MyDrive/Underwater Audio Data/processed/Biological/bluewhale (1)_chunk56.wav,Biological,/content/drive/MyDrive/Underwater Audio Data/data/Biological/bluewhale (1).wav,3.0
/content/drive/MyDrive/Underwater Audio Data/processed/Biological/bluewhale (1)_chunk57.wav,Biological,/content/drive/MyDrive/Underwater Audio Data/data/Biological/bluewhale (1).wav,3.0
/content/drive/MyDrive/Underwater Audio Data/processed/Biological/bluewhale (1)_chunk58.wav,Biological,/content/drive/MyDrive/Underwater Audio Data/data/Biological/bluewhale (1).wav,3.0
/content/drive/MyDrive/Underwater Audio Data/processed/Biological/bluewhale (1)_chunk59.wav,Biological,/content/drive/MyDrive/Underwater Audio Data/data/Biological/bluewhale (1).wav,3.0
/content/drive/MyDrive/Underwater Audio Data/processed/Biological/bluewhale (1)_chunk60.wav,Biological,/content/drive/MyDrive/Underwater Audio Data/data/Biological/bluewhale (1).wav,3.0
/content/drive/MyDrive/Underwater Audio Data/processed/Biological/bluewhale (1)_chunk61.wav,Biological,/content/drive/MyDrive/Underwater Audio Data/data/Biological/bluewhale (1).wav,3.0
/content/drive/MyDrive/Underwater Audio Data/processed/Biological/bluewhale (1)_chunk62.wav,Biological,/content/drive/MyDrive/Underwater Audio Data/data/Biological/bluewhale (1).wav,3.0
/content/drive/MyDrive/Underwater Audio Data/processed/Biological/bluewhale (2)_chunk0.wav,Biological,/content/drive/MyDrive/Underwater Audio Data/data/Biological/bluewhale (2).wav,3.0
/content/drive/MyDrive/Underwater Audio Data/processed/Biological/bluewhale (2)_chunk1.wav,Biological,/content/drive/MyDrive/Underwater Audio Data/data/Biological/bluewhale (2).wav,3.0
/content/drive/MyDrive/Underwater Audio Data/processed/Biological/bluewhale (2)_chunk2.wav,Biological,/content/drive/MyDrive/Underwater Audio Data/data/Biological/bluewhale (2).wav,3.0
/content/drive/MyDrive/Underwater Audio Data/processed/Biological/bluewhale (2)_chunk3.wav,Biological,/content/drive/MyDrive/Underwater Audio Data/data/Biological/bluewhale (2).wav,3.0
/content/drive/MyDrive/Underwater Audio Data/processed/Biological/bluewhale (2)_chunk4.wav,Biological,/content/drive/MyDrive/Underwater Audio Data/data/Biological/bluewhale (2).wav,3.0
/content/drive/MyDrive/Underwater Audio Data/processed/Biological/bluewhale (2)_chunk5.wav,Biological,/content/drive/MyDrive/Underwater Audio Data/data/Biological/bluewhale (2).wav,3.0
/content/drive/MyDrive/Underwater Audio Data/processed/Biological/bluewhale (2)_chunk6.wav,Biological,/content/drive/MyDrive/Underwater Audio Data/data/Biological/bluewhale (2).wav,3.0
/content/drive/MyDrive/Underwater Audio Data/processed/Biological/bluewhale (2)_chunk7.wav,Biological,/content/drive/MyDrive/Underwater Audio Data/data/Biological/bluewhale (2).wav,3.0
/content/drive/MyDrive/Underwater Audio Data/processed/Biological/bluewhale (2)_chunk8.wav,Biological,/content/drive/MyDrive/Underwater Audio Data/data/Biological/bluewhale (2).wav,3.0
/content/drive/MyDrive/Underwater Audio Data/processed/Biological/bluewhale (2)_chunk9.wav,Biological,/content/drive/MyDrive/Underwater Audio Data/data/Biological/bluewhale (2).wav,3.0
/content/drive/MyDrive/Underwater Audio Data/processed/Biological/bluewhale (2)_chunk10.wav,Biological,/content/drive/MyDrive/Underwater Audio Data/data/Biological/bluewhale (2).wav,3.0
/content/drive/MyDrive/Underwater Audio Data/processed/Biological/bluewhale (2)_chunk11.wav,Biological,/content/drive/MyDrive/Underwater Audio Data/data/Biological/bluewhale (2).wav,3.0
/content/drive/MyDrive/Underwater Audio Data/processed/Biological/bluewhale (2)_chunk12.wav,Biological,/content/drive/MyDrive/Underwater Audio Data/data/Biological/bluewhale (2).wav,3.0
/content/drive/MyDrive/Underwater Audio Data/processed/Biological/bluewhale (2)_chunk13.wav,Biological,/content/drive/MyDrive/Underwater Audio Data/data/Biological/bluewhale (2).wav,3.0
/content/drive/MyDrive/Underwater Audio Data/processed/Biological/bluewhale (2)_chunk14.wav,Biological,/content/drive/MyDrive/Underwater Audio Data/data/Biological/bluewhale (2).wav,3.0
/content/drive/MyDrive/Underwater Audio Data/processed/Biological/bluewhale (2)_chunk15.wav,Biological,/content/drive/MyDrive/Underwater Audio Data/data/Biological/bluewhale (2).wav,3.0
/content/drive/MyDrive/Underwater Audio Data/processed/Biological/bluewhale (2)_chunk16.wav,Biological,/content/drive/MyDrive/Underwater Audio Data/data/Biological/bluewhale (2).wav,3.0
/content/drive/MyDrive/Underwater Audio Data/processed/Biological/bluewhale (2)_chunk17.wav,Biological,/content/drive/MyDrive/Underwater Audio Data/data/Biological/bluewhale (2).wav,3.0
/content/drive/MyDrive/Underwater Audio Data/processed/Biological/bluewhale (2)_chunk18.wav,Biological,/content/drive/MyDrive/Underwater Audio Data/data/Biological/bluewhale (2).wav,3.0
/content/drive/MyDrive/Underwater Audio Data/processed/Biological/bluewhale (2)_chunk19.wav,Biological,/content/drive/MyDrive/Underwater Audio Data/data/Biological/bluewhale (2).wav,3.0
/content/drive/MyDrive/Underwater Audio Data/processed/Biological/bluewhale (2)_chunk20.wav,Biological,/content/drive/MyDrive/Underwater Audio Data/data/Biological/bluewhale (2).wav,3.0
/content/drive/MyDrive/Underwater Audio Data/processed/Biological/bluewhale (2)_chunk21.wav,Biological,/content/drive/MyDrive/Underwater Audio Data/data/Biological/bluewhale (2).wav,3.0
/content/drive/MyDrive/Underwater Audio Data/processed/Biological/bluewhale (2)_chunk22.wav,Biological,/content/drive/MyDrive/Underwater Audio Data/data/Biological/bluewhale (2).wav,3.0
/content/drive/MyDrive/Underwater Audio Data/processed/Biological/bluewhale (2)_chunk23.wav,Biological,/content/drive/MyDrive/Underwater Audio Data/data/Biological/bluewhale (2).wav,3.0
/content/drive/MyDrive/Underwater Audio Data/processed/Biological/bluewhale (2)_chunk24.wav,Biological,/content/drive/MyDrive/Underwater Audio Data/data/Biological/bluewhale (2).wav,3.0
/content/drive/MyDrive/Underwater Audio Data/processed/Biological/bluewhale (2)_chunk25.wav,Biological,/content/drive/MyDrive/Underwater Audio Data/data/Biological/bluewhale (2).wav,3.0
/content/drive/MyDrive/Underwater Audio Data/processed/Biological/bluewhale (2)_chunk26.wav,Biological,/content/drive/MyDrive/Underwater Audio Data/data/Biological/bluewhale (2).wav,3.0
/content/drive/MyDrive/Underwater Audio Data/processed/Biological/bluewhale (2)_chunk27.wav,Biological,/content/drive/MyDrive/Underwater Audio Data/data/Biological/bluewhale (2).wav,3.0
/content/drive/MyDrive/Underwater Audio Data/processed/Biological/bluewhale (2)_chunk28.wav,Biological,/content/drive/MyDrive/Underwater Audio Data/data/Biological/bluewhale (2).wav,3.0
/content/drive/MyDrive/Underwater Audio Data/processed/Biological/bluewhale (2)_chunk29.wav,Biological,/content/drive/MyDrive/Underwater Audio Data/data/Biological/bluewhale (2).wav,3.0
/content/drive/MyDrive/Underwater Audio Data/processed/Biological/bluewhale (2)_chunk30.wav,Biological,/content/drive/MyDrive/Underwater Audio Data/data/Biological/bluewhale (2).wav,3.0
/content/drive/MyDrive/Underwater Audio Data/processed/Biological/bluewhale (2)_chunk31.wav,Biological,/content/drive/MyDrive/Underwater Audio Data/data/Biological/bluewhale (2).wav,3.0
/content/drive/MyDrive/Underwater Audio Data/processed/Biological/bluewhale (2)_chunk32.wav,Biological,/content/drive/MyDrive/Underwater Audio Data/data/Biological/bluewhale (2).wav,3.0
/content/drive/MyDrive/Underwater Audio Data/processed/Biological/bluewhale (2)_chunk33.wav,Biological,/content/drive/MyDrive/Underwater Audio Data/data/Biological/bluewhale (2).wav,3.0
/content/drive/MyDrive/Underwater Audio Data/processed/Biological/bluewhale (2)_chunk34.wav,Biological,/content/drive/MyDrive/Underwater Audio Data/data/Biological/bluewhale (2).wav,3.0
/content/drive/MyDrive/Underwater Audio Data/processed/Biological/bluewhale (2)_chunk35.wav,Biological,/content/drive/MyDrive/Underwater Audio Data/data/Biological/bluewhale (2).wav,3.0
/content/drive/MyDrive/Underwater Audio Data/processed/Biological/bluewhale (2)_chunk36.wav,Biological,/content/drive/MyDrive/Underwater Audio Data/data/Biological/bluewhale (2).wav,3.0
/content/drive/MyDrive/Underwater Audio Data/processed/Biological/bluewhale (2)_chunk37.wav,Biological,/content/drive/MyDrive/Underwater Audio Data/data/Biological/bluewhale (2).wav,3.0
/content/drive/MyDrive/Underwater Audio Data/processed/Biological/bluewhale (2)_chunk38.wav,Biological,/content/drive/MyDrive/Underwater Audio Data/data/Biological/bluewhale (2).wav,3.0
/content/drive/MyDrive/Underwater Audio Data/processed/Biological/bluewhale (2)_chunk39.wav,Biological,/content/drive/MyDrive/Underwater Audio Data/data/Biological/bluewhale (2).wav,3.0
/content/drive/MyDrive/Underwater Audio Data/processed/Biological/bluewhale (2)_chunk40.wav,Biological,/content/drive/MyDrive/Underwater Audio Data/data/Biological/bluewhale (2).wav,3.0
/content/drive/MyDrive/Underwater Audio Data/processed/Biological/bluewhale (2)_chunk41.wav,Biological,/content/drive/MyDrive/Underwater Audio Data/data/Biological/bluewhale (2).wav,3.0
/content/drive/MyDrive/Underwater Audio Data/processed/Biological/bluewhale (2)_chunk42.wav,Biological,/content/drive/MyDrive/Underwater Audio Data/data/Biological/bluewhale (2).wav,3.0
/content/drive/MyDrive/Underwater Audio Data/processed/Biological/bluewhale (2)_chunk43.wav,Biological,/content/drive/MyDrive/Underwater Audio Data/data/Biological/bluewhale (2).wav,3.0
/content/drive/MyDrive/Underwater Audio Data/processed/Biological/bluewhale (2)_chunk44.wav,Biological,/content/drive/MyDrive/Underwater Audio Data/data/Biological/bluewhale (2).wav,3.0
/content/drive/MyDrive/Underwater Audio Data/processed/Biological/bluewhale (2)_chunk45.wav,Biological,/content/drive/MyDrive/Underwater Audio Data/data/Biological/bluewhale (2).wav,3.0
/content/drive/MyDrive/Underwater Audio Data/processed/Biological/bluewhale (2)_chunk46.wav,Biological,/content/drive/MyDrive/Underwater Audio Data/data/Biological/bluewhale (2).wav,3.0
/content/drive/MyDrive/Underwater Audio Data/processed/Biological/bluewhale (2)_chunk47.wav,Biological,/content/drive/MyDrive/Underwater Audio Data/data/Biological/bluewhale (2).wav,3.0
/content/drive/MyDrive/Underwater Audio Data/processed/Biological/bluewhale (2)_chunk48.wav,Biological,/content/drive/MyDrive/Underwater Audio Data/data/Biological/bluewhale (2).wav,3.0
/content/drive/MyDrive/Underwater Audio Data/processed/Biological/bluewhale (2)_chunk49.wav,Biological,/content/drive/MyDrive/Underwater Audio Data/data/Biological/bluewhale (2).wav,3.0
/content/drive/MyDrive/Underwater Audio Data/processed/Biological/bluewhale (2)_chunk50.wav,Biological,/content/drive/MyDrive/Underwater Audio Data/data/Biological/bluewhale (2).wav,3.0
/content/drive/MyDrive/Underwater Audio Data/processed/Biological/bluewhale (2)_chunk51.wav,Biological,/content/drive/MyDrive/Underwater Audio Data/data/Biological/bluewhale (2).wav,3.0
/content/drive/MyDrive/Underwater Audio Data/processed/Biological/bluewhale (2)_chunk52.wav,Biological,/content/drive/MyDrive/Underwater Audio Data/data/Biological/bluewhale (2).wav,3.0
/content/drive/MyDrive/Underwater Audio Data/processed/Biological/bluewhale (2)_chunk53.wav,Biological,/content/drive/MyDrive/Underwater Audio Data/data/Biological/bluewhale (2).wav,3.0
/content/drive/MyDrive/Underwater Audio Data/processed/Biological/bluewhale (2)_chunk54.wav,Biological,/content/drive/MyDrive/Underwater Audio Data/data/Biological/bluewhale (2).wav,3.0
/content/drive/MyDrive/Underwater Audio Data/processed/Biological/bluewhale (2)_chunk55.wav,Biological,/content/drive/MyDrive/Underwater Audio Data/data/Biological/bluewhale (2).wav,3.0
/content/drive/MyDrive/Underwater Audio Data/processed/Biological/bluewhale (2)_chunk56.wav,Biological,/content/drive/MyDrive/Underwater Audio Data/data/Biological/bluewhale (2).wav,3.0
/content/drive/MyDrive/Underwater Audio Data/processed/Biological/bluewhale (2)_chunk57.wav,Biological,/content/drive/MyDrive/Underwater Audio Data/data/Biological/bluewhale (2).wav,3.0
/content/drive/MyDrive/Underwater Audio Data/processed/Biological/bluewhale (2)_chunk58.wav,Biological,/content/drive/MyDrive/Underwater Audio Data/data/Biological/bluewhale (2).wav,3.0
/content/drive/MyDrive/Underwater Audio Data/processed/Biological/bluewhale (2)_chunk59.wav,Biological,/content/drive/MyDrive/Underwater Audio Data/data/Biological/bluewhale (2).wav,3.0
/content/drive/MyDrive/Underwater Audio Data/processed/Biological/bluewhale (2)_chunk60.wav,Biological,/content/drive/MyDrive/Underwater Audio Data/data/Biological/bluewhale (2).wav,3.0
/content/drive/MyDrive/Underwater Audio Data/processed/Biological/bluewhale (2)_chunk61.wav,Biological,/content/drive/MyDrive/Underwater Audio Data/data/Biological/bluewhale (2).wav,3.0
/content/drive/MyDrive/Underwater Audio Data/processed/Biological/bluewhale (2)_chunk62.wav,Biological,/content/drive/MyDrive/Underwater Audio Data/data/Biological/bluewhale (2).wav,3.0
/content/drive/MyDrive/Underwater Audio Data/processed/Biological/bluewhale (2)_chunk63.wav,Biological,/content/drive/MyDrive/Underwater Audio Data/data/Biological/bluewhale (2).wav,3.0
/content/drive/MyDrive/Underwater Audio Data/processed/Biological/bluewhale (2)_chunk64.wav,Biological,/content/drive/MyDrive/Underwater Audio Data/data/Biological/bluewhale (2).wav,3.0
/content/drive/MyDrive/Underwater Audio Data/processed/Biological/bluewhale (2)_chunk65.wav,Biological,/content/drive/MyDrive/Underwater Audio Data/data/Biological/bluewhale (2).wav,3.0
/content/drive/MyDrive/Underwater Audio Data/processed/Biological/bluewhale (2)_chunk66.wav,Biological,/content/drive/MyDrive/Underwater Audio Data/data/Biological/bluewhale (2).wav,3.0
/content/drive/MyDrive/Underwater Audio Data/processed/Biological/bluewhale (2)_chunk67.wav,Biological,/content/drive/MyDrive/Underwater Audio Data/data/Biological/bluewhale (2).wav,3.0
/content/drive/MyDrive/Underwater Audio Data/processed/Biological/bluewhale (2)_chunk68.wav,Biological,/content/drive/MyDrive/Underwater Audio Data/data/Biological/bluewhale (2).wav,3.0
/content/drive/MyDrive/Underwater Audio Data/processed/Biological/bluewhale (2)_chunk69.wav,Biological,/content/drive/MyDrive/Underwater Audio Data/data/Biological/bluewhale (2).wav,3.0
/content/drive/MyDrive/Underwater Audio Data/processed/Biological/bluewhale (2)_chunk70.wav,Biological,/content/drive/MyDrive/Underwater Audio Data/data/Biological/bluewhale (2).wav,3.0
/content/drive/MyDrive/Underwater Audio Data/processed/Biological/bluewhale (2)_chunk71.wav,Biological,/content/drive/MyDrive/Underwater Audio Data/data/Biological/bluewhale (2).wav,3.0
/content/drive/MyDrive/Underwater Audio Data/processed/Biological/bluewhale (2)_chunk72.wav,Biological,/content/drive/MyDrive/Underwater Audio Data/data/Biological/bluewhale (2).wav,3.0
/content/drive/MyDrive/Underwater Audio Data/processed/Biological/bluewhale (2)_chunk73.wav,Biological,/content/drive/MyDrive/Underwater Audio Data/data/Biological/bluewhale (2).wav,3.0
/content/drive/MyDrive/Underwater Audio Data/processed/Biological/bluewhale (2)_chunk74.wav,Biological,/content/drive/MyDrive/Underwater Audio Data/data/Biological/bluewhale (2).wav,3.0
/content/drive/MyDrive/Underwater Audio Data/processed/Biological/bluewhale (2)_chunk75.wav,Biological,/content/drive/MyDrive/Underwater Audio Data/data/Biological/bluewhale (2).wav,3.0
/content/drive/MyDrive/Underwater Audio Data/processed/Biological/bluewhale (2)_chunk76.wav,Biological,/content/drive/MyDrive/Underwater Audio Data/data/Biological/bluewhale (2).wav,3.0
/content/drive/MyDrive/Underwater Audio Data/processed/Biological/bluewhale (2)_chunk77.wav,Biological,/content/drive/MyDrive/Underwater Audio Data/data/Biological/bluewhale (2).wav,3.0
/content/drive/MyDrive/Underwater Audio Data/processed/Biological/bluewhale (2)_chunk78.wav,Biological,/content/drive/MyDrive/Underwater Audio Data/data/Biological/bluewhale (2).wav,3.0
/content/drive/MyDrive/Underwater Audio Data/processed/Biological/bluewhale (2)_chunk79.wav,Biological,/content/drive/MyDrive/Underwater Audio Data/data/Biological/bluewhale (2).wav,3.0
/content/drive/MyDrive/Underwater Audio Data/processed/Biological/bluewhale (2)_chunk80.wav,Biological,/content/drive/MyDrive/Underwater Audio Data/data/Biological/bluewhale (2).wav,3.0
/content/drive/MyDrive/Underwater Audio Data/processed/Biological/bluewhale (2)_chunk81.wav,Biological,/content/drive/MyDrive/Underwater Audio Data/data/Biological/bluewhale (2).wav,3.0
/content/drive/MyDrive/Underwater Audio Data/processed/Biological/bluewhale (2)_chunk82.wav,Biological,/content/drive/MyDrive/Underwater Audio Data/data/Biological/bluewhale (2).wav,3.0
/content/drive/MyDrive/Underwater Audio Data/processed/Biological/bluewhale (2)_chunk83.wav,Biological,/content/drive/MyDrive/Underwater Audio Data/data/Biological/bluewhale (2).wav,3.0
/content/drive/MyDrive/Underwater Audio Data/processed/Biological/bluewhale (2)_chunk84.wav,Biological,/content/drive/MyDrive/Underwater Audio Data/data/Biological/bluewhale (2).wav,3.0
/content/drive/MyDrive/Underwater Audio Data/processed/Biological/bluewhale (2)_chunk85.wav,Biological,/content/drive/MyDrive/Underwater Audio Data/data/Biological/bluewhale (2).wav,3.0
/content/drive/MyDrive/Underwater Audio Data/processed/Biological/bluewhale (2)_chunk86.wav,Biological,/content/drive/MyDrive/Underwater Audio Data/data/Biological/bluewhale (2).wav,3.0
/content/drive/MyDrive/Underwater Audio Data/processed/Biological/bluewhale (2)_chunk87.wav,Biological,/content/drive/MyDrive/Underwater Audio Data/data/Biological/bluewhale (2).wav,3.0
/content/drive/MyDrive/Underwater Audio Data/processed/Biological/bluewhale (2)_chunk88.wav,Biological,/content/drive/MyDrive/Underwater Audio Data/data/Biological/bluewhale (2).wav,3.0
/content/drive/MyDrive/Underwater Audio Data/processed/Biological/bluewhale (2)_chunk89.wav,Biological,/content/drive/MyDrive/Underwater Audio Data/data/Biological/bluewhale (2).wav,3.0
/content/drive/MyDrive/Underwater Audio Data/processed/Biological/bluewhale (2)_chunk90.wav,Biological,/content/drive/MyDrive/Underwater Audio Data/data/Biological/bluewhale (2).wav,3.0
/content/drive/MyDrive/Underwater Audio Data/processed/Biological/bluewhale (2)_chunk91.wav,Biological,/content/drive/MyDrive/Underwater Audio Data/data/Biological/bluewhale (2).wav,3.0
/content/drive/MyDrive/Underwater Audio Data/processed/Biological/bluewhale (2)_chunk92.wav,Biological,/content/drive/MyDrive/Underwater Audio Data/data/Biological/bluewhale (2).wav,3.0
/content/drive/MyDrive/Underwater Audio Data/processed/Biological/bluewhale (2)_chunk93.wav,Biological,/content/drive/MyDrive/Underwater Audio Data/data/Biological/bluewhale (2).wav,3.0
/content/drive/MyDrive/Underwater Audio Data/processed/Biological/bluewhale (2)_chunk94.wav,Biological,/content/drive/MyDrive/Underwater Audio Data/data/Biological/bluewhale (2).wav,3.0
/content/drive/MyDrive/Underwater Audio Data/processed/Biological/graywhale_chunk0.wav,Biological,/content/drive/MyDrive/Underwater Audio Data/data/Biological/graywhale.wav,3.0
/content/drive/MyDrive/Underwater Audio Data/processed/Biological/graywhale_chunk1.wav,Biological,/content/drive/MyDrive/Underwater Audio Data/data/Biological/graywhale.wav,3.0
/content/drive/MyDrive/Underwater Audio Data/processed/Biological/graywhale (1)_chunk0.wav,Biological,/content/drive/MyDrive/Underwater Audio Data/data/Biological/graywhale (1).wav,3.0
/content/drive/MyDrive/Underwater Audio Data/processed/Biological/graywhale (1)_chunk1.wav,Biological,/content/drive/MyDrive/Underwater Audio Data/data/Biological/graywhale (1).wav,3.0
/content/drive/MyDrive/Underwater Audio Data/processed/Biological/graywhale (4)_chunk0.wav,Biological,/content/drive/MyDrive/Underwater Audio Data/data/Biological/graywhale (4).wav,3.0
/content/drive/MyDrive/Underwater Audio Data/processed/Biological/graywhale (4)_chunk1.wav,Biological,/content/drive/MyDrive/Underwater Audio Data/data/Biological/graywhale (4).wav,3.0
/content/drive/MyDrive/Underwater Audio Data/processed/Biological/graywhale (4)_chunk2.wav,Biological,/content/drive/MyDrive/Underwater Audio Data/data/Biological/graywhale (4).wav,3.0
/content/drive/MyDrive/Underwater Audio Data/processed/Biological/graywhale (3)_chunk0.wav,Biological,/content/drive/MyDrive/Underwater Audio Data/data/Biological/graywhale (3).wav,3.0
/content/drive/MyDrive/Underwater Audio Data/processed/Biological/graywhale (3)_chunk1.wav,Biological,/content/drive/MyDrive/Underwater Audio Data/data/Biological/graywhale (3).wav,3.0
/content/drive/MyDrive/Underwater Audio Data/processed/Biological/graywhale (3)_chunk2.wav,Biological,/content/drive/MyDrive/Underwater Audio Data/data/Biological/graywhale (3).wav,3.0
/content/drive/MyDrive/Underwater Audio Data/processed/Biological/graywhale (3)_chunk3.wav,Biological,/content/drive/MyDrive/Underwater Audio Data/data/Biological/graywhale (3).wav,3.0
/content/drive/MyDrive/Underwater Audio Data/processed/Biological/graywhale (3)_chunk4.wav,Biological,/content/drive/MyDrive/Underwater Audio Data/data/Biological/graywhale (3).wav,3.0
/content/drive/MyDrive/Underwater Audio Data/processed/Biological/graywhale (3)_chunk5.wav,Biological,/content/drive/MyDrive/Underwater Audio Data/data/Biological/graywhale (3).wav,3.0
/content/drive/MyDrive/Underwater Audio Data/processed/Biological/graywhale (3)_chunk6.wav,Biological,/content/drive/MyDrive/Underwater Audio Data/data/Biological/graywhale (3).wav,3.0
/content/drive/MyDrive/Underwater Audio Data/processed/Biological/graywhale (3)_chunk7.wav,Biological,/content/drive/MyDrive/Underwater Audio Data/data/Biological/graywhale (3).wav,3.0
/content/drive/MyDrive/Underwater Audio Data/processed/Biological/graywhale (3)_chunk8.wav,Biological,/content/drive/MyDrive/Underwater Audio Data/data/Biological/graywhale (3).wav,3.0
/content/drive/MyDrive/Underwater Audio Data/processed/Biological/graywhale (3)_chunk9.wav,Biological,/content/drive/MyDrive/Underwater Audio Data/data/Biological/graywhale (3).wav,3.0
/content/drive/MyDrive/Underwater Audio Data/processed/Biological/graywhale (3)_chunk10.wav,Biological,/content/drive/MyDrive/Underwater Audio Data/data/Biological/graywhale (3).wav,3.0
/content/drive/MyDrive/Underwater Audio Data/processed/Biological/graywhale (2)_chunk0.wav,Biological,/content/drive/MyDrive/Underwater Audio Data/data/Biological/graywhale (2).wav,3.0
/content/drive/MyDrive/Underwater Audio Data/processed/Biological/graywhale (2)_chunk1.wav,Biological,/content/drive/MyDrive/Underwater Audio Data/data/Biological/graywhale (2).wav,3.0
/content/drive/MyDrive/Underwater Audio Data/processed/Biological/killerwhale (2)_chunk0.wav,Biological,/content/drive/MyDrive/Underwater Audio Data/data/Biological/killerwhale (2).wav,3.0
/content/drive/MyDrive/Underwater Audio Data/processed/Biological/killerwhale (3)_chunk0.wav,Biological,/content/drive/MyDrive/Underwater Audio Data/data/Biological/killerwhale (3).wav,3.0
/content/drive/MyDrive/Underwater Audio Data/processed/Biological/killerwhale (16)_chunk0.wav,Biological,/content/drive/MyDrive/Underwater Audio Data/data/Biological/killerwhale (16).wav,3.0
/content/drive/MyDrive/Underwater Audio Data/processed/Biological/killerwhale (15)_chunk0.wav,Biological,/content/drive/MyDrive/Underwater Audio Data/data/Biological/killerwhale (15).wav,3.0
/content/drive/MyDrive/Underwater Audio Data/processed/Biological/killerwhale (13)_chunk0.wav,Biological,/content/drive/MyDrive/Underwater Audio Data/data/Biological/killerwhale (13).wav,3.0
/content/drive/MyDrive/Underwater Audio Data/processed/Biological/killerwhale (12)_chunk0.wav,Biological,/content/drive/MyDrive/Underwater Audio Data/data/Biological/killerwhale (12).wav,3.0
/content/drive/MyDrive/Underwater Audio Data/processed/Biological/killerwhale (11)_chunk0.wav,Biological,/content/drive/MyDrive/Underwater Audio Data/data/Biological/killerwhale (11).wav,3.0
/content/drive/MyDrive/Underwater Audio Data/processed/Biological/killerwhale (10)_chunk0.wav,Biological,/content/drive/MyDrive/Underwater Audio Data/data/Biological/killerwhale (10).wav,3.0
/content/drive/MyDrive/Underwater Audio Data/processed/Biological/killerwhale (9)_chunk0.wav,Biological,/content/drive/MyDrive/Underwater Audio Data/data/Biological/killerwhale (9).wav,3.0
/content/drive/MyDrive/Underwater Audio Data/processed/Biological/killerwhale (8)_chunk0.wav,Biological,/content/drive/MyDrive/Underwater Audio Data/data/Biological/killerwhale (8).wav,3.0
/content/drive/MyDrive/Underwater Audio Data/processed/Biological/killerwhale (7)_chunk0.wav,Biological,/content/drive/MyDrive/Underwater Audio Data/data/Biological/killerwhale (7).wav,3.0
/content/drive/MyDrive/Underwater Audio Data/processed/Biological/killerwhale (6)_chunk0.wav,Biological,/content/drive/MyDrive/Underwater Audio Data/data/Biological/killerwhale (6).wav,3.0
/content/drive/MyDrive/Underwater Audio Data/processed/Biological/killerwhale (5)_chunk0.wav,Biological,/content/drive/MyDrive/Underwater Audio Data/data/Biological/killerwhale (5).wav,3.0
/content/drive/MyDrive/Underwater Audio Data/processed/Biological/killerwhale (4)_chunk0.wav,Biological,/content/drive/MyDrive/Underwater Audio Data/data/Biological/killerwhale (4).wav,3.0
/content/drive/MyDrive/Underwater Audio Data/processed/Biological/spermwhale (12)_chunk0.wav,Biological,/content/drive/MyDrive/Underwater Audio Data/data/Biological/spermwhale (12).wav,3.0
/content/drive/MyDrive/Underwater Audio Data/processed/Biological/spermwhale (11)_chunk0.wav,Biological,/content/drive/MyDrive/Underwater Audio Data/data/Biological/spermwhale (11).wav,3.0
/content/drive/MyDrive/Underwater Audio Data/processed/Biological/spermwhale (10)_chunk0.wav,Biological,/content/drive/MyDrive/Underwater Audio Data/data/Biological/spermwhale (10).wav,3.0
/content/drive/MyDrive/Underwater Audio Data/processed/Biological/spermwhale (9)_chunk0.wav,Biological,/content/drive/MyDrive/Underwater Audio Data/data/Biological/spermwhale (9).wav,3.0
/content/drive/MyDrive/Underwater Audio Data/processed/Biological/spermwhale (8)_chunk0.wav,Biological,/content/drive/MyDrive/Underwater Audio Data/data/Biological/spermwhale (8).wav,3.0
/content/drive/MyDrive/Underwater Audio Data/processed/Biological/spermwhale (7)_chunk0.wav,Biological,/content/drive/MyDrive/Underwater Audio Data/data/Biological/spermwhale (7).wav,3.0
/content/drive/MyDrive/Underwater Audio Data/processed/Biological/spermwhale (6)_chunk0.wav,Biological,/content/drive/MyDrive/Underwater Audio Data/data/Biological/spermwhale (6).wav,3.0
/content/drive/MyDrive/Underwater Audio Data/processed/Biological/spermwhale (4)_chunk0.wav,Biological,/content/drive/MyDrive/Underwater Audio Data/data/Biological/spermwhale (4).wav,3.0
/content/drive/MyDrive/Underwater Audio Data/processed/Biological/spermwhale (3)_chunk0.wav,Biological,/content/drive/MyDrive/Underwater Audio Data/data/Biological/spermwhale (3).wav,3.0
/content/drive/MyDrive/Underwater Audio Data/processed/Biological/spermwhale (2)_chunk0.wav,Biological,/content/drive/MyDrive/Underwater Audio Data/data/Biological/spermwhale (2).wav,3.0
/content/drive/MyDrive/Underwater Audio Data/processed/Biological/spermwhale (1)_chunk0.wav,Biological,/content/drive/MyDrive/Underwater Audio Data/data/Biological/spermwhale (1).wav,3.0
/content/drive/MyDrive/Underwater Audio Data/processed/Biological/spermwhale (18)_chunk0.wav,Biological,/content/drive/MyDrive/Underwater Audio Data/data/Biological/spermwhale (18).wav,3.0
/content/drive/MyDrive/Underwater Audio Data/processed/Biological/spermwhale (17)_chunk0.wav,Biological,/content/drive/MyDrive/Underwater Audio Data/data/Biological/spermwhale (17).wav,3.0
/content/drive/MyDrive/Underwater Audio Data/processed/Biological/spermwhale (16)_chunk0.wav,Biological,/content/drive/MyDrive/Underwater Audio Data/data/Biological/spermwhale (16).wav,3.0
/content/drive/MyDrive/Underwater Audio Data/processed/Biological/spermwhale (16)_chunk1.wav,Biological,/content/drive/MyDrive/Underwater Audio Data/data/Biological/spermwhale (16).wav,3.0
/content/drive/MyDrive/Underwater Audio Data/processed/Biological/spermwhale (14)_chunk0.wav,Biological,/content/drive/MyDrive/Underwater Audio Data/data/Biological/spermwhale (14).wav,3.0
/content/drive/MyDrive/Underwater Audio Data/processed/Biological/falsekillerwhale (1)_chunk0.wav,Biological,/content/drive/MyDrive/Underwater Audio Data/data/Biological/falsekillerwhale (1).wav,3.0
/content/drive/MyDrive/Underwater Audio Data/processed/Biological/falsekillerwhale (9)_chunk0.wav,Biological,/content/drive/MyDrive/Underwater Audio Data/data/Biological/falsekillerwhale (9).wav,3.0
/content/drive/MyDrive/Underwater Audio Data/processed/Biological/falsekillerwhale (8)_chunk0.wav,Biological,/content/drive/MyDrive/Underwater Audio Data/data/Biological/falsekillerwhale (8).wav,3.0
/content/drive/MyDrive/Underwater Audio Data/processed/Biological/falsekillerwhale (7)_chunk0.wav,Biological,/content/drive/MyDrive/Underwater Audio Data/data/Biological/falsekillerwhale (7).wav,3.0
/content/drive/MyDrive/Underwater Audio Data/processed/Biological/falsekillerwhale (6)_chunk0.wav,Biological,/content/drive/MyDrive/Underwater Audio Data/data/Biological/falsekillerwhale (6).wav,3.0
/content/drive/MyDrive/Underwater Audio Data/processed/Biological/falsekillerwhale (5)_chunk0.wav,Biological,/content/drive/MyDrive/Underwater Audio Data/data/Biological/falsekillerwhale (5).wav,3.0
/content/drive/MyDrive/Underwater Audio Data/processed/Biological/falsekillerwhale (5)_chunk1.wav,Biological,/content/drive/MyDrive/Underwater Audio Data/data/Biological/falsekillerwhale (5).wav,3.0
/content/drive/MyDrive/Underwater Audio Data/processed/Biological/falsekillerwhale (4)_chunk0.wav,Biological,/content/drive/MyDrive/Underwater Audio Data/data/Biological/falsekillerwhale (4).wav,3.0
/content/drive/MyDrive/Underwater Audio Data/processed/Biological/falsekillerwhale (3)_chunk0.wav,Biological,/content/drive/MyDrive/Underwater Audio Data/data/Biological/falsekillerwhale (3).wav,3.0
/content/drive/MyDrive/Underwater Audio Data/processed/Biological/falsekillerwhale (2)_chunk0.wav,Biological,/content/drive/MyDrive/Underwater Audio Data/data/Biological/falsekillerwhale (2).wav,3.0
/content/drive/MyDrive/Underwater Audio Data/processed/Biological/pilotwhale (1)_chunk0.wav,Biological,/content/drive/MyDrive/Underwater Audio Data/data/Biological/pilotwhale (1).wav,3.0
/content/drive/MyDrive/Underwater Audio Data/processed/Biological/pilotwhale (11)_chunk0.wav,Biological,/content/drive/MyDrive/Underwater Audio Data/data/Biological/pilotwhale (11).wav,3.0
/content/drive/MyDrive/Underwater Audio Data/processed/Biological/pilotwhale (10)_chunk0.wav,Biological,/content/drive/MyDrive/Underwater Audio Data/data/Biological/pilotwhale (10).wav,3.0
/content/drive/MyDrive/Underwater Audio Data/processed/Biological/pilotwhale (9)_chunk0.wav,Biological,/content/drive/MyDrive/Underwater Audio Data/data/Biological/pilotwhale (9).wav,3.0
/content/drive/MyDrive/Underwater Audio Data/processed/Biological/pilotwhale (8)_chunk0.wav,Biological,/content/drive/MyDrive/Underwater Audio Data/data/Biological/pilotwhale (8).wav,3.0
/content/drive/MyDrive/Underwater Audio Data/processed/Biological/pilotwhale (7)_chunk0.wav,Biological,/content/drive/MyDrive/Underwater Audio Data/data/Biological/pilotwhale (7).wav,3.0
/content/drive/MyDrive/Underwater Audio Data/processed/Biological/pilotwhale (6)_chunk0.wav,Biological,/content/drive/MyDrive/Underwater Audio Data/data/Biological/pilotwhale (6).wav,3.0
/content/drive/MyDrive/Underwater Audio Data/processed/Biological/pilotwhale (5)_chunk0.wav,Biological,/content/drive/MyDrive/Underwater Audio Data/data/Biological/pilotwhale (5).wav,3.0
/content/drive/MyDrive/Underwater Audio Data/processed/Biological/pilotwhale (4)_chunk0.wav,Biological,/content/drive/MyDrive/Underwater Audio Data/data/Biological/pilotwhale (4).wav,3.0
/content/drive/MyDrive/Underwater Audio Data/processed/Biological/pilotwhale (3)_chunk0.wav,Biological,/content/drive/MyDrive/Underwater Audio Data/data/Biological/pilotwhale (3).wav,3.0
/content/drive/MyDrive/Underwater Audio Data/processed/Biological/dolphin (13)_chunk0.wav,Biological,/content/drive/MyDrive/Underwater Audio Data/data/Biological/dolphin (13).wav,3.0
/content/drive/MyDrive/Underwater Audio Data/processed/Biological/dolphin (12)_chunk0.wav,Biological,/content/drive/MyDrive/Underwater Audio Data/data/Biological/dolphin (12).wav,3.0
/content/drive/MyDrive/Underwater Audio Data/processed/Biological/dolphin (11)_chunk0.wav,Biological,/content/drive/MyDrive/Underwater Audio Data/data/Biological/dolphin (11).wav,3.0
/content/drive/MyDrive/Underwater Audio Data/processed/Biological/dolphin (10)_chunk0.wav,Biological,/content/drive/MyDrive/Underwater Audio Data/data/Biological/dolphin (10).wav,3.0
/content/drive/MyDrive/Underwater Audio Data/processed/Biological/dolphin (9)_chunk0.wav,Biological,/content/drive/MyDrive/Underwater Audio Data/data/Biological/dolphin (9).wav,3.0
/content/drive/MyDrive/Underwater Audio Data/processed/Biological/dolphin (8)_chunk0.wav,Biological,/content/drive/MyDrive/Underwater Audio Data/data/Biological/dolphin (8).wav,3.0
/content/drive/MyDrive/Underwater Audio Data/processed/Biological/dolphin (7)_chunk0.wav,Biological,/content/drive/MyDrive/Underwater Audio Data/data/Biological/dolphin (7).wav,3.0
/content/drive/MyDrive/Underwater Audio Data/processed/Biological/dolphin (6)_chunk0.wav,Biological,/content/drive/MyDrive/Underwater Audio Data/data/Biological/dolphin (6).wav,3.0
/content/drive/MyDrive/Underwater Audio Data/processed/Biological/dolphin (5)_chunk0.wav,Biological,/content/drive/MyDrive/Underwater Audio Data/data/Biological/dolphin (5).wav,3.0
/content/drive/MyDrive/Underwater Audio Data/processed/Biological/dolphin (4)_chunk0.wav,Biological,/content/drive/MyDrive/Underwater Audio Data/data/Biological/dolphin (4).wav,3.0
/content/drive/MyDrive/Underwater Audio Data/processed/Biological/dolphin (3)_chunk0.wav,Biological,/content/drive/MyDrive/Underwater Audio Data/data/Biological/dolphin (3).wav,3.0
/content/drive/MyDrive/Underwater Audio Data/processed/Biological/dolphin (2)_chunk0.wav,Biological,/content/drive/MyDrive/Underwater Audio Data/data/Biological/dolphin (2).wav,3.0
/content/drive/MyDrive/Underwater Audio Data/processed/Biological/dolphin (1)_chunk0.wav,Biological,/content/drive/MyDrive/Underwater Audio Data/data/Biological/dolphin (1).wav,3.0
/content/drive/MyDrive/Underwater Audio Data/processed/Biological/dolphin (17)_chunk0.wav,Biological,/content/drive/MyDrive/Underwater Audio Data/data/Biological/dolphin (17).wav,3.0
/content/drive/MyDrive/Underwater Audio Data/processed/Biological/dolphin (16)_chunk0.wav,Biological,/content/drive/MyDrive/Underwater Audio Data/data/Biological/dolphin (16).wav,3.0
/content/drive/MyDrive/Underwater Audio Data/processed/Biological/dolphin (15)_chunk0.wav,Biological,/content/drive/MyDrive/Underwater Audio Data/data/Biological/dolphin (15).wav,3.0
/content/drive/MyDrive/Underwater Audio Data/processed/Biological/dolphin (15)_chunk1.wav,Biological,/content/drive/MyDrive/Underwater Audio Data/data/Biological/dolphin (15).wav,3.0
/content/drive/MyDrive/Underwater Audio Data/processed/Biological/dolphin (15)_chunk2.wav,Biological,/content/drive/MyDrive/Underwater Audio Data/data/Biological/dolphin (15).wav,3.0
/content/drive/MyDrive/Underwater Audio Data/processed/Biological/dolphin (15)_chunk3.wav,Biological,/content/drive/MyDrive/Underwater Audio Data/data/Biological/dolphin (15).wav,3.0
/content/drive/MyDrive/Underwater Audio Data/processed/Biological/dolphin (15)_chunk4.wav,Biological,/content/drive/MyDrive/Underwater Audio Data/data/Biological/dolphin (15).wav,3.0
/content/drive/MyDrive/Underwater Audio Data/processed/Biological/dolphin (15)_chunk5.wav,Biological,/content/drive/MyDrive/Underwater Audio Data/data/Biological/dolphin (15).wav,3.0
/content/drive/MyDrive/Underwater Audio Data/processed/Biological/dolphin (15)_chunk6.wav,Biological,/content/drive/MyDrive/Underwater Audio Data/data/Biological/dolphin (15).wav,3.0
/content/drive/MyDrive/Underwater Audio Data/processed/Biological/dolphin (15)_chunk7.wav,Biological,/content/drive/MyDrive/Underwater Audio Data/data/Biological/dolphin (15).wav,3.0
/content/drive/MyDrive/Underwater Audio Data/processed/Biological/dolphin (15)_chunk8.wav,Biological,/content/drive/MyDrive/Underwater Audio Data/data/Biological/dolphin (15).wav,3.0
/content/drive/MyDrive/Underwater Audio Data/processed/Biological/dolphin (15)_chunk9.wav,Biological,/content/drive/MyDrive/Underwater Audio Data/data/Biological/dolphin (15).wav,3.0
/content/drive/MyDrive/Underwater Audio Data/processed/Biological/dolphin (14)_chunk0.wav,Biological,/content/drive/MyDrive/Underwater Audio Data/data/Biological/dolphin (14).wav,3.0
/content/drive/MyDrive/Underwater Audio Data/processed/Biological/dolphin (14)_chunk1.wav,Biological,/content/drive/MyDrive/Underwater Audio Data/data/Biological/dolphin (14).wav,3.0
/content/drive/MyDrive/Underwater Audio Data/processed/Biological/dolphin (14)_chunk2.wav,Biological,/content/drive/MyDrive/Underwater Audio Data/data/Biological/dolphin (14).wav,3.0
/content/drive/MyDrive/Underwater Audio Data/processed/Biological/dolphin (14)_chunk3.wav,Biological,/content/drive/MyDrive/Underwater Audio Data/data/Biological/dolphin (14).wav,3.0
/content/drive/MyDrive/Underwater Audio Data/processed/Biological/dolphin (14)_chunk4.wav,Biological,/content/drive/MyDrive/Underwater Audio Data/data/Biological/dolphin (14).wav,3.0
/content/drive/MyDrive/Underwater Audio Data/processed/Biological/dolphin (14)_chunk5.wav,Biological,/content/drive/MyDrive/Underwater Audio Data/data/Biological/dolphin (14).wav,3.0
/content/drive/MyDrive/Underwater Audio Data/processed/Biological/dolphin (14)_chunk6.wav,Biological,/content/drive/MyDrive/Underwater Audio Data/data/Biological/dolphin (14).wav,3.0
/content/drive/MyDrive/Underwater Audio Data/processed/Biological/dolphin (14)_chunk7.wav,Biological,/content/drive/MyDrive/Underwater Audio Data/data/Biological/dolphin (14).wav,3.0
/content/drive/MyDrive/Underwater Audio Data/processed/Biological/dolphin (14)_chunk8.wav,Biological,/content/drive/MyDrive/Underwater Audio Data/data/Biological/dolphin (14).wav,3.0
/content/drive/MyDrive/Underwater Audio Data/processed/Biological/dolphin (14)_chunk9.wav,Biological,/content/drive/MyDrive/Underwater Audio Data/data/Biological/dolphin (14).wav,3.0
/content/drive/MyDrive/Underwater Audio Data/processed/Biological/humpback whale (1)_chunk0.wav,Biological,/content/drive/MyDrive/Underwater Audio Data/data/Biological/humpback whale (1).wav,3.0
/content/drive/MyDrive/Underwater Audio Data/processed/Biological/humpback whale (1)_chunk1.wav,Biological,/content/drive/MyDrive/Underwater Audio Data/data/Biological/humpback whale (1).wav,3.0
/content/drive/MyDrive/Underwater Audio Data/processed/Biological/humpback whale (1)_chunk2.wav,Biological,/content/drive/MyDrive/Underwater Audio Data/data/Biological/humpback whale (1).wav,3.0
/content/drive/MyDrive/Underwater Audio Data/processed/Biological/humpback whale (10)_chunk0.wav,Biological,/content/drive/MyDrive/Underwater Audio Data/data/Biological/humpback whale (10).wav,3.0
/content/drive/MyDrive/Underwater Audio Data/processed/Biological/humpback whale (9)_chunk0.wav,Biological,/content/drive/MyDrive/Underwater Audio Data/data/Biological/humpback whale (9).wav,3.0
/content/drive/MyDrive/Underwater Audio Data/processed/Biological/humpback whale (9)_chunk1.wav,Biological,/content/drive/MyDrive/Underwater Audio Data/data/Biological/humpback whale (9).wav,3.0
/content/drive/MyDrive/Underwater Audio Data/processed/Biological/humpback whale (8)_chunk0.wav,Biological,/content/drive/MyDrive/Underwater Audio Data/data/Biological/humpback whale (8).wav,3.0
/content/drive/MyDrive/Underwater Audio Data/processed/Biological/humpback whale (7)_chunk0.wav,Biological,/content/drive/MyDrive/Underwater Audio Data/data/Biological/humpback whale (7).wav,3.0
/content/drive/MyDrive/Underwater Audio Data/processed/Biological/humpback whale (6)_chunk0.wav,Biological,/content/drive/MyDrive/Underwater Audio Data/data/Biological/humpback whale (6).wav,3.0
/content/drive/MyDrive/Underwater Audio Data/processed/Biological/humpback whale (6)_chunk1.wav,Biological,/content/drive/MyDrive/Underwater Audio Data/data/Biological/humpback whale (6).wav,3.0
/content/drive/MyDrive/Underwater Audio Data/processed/Biological/humpback whale (6)_chunk2.wav,Biological,/content/drive/MyDrive/Underwater Audio Data/data/Biological/humpback whale (6).wav,3.0
/content/drive/MyDrive/Underwater Audio Data/processed/Biological/humpback whale (6)_chunk3.wav,Biological,/content/drive/MyDrive/Underwater Audio Data/data/Biological/humpback whale (6).wav,3.0
/content/drive/MyDrive/Underwater Audio Data/processed/Biological/humpback whale (6)_chunk4.wav,Biological,/content/drive/MyDrive/Underwater Audio Data/data/Biological/humpback whale (6).wav,3.0
/content/drive/MyDrive/Underwater Audio Data/processed/Biological/humpback whale (6)_chunk5.wav,Biological,/content/drive/MyDrive/Underwater Audio Data/data/Biological/humpback whale (6).wav,3.0
/content/drive/MyDrive/Underwater Audio Data/processed/Biological/humpback whale (6)_chunk6.wav,Biological,/content/drive/MyDrive/Underwater Audio Data/data/Biological/humpback whale (6).wav,3.0
/content/drive/MyDrive/Underwater Audio Data/processed/Biological/humpback whale (6)_chunk7.wav,Biological,/content/drive/MyDrive/Underwater Audio Data/data/Biological/humpback whale (6).wav,3.0
/content/drive/MyDrive/Underwater Audio Data/processed/Biological/humpback whale (6)_chunk8.wav,Biological,/content/drive/MyDrive/Underwater Audio Data/data/Biological/humpback whale (6).wav,3.0
/content/drive/MyDrive/Underwater Audio Data/processed/Biological/humpback whale (5)_chunk0.wav,Biological,/content/drive/MyDrive/Underwater Audio Data/data/Biological/humpback whale (5).wav,3.0
/content/drive/MyDrive/Underwater Audio Data/processed/Biological/humpback whale (4)_chunk0.wav,Biological,/content/drive/MyDrive/Underwater Audio Data/data/Biological/humpback whale (4).wav,3.0
/content/drive/MyDrive/Underwater Audio Data/processed/Biological/humpback whale (3)_chunk0.wav,Biological,/content/drive/MyDrive/Underwater Audio Data/data/Biological/humpback whale (3).wav,3.0
/content/drive/MyDrive/Underwater Audio Data/processed/Biological/humpback whale (3)_chunk1.wav,Biological,/content/drive/MyDrive/Underwater Audio Data/data/Biological/humpback whale (3).wav,3.0
/content/drive/MyDrive/Underwater Audio Data/processed/Biological/humpback whale (3)_chunk2.wav,Biological,/content/drive/MyDrive/Underwater Audio Data/data/Biological/humpback whale (3).wav,3.0
/content/drive/MyDrive/Underwater Audio Data/processed/Biological/humpback whale (3)_chunk3.wav,Biological,/content/drive/MyDrive/Underwater Audio Data/data/Biological/humpback whale (3).wav,3.0
/content/drive/MyDrive/Underwater Audio Data/processed/Biological/humpback whale (3)_chunk4.wav,Biological,/content/drive/MyDrive/Underwater Audio Data/data/Biological/humpback whale (3).wav,3.0
/content/drive/MyDrive/Underwater Audio Data/processed/Biological/humpback whale (3)_chunk5.wav,Biological,/content/drive/MyDrive/Underwater Audio Data/data/Biological/humpback whale (3).wav,3.0
/content/drive/MyDrive/Underwater Audio Data/processed/Biological/humpback whale (3)_chunk6.wav,Biological,/content/drive/MyDrive/Underwater Audio Data/data/Biological/humpback whale (3).wav,3.0
/content/drive/MyDrive/Underwater Audio Data/processed/Biological/humpback whale (3)_chunk7.wav,Biological,/content/drive/MyDrive/Underwater Audio Data/data/Biological/humpback whale (3).wav,3.0
/content/drive/MyDrive/Underwater Audio Data/processed/Biological/humpback whale (3)_chunk8.wav,Biological,/content/drive/MyDrive/Underwater Audio Data/data/Biological/humpback whale (3).wav,3.0
/content/drive/MyDrive/Underwater Audio Data/processed/Biological/humpback whale (2)_chunk0.wav,Biological,/content/drive/MyDrive/Underwater Audio Data/data/Biological/humpback whale (2).wav,3.0
/content/drive/MyDrive/Underwater Audio Data/processed/Biological/bottleneck dolphin (1)_chunk0.wav,Biological,/content/drive/MyDrive/Underwater Audio Data/data/Biological/bottleneck dolphin (1).wav,3.0
/content/drive/MyDrive/Underwater Audio Data/processed/Biological/bottleneck dolphin (12)_chunk0.wav,Biological,/content/drive/MyDrive/Underwater Audio Data/data/Biological/bottleneck dolphin (12).wav,3.0
/content/drive/MyDrive/Underwater Audio Data/processed/Biological/bottleneck dolphin (11)_chunk0.wav,Biological,/content/drive/MyDrive/Underwater Audio Data/data/Biological/bottleneck dolphin (11).wav,3.0
/content/drive/MyDrive/Underwater Audio Data/processed/Biological/bottleneck dolphin (10)_chunk0.wav,Biological,/content/drive/MyDrive/Underwater Audio Data/data/Biological/bottleneck dolphin (10).wav,3.0
/content/drive/MyDrive/Underwater Audio Data/processed/Biological/bottleneck dolphin (9)_chunk0.wav,Biological,/content/drive/MyDrive/Underwater Audio Data/data/Biological/bottleneck dolphin (9).wav,3.0
/content/drive/MyDrive/Underwater Audio Data/processed/Biological/bottleneck dolphin (8)_chunk0.wav,Biological,/content/drive/MyDrive/Underwater Audio Data/data/Biological/bottleneck dolphin (8).wav,3.0
/content/drive/MyDrive/Underwater Audio Data/processed/Biological/bottleneck dolphin (7)_chunk0.wav,Biological,/content/drive/MyDrive/Underwater Audio Data/data/Biological/bottleneck dolphin (7).wav,3.0
/content/drive/MyDrive/Underwater Audio Data/processed/Biological/bottleneck dolphin (6)_chunk0.wav,Biological,/content/drive/MyDrive/Underwater Audio Data/data/Biological/bottleneck dolphin (6).wav,3.0
/content/drive/MyDrive/Underwater Audio Data/processed/Biological/bottleneck dolphin (5)_chunk0.wav,Biological,/content/drive/MyDrive/Underwater Audio Data/data/Biological/bottleneck dolphin (5).wav,3.0
/content/drive/MyDrive/Underwater Audio Data/processed/Biological/bottleneck dolphin (4)_chunk0.wav,Biological,/content/drive/MyDrive/Underwater Audio Data/data/Biological/bottleneck dolphin (4).wav,3.0
/content/drive/MyDrive/Underwater Audio Data/processed/Biological/bottleneck dolphin (3)_chunk0.wav,Biological,/content/drive/MyDrive/Underwater Audio Data/data/Biological/bottleneck dolphin (3).wav,3.0
/content/drive/MyDrive/Underwater Audio Data/processed/Biological/bottleneck dolphin (2)_chunk0.wav,Biological,/content/drive/MyDrive/Underwater Audio Data/data/Biological/bottleneck dolphin (2).wav,3.0
/content/drive/MyDrive/Underwater Audio Data/processed/Ambience/ambience (1)_chunk0.wav,Ambience,/content/drive/MyDrive/Underwater Audio Data/data/Ambience/ambience (1).wav,3.0
/content/drive/MyDrive/Underwater Audio Data/processed/Ambience/ambience (1)_chunk1.wav,Ambience,/content/drive/MyDrive/Underwater Audio Data/data/Ambience/ambience (1).wav,3.0
/content/drive/MyDrive/Underwater Audio Data/processed/Ambience/ambience (1)_chunk2.wav,Ambience,/content/drive/MyDrive/Underwater Audio Data/data/Ambience/ambience (1).wav,3.0
/content/drive/MyDrive/Underwater Audio Data/processed/Ambience/ambience (1)_chunk3.wav,Ambience,/content/drive/MyDrive/Underwater Audio Data/data/Ambience/ambience (1).wav,3.0
/content/drive/MyDrive/Underwater Audio Data/processed/Ambience/ambience (1)_chunk4.wav,Ambience,/content/drive/MyDrive/Underwater Audio Data/data/Ambience/ambience (1).wav,3.0
/content/drive/MyDrive/Underwater Audio Data/processed/Ambience/ambience (2)_chunk0.wav,Ambience,/content/drive/MyDrive/Underwater Audio Data/data/Ambience/ambience (2).wav,3.0
/content/drive/MyDrive/Underwater Audio Data/processed/Ambience/ambience (2)_chunk1.wav,Ambience,/content/drive/MyDrive/Underwater Audio Data/data/Ambience/ambience (2).wav,3.0
/content/drive/MyDrive/Underwater Audio Data/processed/Ambience/ambience (2)_chunk2.wav,Ambience,/content/drive/MyDrive/Underwater Audio Data/data/Ambience/ambience (2).wav,3.0
/content/drive/MyDrive/Underwater Audio Data/processed/Ambience/ambience (2)_chunk3.wav,Ambience,/content/drive/MyDrive/Underwater Audio Data/data/Ambience/ambience (2).wav,3.0
/content/drive/MyDrive/Underwater Audio Data/processed/Ambience/ambience (2)_chunk4.wav,Ambience,/content/drive/MyDrive/Underwater Audio Data/data/Ambience/ambience (2).wav,3.0
/content/drive/MyDrive/Underwater Audio Data/processed/Ambience/ambience (2)_chunk5.wav,Ambience,/content/drive/MyDrive/Underwater Audio Data/data/Ambience/ambience (2).wav,3.0
/content/drive/MyDrive/Underwater Audio Data/processed/Ambience/ambience (2)_chunk6.wav,Ambience,/content/drive/MyDrive/Underwater Audio Data/data/Ambience/ambience (2).wav,3.0
/content/drive/MyDrive/Underwater Audio Data/processed/Ambience/ambience (2)_chunk7.wav,Ambience,/content/drive/MyDrive/Underwater Audio Data/data/Ambience/ambience (2).wav,3.0
/content/drive/MyDrive/Underwater Audio Data/processed/Ambience/ambience (2)_chunk8.wav,Ambience,/content/drive/MyDrive/Underwater Audio Data/data/Ambience/ambience (2).wav,3.0
/content/drive/MyDrive/Underwater Audio Data/processed/Ambience/ambience (2)_chunk9.wav,Ambience,/content/drive/MyDrive/Underwater Audio Data/data/Ambience/ambience (2).wav,3.0
/content/drive/MyDrive/Underwater Audio Data/processed/Ambience/ambience (2)_chunk10.wav,Ambience,/content/drive/MyDrive/Underwater Audio Data/data/Ambience/ambience (2).wav,3.0
/content/drive/MyDrive/Underwater Audio Data/processed/Ambience/ambience (2)_chunk11.wav,Ambience,/content/drive/MyDrive/Underwater Audio Data/data/Ambience/ambience (2).wav,3.0
/content/drive/MyDrive/Underwater Audio Data/processed/Ambience/ambience (2)_chunk12.wav,Ambience,/content/drive/MyDrive/Underwater Audio Data/data/Ambience/ambience (2).wav,3.0
/content/drive/MyDrive/Underwater Audio Data/processed/Ambience/ambience (2)_chunk13.wav,Ambience,/content/drive/MyDrive/Underwater Audio Data/data/Ambience/ambience (2).wav,3.0
/content/drive/MyDrive/Underwater Audio Data/processed/Ambience/ambience (2)_chunk14.wav,Ambience,/content/drive/MyDrive/Underwater Audio Data/data/Ambience/ambience (2).wav,3.0
/content/drive/MyDrive/Underwater Audio Data/processed/Ambience/ambience (2)_chunk15.wav,Ambience,/content/drive/MyDrive/Underwater Audio Data/data/Ambience/ambience (2).wav,3.0
/content/drive/MyDrive/Underwater Audio Data/processed/Ambience/ambience (2)_chunk16.wav,Ambience,/content/drive/MyDrive/Underwater Audio Data/data/Ambience/ambience (2).wav,3.0
/content/drive/MyDrive/Underwater Audio Data/processed/Ambience/ambience (2)_chunk17.wav,Ambience,/content/drive/MyDrive/Underwater Audio Data/data/Ambience/ambience (2).wav,3.0
/content/drive/MyDrive/Underwater Audio Data/processed/Ambience/ambience (2)_chunk18.wav,Ambience,/content/drive/MyDrive/Underwater Audio Data/data/Ambience/ambience (2).wav,3.0
/content/drive/MyDrive/Underwater Audio Data/processed/Ambience/ambience (2)_chunk19.wav,Ambience,/content/drive/MyDrive/Underwater Audio Data/data/Ambience/ambience (2).wav,3.0
/content/drive/MyDrive/Underwater Audio Data/processed/Ambience/ambience (2)_chunk20.wav,Ambience,/content/drive/MyDrive/Underwater Audio Data/data/Ambience/ambience (2).wav,3.0
/content/drive/MyDrive/Underwater Audio Data/processed/Ambience/ambience (2)_chunk21.wav,Ambience,/content/drive/MyDrive/Underwater Audio Data/data/Ambience/ambience (2).wav,3.0
/content/drive/MyDrive/Underwater Audio Data/processed/Ambience/ambience (2)_chunk22.wav,Ambience,/content/drive/MyDrive/Underwater Audio Data/data/Ambience/ambience (2).wav,3.0
/content/drive/MyDrive/Underwater Audio Data/processed/Ambience/ambience (2)_chunk23.wav,Ambience,/content/drive/MyDrive/Underwater Audio Data/data/Ambience/ambience (2).wav,3.0
/content/drive/MyDrive/Underwater Audio Data/processed/Ambience/ambience (2)_chunk24.wav,Ambience,/content/drive/MyDrive/Underwater Audio Data/data/Ambience/ambience (2).wav,3.0
/content/drive/MyDrive/Underwater Audio Data/processed/Ambience/ambience (2)_chunk25.wav,Ambience,/content/drive/MyDrive/Underwater Audio Data/data/Ambience/ambience (2).wav,3.0
/content/drive/MyDrive/Underwater Audio Data/processed/Ambience/ambience (2)_chunk26.wav,Ambience,/content/drive/MyDrive/Underwater Audio Data/data/Ambience/ambience (2).wav,3.0
/content/drive/MyDrive/Underwater Audio Data/processed/Ambience/ambience (2)_chunk27.wav,Ambience,/content/drive/MyDrive/Underwater Audio Data/data/Ambience/ambience (2).wav,3.0
/content/drive/MyDrive/Underwater Audio Data/processed/Ambience/ambience (2)_chunk28.wav,Ambience,/content/drive/MyDrive/Underwater Audio Data/data/Ambience/ambience (2).wav,3.0
/content/drive/MyDrive/Underwater Audio Data/processed/Ambience/ambience (2)_chunk29.wav,Ambience,/content/drive/MyDrive/Underwater Audio Data/data/Ambience/ambience (2).wav,3.0
/content/drive/MyDrive/Underwater Audio Data/processed/Ambience/ambience (2)_chunk30.wav,Ambience,/content/drive/MyDrive/Underwater Audio Data/data/Ambience/ambience (2).wav,3.0
/content/drive/MyDrive/Underwater Audio Data/processed/Ambience/ambience (4)_chunk0.wav,Ambience,/content/drive/MyDrive/Underwater Audio Data/data/Ambience/ambience (4).wav,3.0
/content/drive/MyDrive/Underwater Audio Data/processed/Ambience/ambience (3)_chunk0.wav,Ambience,/content/drive/MyDrive/Underwater Audio Data/data/Ambience/ambience (3).wav,3.0
/content/drive/MyDrive/Underwater Audio Data/processed/Ambience/ambience (7)_chunk0.wav,Ambience,/content/drive/MyDrive/Underwater Audio Data/data/Ambience/ambience (7).wav,3.0
/content/drive/MyDrive/Underwater Audio Data/processed/Ambience/ambience (6)_chunk0.wav,Ambience,/content/drive/MyDrive/Underwater Audio Data/data/Ambience/ambience (6).wav,3.0
/content/drive/MyDrive/Underwater Audio Data/processed/Ambience/ambience (6)_chunk1.wav,Ambience,/content/drive/MyDrive/Underwater Audio Data/data/Ambience/ambience (6).wav,3.0
/content/drive/MyDrive/Underwater Audio Data/processed/Ambience/ambience (5)_chunk0.wav,Ambience,/content/drive/MyDrive/Underwater Audio Data/data/Ambience/ambience (5).wav,3.0
/content/drive/MyDrive/Underwater Audio Data/processed/Ambience/heavy rain_chunk0.wav,Ambience,/content/drive/MyDrive/Underwater Audio Data/data/Ambience/heavy rain.wav,3.0
/content/drive/MyDrive/Underwater Audio Data/processed/Ambience/heavy rain_chunk1.wav,Ambience,/content/drive/MyDrive/Underwater Audio Data/data/Ambience/heavy rain.wav,3.0
/content/drive/MyDrive/Underwater Audio Data/processed/Ambience/heavy rain_chunk2.wav,Ambience,/content/drive/MyDrive/Underwater Audio Data/data/Ambience/heavy rain.wav,3.0
/content/drive/MyDrive/Underwater Audio Data/processed/Ambience/heavy rain_chunk3.wav,Ambience,/content/drive/MyDrive/Underwater Audio Data/data/Ambience/heavy rain.wav,3.0
/content/drive/MyDrive/Underwater Audio Data/processed/Ambience/heavy rain_chunk4.wav,Ambience,/content/drive/MyDrive/Underwater Audio Data/data/Ambience/heavy rain.wav,3.0
/content/drive/MyDrive/Underwater Audio Data/processed/Ambience/heavy rain_chunk5.wav,Ambience,/content/drive/MyDrive/Underwater Audio Data/data/Ambience/heavy rain.wav,3.0
/content/drive/MyDrive/Underwater Audio Data/processed/Ambience/heavy rain_chunk6.wav,Ambience,/content/drive/MyDrive/Underwater Audio Data/data/Ambience/heavy rain.wav,3.0
/content/drive/MyDrive/Underwater Audio Data/processed/Ambience/heavy rain_chunk7.wav,Ambience,/content/drive/MyDrive/Underwater Audio Data/data/Ambience/heavy rain.wav,3.0
/content/drive/MyDrive/Underwater Audio Data/processed/Ambience/heavy rain_chunk8.wav,Ambience,/content/drive/MyDrive/Underwater Audio Data/data/Ambience/heavy rain.wav,3.0
/content/drive/MyDrive/Underwater Audio Data/processed/Ambience/heavy rain_chunk9.wav,Ambience,/content/drive/MyDrive/Underwater Audio Data/data/Ambience/heavy rain.wav,3.0
/content/drive/MyDrive/Underwater Audio Data/processed/Ambience/heavy rain_chunk10.wav,Ambience,/content/drive/MyDrive/Underwater Audio Data/data/Ambience/heavy rain.wav,3.0
/content/drive/MyDrive/Underwater Audio Data/processed/Ambience/heavy rain_chunk11.wav,Ambience,/content/drive/MyDrive/Underwater Audio Data/data/Ambience/heavy rain.wav,3.0
/content/drive/MyDrive/Underwater Audio Data/processed/Ambience/heavy rain_chunk12.wav,Ambience,/content/drive/MyDrive/Underwater Audio Data/data/Ambience/heavy rain.wav,3.0
/content/drive/MyDrive/Underwater Audio Data/processed/Ambience/heavy rain_chunk13.wav,Ambience,/content/drive/MyDrive/Underwater Audio Data/data/Ambience/heavy rain.wav,3.0
/content/drive/MyDrive/Underwater Audio Data/processed/Ambience/heavy rain_chunk14.wav,Ambience,/content/drive/MyDrive/Underwater Audio Data/data/Ambience/heavy rain.wav,3.0
/content/drive/MyDrive/Underwater Audio Data/processed/Ambience/heavy rain_chunk15.wav,Ambience,/content/drive/MyDrive/Underwater Audio Data/data/Ambience/heavy rain.wav,3.0
/content/drive/MyDrive/Underwater Audio Data/processed/Ambience/heavy rain_chunk16.wav,Ambience,/content/drive/MyDrive/Underwater Audio Data/data/Ambience/heavy rain.wav,3.0
/content/drive/MyDrive/Underwater Audio Data/processed/Ambience/heavy rain_chunk17.wav,Ambience,/content/drive/MyDrive/Underwater Audio Data/data/Ambience/heavy rain.wav,3.0
/content/drive/MyDrive/Underwater Audio Data/processed/Ambience/heavy rain_chunk18.wav,Ambience,/content/drive/MyDrive/Underwater Audio Data/data/Ambience/heavy rain.wav,3.0
/content/drive/MyDrive/Underwater Audio Data/processed/Ambience/heavy rain_chunk19.wav,Ambience,/content/drive/MyDrive/Underwater Audio Data/data/Ambience/heavy rain.wav,3.0
/content/drive/MyDrive/Underwater Audio Data/processed/Ambience/icecalving_chunk0.wav,Ambience,/content/drive/MyDrive/Underwater Audio Data/data/Ambience/icecalving.wav,3.0
/content/drive/MyDrive/Underwater Audio Data/processed/Ambience/icecalving_chunk1.wav,Ambience,/content/drive/MyDrive/Underwater Audio Data/data/Ambience/icecalving.wav,3.0
/content/drive/MyDrive/Underwater Audio Data/processed/Ambience/icecalving_chunk2.wav,Ambience,/content/drive/MyDrive/Underwater Audio Data/data/Ambience/icecalving.wav,3.0
/content/drive/MyDrive/Underwater Audio Data/processed/Ambience/icecalving_chunk3.wav,Ambience,/content/drive/MyDrive/Underwater Audio Data/data/Ambience/icecalving.wav,3.0
/content/drive/MyDrive/Underwater Audio Data/processed/Ambience/icecalving_chunk4.wav,Ambience,/content/drive/MyDrive/Underwater Audio Data/data/Ambience/icecalving.wav,3.0
/content/drive/MyDrive/Underwater Audio Data/processed/Ambience/icecalving_chunk5.wav,Ambience,/content/drive/MyDrive/Underwater Audio Data/data/Ambience/icecalving.wav,3.0
/content/drive/MyDrive/Underwater Audio Data/processed/Ambience/icecalving_chunk6.wav,Ambience,/content/drive/MyDrive/Underwater Audio Data/data/Ambience/icecalving.wav,3.0
/content/drive/MyDrive/Underwater Audio Data/processed/Ambience/icecalving_chunk7.wav,Ambience,/content/drive/MyDrive/Underwater Audio Data/data/Ambience/icecalving.wav,3.0
/content/drive/MyDrive/Underwater Audio Data/processed/Ambience/icecalving_chunk8.wav,Ambience,/content/drive/MyDrive/Underwater Audio Data/data/Ambience/icecalving.wav,3.0
/content/drive/MyDrive/Underwater Audio Data/processed/Ambience/icecalving_chunk9.wav,Ambience,/content/drive/MyDrive/Underwater Audio Data/data/Ambience/icecalving.wav,3.0
/content/drive/MyDrive/Underwater Audio Data/processed/Ambience/icecalving_chunk10.wav,Ambience,/content/drive/MyDrive/Underwater Audio Data/data/Ambience/icecalving.wav,3.0
/content/drive/MyDrive/Underwater Audio Data/processed/Ambience/icecalving_chunk11.wav,Ambience,/content/drive/MyDrive/Underwater Audio Data/data/Ambience/icecalving.wav,3.0
/content/drive/MyDrive/Underwater Audio Data/processed/Ambience/icecalving_chunk12.wav,Ambience,/content/drive/MyDrive/Underwater Audio Data/data/Ambience/icecalving.wav,3.0
/content/drive/MyDrive/Underwater Audio Data/processed/Ambience/icecalving_chunk13.wav,Ambience,/content/drive/MyDrive/Underwater Audio Data/data/Ambience/icecalving.wav,3.0
/content/drive/MyDrive/Underwater Audio Data/processed/Ambience/icecalving_chunk14.wav,Ambience,/content/drive/MyDrive/Underwater Audio Data/data/Ambience/icecalving.wav,3.0
/content/drive/MyDrive/Underwater Audio Data/processed/Ambience/icecalving_chunk15.wav,Ambience,/content/drive/MyDrive/Underwater Audio Data/data/Ambience/icecalving.wav,3.0
/content/drive/MyDrive/Underwater Audio Data/processed/Ambience/icecalving_chunk16.wav,Ambience,/content/drive/MyDrive/Underwater Audio Data/data/Ambience/icecalving.wav,3.0
/content/drive/MyDrive/Underwater Audio Data/processed/Ambience/light rain_chunk0.wav,Ambience,/content/drive/MyDrive/Underwater Audio Data/data/Ambience/light rain.wav,3.0
/content/drive/MyDrive/Underwater Audio Data/processed/Ambience/light rain_chunk1.wav,Ambience,/content/drive/MyDrive/Underwater Audio Data/data/Ambience/light rain.wav,3.0
/content/drive/MyDrive/Underwater Audio Data/processed/Ambience/light rain_chunk2.wav,Ambience,/content/drive/MyDrive/Underwater Audio Data/data/Ambience/light rain.wav,3.0
/content/drive/MyDrive/Underwater Audio Data/processed/Ambience/light rain_chunk3.wav,Ambience,/content/drive/MyDrive/Underwater Audio Data/data/Ambience/light rain.wav,3.0
/content/drive/MyDrive/Underwater Audio Data/processed/Ambience/light rain_chunk4.wav,Ambience,/content/drive/MyDrive/Underwater Audio Data/data/Ambience/light rain.wav,3.0
/content/drive/MyDrive/Underwater Audio Data/processed/Ambience/light rain_chunk5.wav,Ambience,/content/drive/MyDrive/Underwater Audio Data/data/Ambience/light rain.wav,3.0
/content/drive/MyDrive/Underwater Audio Data/processed/Ambience/light rain_chunk6.wav,Ambience,/content/drive/MyDrive/Underwater Audio Data/data/Ambience/light rain.wav,3.0
/content/drive/MyDrive/Underwater Audio Data/processed/Ambience/light rain_chunk7.wav,Ambience,/content/drive/MyDrive/Underwater Audio Data/data/Ambience/light rain.wav,3.0
/content/drive/MyDrive/Underwater Audio Data/processed/Ambience/light rain_chunk8.wav,Ambience,/content/drive/MyDrive/Underwater Audio Data/data/Ambience/light rain.wav,3.0
/content/drive/MyDrive/Underwater Audio Data/processed/Ambience/light rain_chunk9.wav,Ambience,/content/drive/MyDrive/Underwater Audio Data/data/Ambience/light rain.wav,3.0
/content/drive/MyDrive/Underwater Audio Data/processed/Ambience/light rain_chunk10.wav,Ambience,/content/drive/MyDrive/Underwater Audio Data/data/Ambience/light rain.wav,3.0
/content/drive/MyDrive/Underwater Audio Data/processed/Ambience/light rain_chunk11.wav,Ambience,/content/drive/MyDrive/Underwater Audio Data/data/Ambience/light rain.wav,3.0
/content/drive/MyDrive/Underwater Audio Data/processed/Ambience/light rain_chunk12.wav,Ambience,/content/drive/MyDrive/Underwater Audio Data/data/Ambience/light rain.wav,3.0
/content/drive/MyDrive/Underwater Audio Data/processed/Ambience/light rain_chunk13.wav,Ambience,/content/drive/MyDrive/Underwater Audio Data/data/Ambience/light rain.wav,3.0
/content/drive/MyDrive/Underwater Audio Data/processed/Ambience/light rain_chunk14.wav,Ambience,/content/drive/MyDrive/Underwater Audio Data/data/Ambience/light rain.wav,3.0
/content/drive/MyDrive/Underwater Audio Data/processed/Ambience/light rain_chunk15.wav,Ambience,/content/drive/MyDrive/Underwater Audio Data/data/Ambience/light rain.wav,3.0
/content/drive/MyDrive/Underwater Audio Data/processed/Ambience/light rain_chunk16.wav,Ambience,/content/drive/MyDrive/Underwater Audio Data/data/Ambience/light rain.wav,3.0
/content/drive/MyDrive/Underwater Audio Data/processed/Ambience/light rain_chunk17.wav,Ambience,/content/drive/MyDrive/Underwater Audio Data/data/Ambience/light rain.wav,3.0
/content/drive/MyDrive/Underwater Audio Data/processed/Ambience/light rain_chunk18.wav,Ambience,/content/drive/MyDrive/Underwater Audio Data/data/Ambience/light rain.wav,3.0
/content/drive/MyDrive/Underwater Audio Data/processed/Ambience/light rain_chunk19.wav,Ambience,/content/drive/MyDrive/Underwater Audio Data/data/Ambience/light rain.wav,3.0
/content/drive/MyDrive/Underwater Audio Data/processed/Ambience/light wind at sea surface_chunk0.wav,Ambience,/content/drive/MyDrive/Underwater Audio Data/data/Ambience/light wind at sea surface.wav,3.0
/content/drive/MyDrive/Underwater Audio Data/processed/Ambience/light wind at sea surface_chunk1.wav,Ambience,/content/drive/MyDrive/Underwater Audio Data/data/Ambience/light wind at sea surface.wav,3.0
/content/drive/MyDrive/Underwater Audio Data/processed/Ambience/light wind at sea surface_chunk2.wav,Ambience,/content/drive/MyDrive/Underwater Audio Data/data/Ambience/light wind at sea surface.wav,3.0
/content/drive/MyDrive/Underwater Audio Data/processed/Ambience/light wind at sea surface_chunk3.wav,Ambience,/content/drive/MyDrive/Underwater Audio Data/data/Ambience/light wind at sea surface.wav,3.0
/content/drive/MyDrive/Underwater Audio Data/processed/Ambience/light wind at sea surface_chunk4.wav,Ambience,/content/drive/MyDrive/Underwater Audio Data/data/Ambience/light wind at sea surface.wav,3.0
/content/drive/MyDrive/Underwater Audio Data/processed/Ambience/light wind at sea surface_chunk5.wav,Ambience,/content/drive/MyDrive/Underwater Audio Data/data/Ambience/light wind at sea surface.wav,3.0
/content/drive/MyDrive/Underwater Audio Data/processed/Ambience/light wind at sea surface_chunk6.wav,Ambience,/content/drive/MyDrive/Underwater Audio Data/data/Ambience/light wind at sea surface.wav,3.0
/content/drive/MyDrive/Underwater Audio Data/processed/Ambience/light wind at sea surface_chunk7.wav,Ambience,/content/drive/MyDrive/Underwater Audio Data/data/Ambience/light wind at sea surface.wav,3.0
/content/drive/MyDrive/Underwater Audio Data/processed/Ambience/light wind at sea surface_chunk8.wav,Ambience,/content/drive/MyDrive/Underwater Audio Data/data/Ambience/light wind at sea surface.wav,3.0
/content/drive/MyDrive/Underwater Audio Data/processed/Ambience/light wind at sea surface_chunk9.wav,Ambience,/content/drive/MyDrive/Underwater Audio Data/data/Ambience/light wind at sea surface.wav,3.0
/content/drive/MyDrive/Underwater Audio Data/processed/Ambience/light wind at sea surface_chunk10.wav,Ambience,/content/drive/MyDrive/Underwater Audio Data/data/Ambience/light wind at sea surface.wav,3.0
/content/drive/MyDrive/Underwater Audio Data/processed/Ambience/light wind at sea surface_chunk11.wav,Ambience,/content/drive/MyDrive/Underwater Audio Data/data/Ambience/light wind at sea surface.wav,3.0
/content/drive/MyDrive/Underwater Audio Data/processed/Ambience/light wind at sea surface_chunk12.wav,Ambience,/content/drive/MyDrive/Underwater Audio Data/data/Ambience/light wind at sea surface.wav,3.0
/content/drive/MyDrive/Underwater Audio Data/processed/Ambience/light wind at sea surface_chunk13.wav,Ambience,/content/drive/MyDrive/Underwater Audio Data/data/Ambience/light wind at sea surface.wav,3.0
/content/drive/MyDrive/Underwater Audio Data/processed/Ambience/light wind at sea surface_chunk14.wav,Ambience,/content/drive/MyDrive/Underwater Audio Data/data/Ambience/light wind at sea surface.wav,3.0
/content/drive/MyDrive/Underwater Audio Data/processed/Ambience/light wind at sea surface_chunk15.wav,Ambience,/content/drive/MyDrive/Underwater Audio Data/data/Ambience/light wind at sea surface.wav,3.0
/content/drive/MyDrive/Underwater Audio Data/processed/Ambience/light wind at sea surface_chunk16.wav,Ambience,/content/drive/MyDrive/Underwater Audio Data/data/Ambience/light wind at sea surface.wav,3.0
/content/drive/MyDrive/Underwater Audio Data/processed/Ambience/light wind at sea surface_chunk17.wav,Ambience,/content/drive/MyDrive/Underwater Audio Data/data/Ambience/light wind at sea surface.wav,3.0
/content/drive/MyDrive/Underwater Audio Data/processed/Ambience/light wind at sea surface_chunk18.wav,Ambience,/content/drive/MyDrive/Underwater Audio Data/data/Ambience/light wind at sea surface.wav,3.0
/content/drive/MyDrive/Underwater Audio Data/processed/Ambience/light wind at sea surface_chunk19.wav,Ambience,/content/drive/MyDrive/Underwater Audio Data/data/Ambience/light wind at sea surface.wav,3.0
/content/drive/MyDrive/Underwater Audio Data/processed/Ambience/moderate wind on sea surface_chunk0.wav,Ambience,/content/drive/MyDrive/Underwater Audio Data/data/Ambience/moderate wind on sea surface.wav,3.0
/content/drive/MyDrive/Underwater Audio Data/processed/Ambience/moderate wind on sea surface_chunk1.wav,Ambience,/content/drive/MyDrive/Underwater Audio Data/data/Ambience/moderate wind on sea surface.wav,3.0
/content/drive/MyDrive/Underwater Audio Data/processed/Ambience/moderate wind on sea surface_chunk2.wav,Ambience,/content/drive/MyDrive/Underwater Audio Data/data/Ambience/moderate wind on sea surface.wav,3.0
/content/drive/MyDrive/Underwater Audio Data/processed/Ambience/moderate wind on sea surface_chunk3.wav,Ambience,/content/drive/MyDrive/Underwater Audio Data/data/Ambience/moderate wind on sea surface.wav,3.0
/content/drive/MyDrive/Underwater Audio Data/processed/Ambience/moderate wind on sea surface_chunk4.wav,Ambience,/content/drive/MyDrive/Underwater Audio Data/data/Ambience/moderate wind on sea surface.wav,3.0
/content/drive/MyDrive/Underwater Audio Data/processed/Ambience/moderate wind on sea surface_chunk5.wav,Ambience,/content/drive/MyDrive/Underwater Audio Data/data/Ambience/moderate wind on sea surface.wav,3.0
/content/drive/MyDrive/Underwater Audio Data/processed/Ambience/moderate wind on sea surface_chunk6.wav,Ambience,/content/drive/MyDrive/Underwater Audio Data/data/Ambience/moderate wind on sea surface.wav,3.0
/content/drive/MyDrive/Underwater Audio Data/processed/Ambience/moderate wind on sea surface_chunk7.wav,Ambience,/content/drive/MyDrive/Underwater Audio Data/data/Ambience/moderate wind on sea surface.wav,3.0
/content/drive/MyDrive/Underwater Audio Data/processed/Ambience/moderate wind on sea surface_chunk8.wav,Ambience,/content/drive/MyDrive/Underwater Audio Data/data/Ambience/moderate wind on sea surface.wav,3.0
/content/drive/MyDrive/Underwater Audio Data/processed/Ambience/moderate wind on sea surface_chunk9.wav,Ambience,/content/drive/MyDrive/Underwater Audio Data/data/Ambience/moderate wind on sea surface.wav,3.0
/content/drive/MyDrive/Underwater Audio Data/processed/Ambience/moderate wind on sea surface_chunk10.wav,Ambience,/content/drive/MyDrive/Underwater Audio Data/data/Ambience/moderate wind on sea surface.wav,3.0
/content/drive/MyDrive/Underwater Audio Data/processed/Ambience/moderate wind on sea surface_chunk11.wav,Ambience,/content/drive/MyDrive/Underwater Audio Data/data/Ambience/moderate wind on sea surface.wav,3.0
/content/drive/MyDrive/Underwater Audio Data/processed/Ambience/moderate wind on sea surface_chunk12.wav,Ambience,/content/drive/MyDrive/Underwater Audio Data/data/Ambience/moderate wind on sea surface.wav,3.0
/content/drive/MyDrive/Underwater Audio Data/processed/Ambience/moderate wind on sea surface_chunk13.wav,Ambience,/content/drive/MyDrive/Underwater Audio Data/data/Ambience/moderate wind on sea surface.wav,3.0
/content/drive/MyDrive/Underwater Audio Data/processed/Ambience/moderate wind on sea surface_chunk14.wav,Ambience,/content/drive/MyDrive/Underwater Audio Data/data/Ambience/moderate wind on sea surface.wav,3.0
/content/drive/MyDrive/Underwater Audio Data/processed/Ambience/moderate wind on sea surface_chunk15.wav,Ambience,/content/drive/MyDrive/Underwater Audio Data/data/Ambience/moderate wind on sea surface.wav,3.0
/content/drive/MyDrive/Underwater Audio Data/processed/Ambience/moderate wind on sea surface_chunk16.wav,Ambience,/content/drive/MyDrive/Underwater Audio Data/data/Ambience/moderate wind on sea surface.wav,3.0
/content/drive/MyDrive/Underwater Audio Data/processed/Ambience/moderate wind on sea surface_chunk17.wav,Ambience,/content/drive/MyDrive/Underwater Audio Data/data/Ambience/moderate wind on sea surface.wav,3.0
/content/drive/MyDrive/Underwater Audio Data/processed/Ambience/moderate wind on sea surface_chunk18.wav,Ambience,/content/drive/MyDrive/Underwater Audio Data/data/Ambience/moderate wind on sea surface.wav,3.0
/content/drive/MyDrive/Underwater Audio Data/processed/Ambience/moderate wind on sea surface_chunk19.wav,Ambience,/content/drive/MyDrive/Underwater Audio Data/data/Ambience/moderate wind on sea surface.wav,3.0
/content/drive/MyDrive/Underwater Audio Data/processed/Ambience/quiet ocean_chunk0.wav,Ambience,/content/drive/MyDrive/Underwater Audio Data/data/Ambience/quiet ocean.wav,3.0
/content/drive/MyDrive/Underwater Audio Data/processed/Ambience/quiet ocean_chunk1.wav,Ambience,/content/drive/MyDrive/Underwater Audio Data/data/Ambience/quiet ocean.wav,3.0
/content/drive/MyDrive/Underwater Audio Data/processed/Ambience/quiet ocean_chunk2.wav,Ambience,/content/drive/MyDrive/Underwater Audio Data/data/Ambience/quiet ocean.wav,3.0
/content/drive/MyDrive/Underwater Audio Data/processed/Ambience/quiet ocean_chunk3.wav,Ambience,/content/drive/MyDrive/Underwater Audio Data/data/Ambience/quiet ocean.wav,3.0
/content/drive/MyDrive/Underwater Audio Data/processed/Ambience/quiet ocean_chunk4.wav,Ambience,/content/drive/MyDrive/Underwater Audio Data/data/Ambience/quiet ocean.wav,3.0
/content/drive/MyDrive/Underwater Audio Data/processed/Ambience/quiet ocean_chunk5.wav,Ambience,/content/drive/MyDrive/Underwater Audio Data/data/Ambience/quiet ocean.wav,3.0
/content/drive/MyDrive/Underwater Audio Data/processed/Ambience/quiet ocean_chunk6.wav,Ambience,/content/drive/MyDrive/Underwater Audio Data/data/Ambience/quiet ocean.wav,3.0
/content/drive/MyDrive/Underwater Audio Data/processed/Ambience/quiet ocean_chunk7.wav,Ambience,/content/drive/MyDrive/Underwater Audio Data/data/Ambience/quiet ocean.wav,3.0
/content/drive/MyDrive/Underwater Audio Data/processed/Ambience/quiet ocean_chunk8.wav,Ambience,/content/drive/MyDrive/Underwater Audio Data/data/Ambience/quiet ocean.wav,3.0
/content/drive/MyDrive/Underwater Audio Data/processed/Ambience/quiet ocean_chunk9.wav,Ambience,/content/drive/MyDrive/Underwater Audio Data/data/Ambience/quiet ocean.wav,3.0
/content/drive/MyDrive/Underwater Audio Data/processed/Ambience/quiet ocean_chunk10.wav,Ambience,/content/drive/MyDrive/Underwater Audio Data/data/Ambience/quiet ocean.wav,3.0
/content/drive/MyDrive/Underwater Audio Data/processed/Ambience/quiet ocean_chunk11.wav,Ambience,/content/drive/MyDrive/Underwater Audio Data/data/Ambience/quiet ocean.wav,3.0
/content/drive/MyDrive/Underwater Audio Data/processed/Ambience/quiet ocean_chunk12.wav,Ambience,/content/drive/MyDrive/Underwater Audio Data/data/Ambience/quiet ocean.wav,3.0
/content/drive/MyDrive/Underwater Audio Data/processed/Ambience/rain_chunk0.wav,Ambience,/content/drive/MyDrive/Underwater Audio Data/data/Ambience/rain.wav,3.0
/content/drive/MyDrive/Underwater Audio Data/processed/Ambience/rain_chunk1.wav,Ambience,/content/drive/MyDrive/Underwater Audio Data/data/Ambience/rain.wav,3.0
/content/drive/MyDrive/Underwater Audio Data/processed/Ambience/rain_chunk2.wav,Ambience,/content/drive/MyDrive/Underwater Audio Data/data/Ambience/rain.wav,3.0
/content/drive/MyDrive/Underwater Audio Data/processed/Ambience/snowfall at sea surface_chunk0.wav,Ambience,/content/drive/MyDrive/Underwater Audio Data/data/Ambience/snowfall at sea surface.wav,3.0
/content/drive/MyDrive/Underwater Audio Data/processed/Ambience/snowfall at sea surface_chunk1.wav,Ambience,/content/drive/MyDrive/Underwater Audio Data/data/Ambience/snowfall at sea surface.wav,3.0
/content/drive/MyDrive/Underwater Audio Data/processed/Ambience/snowfall at sea surface_chunk2.wav,Ambience,/content/drive/MyDrive/Underwater Audio Data/data/Ambience/snowfall at sea surface.wav,3.0
/content/drive/MyDrive/Underwater Audio Data/processed/Ambience/snowfall at sea surface_chunk3.wav,Ambience,/content/drive/MyDrive/Underwater Audio Data/data/Ambience/snowfall at sea surface.wav,3.0
/content/drive/MyDrive/Underwater Audio Data/processed/Ambience/snowfall at sea surface_chunk4.wav,Ambience,/content/drive/MyDrive/Underwater Audio Data/data/Ambience/snowfall at sea surface.wav,3.0
/content/drive/MyDrive/Underwater Audio Data/processed/Ambience/snowfall at sea surface_chunk5.wav,Ambience,/content/drive/MyDrive/Underwater Audio Data/data/Ambience/snowfall at sea surface.wav,3.0
/content/drive/MyDrive/Underwater Audio Data/processed/Ambience/snowfall at sea surface_chunk6.wav,Ambience,/content/drive/MyDrive/Underwater Audio Data/data/Ambience/snowfall at sea surface.wav,3.0
/content/drive/MyDrive/Underwater Audio Data/processed/Ambience/snowfall at sea surface_chunk7.wav,Ambience,/content/drive/MyDrive/Underwater Audio Data/data/Ambience/snowfall at sea surface.wav,3.0
/content/drive/MyDrive/Underwater Audio Data/processed/Ambience/snowfall at sea surface_chunk8.wav,Ambience,/content/drive/MyDrive/Underwater Audio Data/data/Ambience/snowfall at sea surface.wav,3.0
/content/drive/MyDrive/Underwater Audio Data/processed/Ambience/snowfall at sea surface_chunk9.wav,Ambience,/content/drive/MyDrive/Underwater Audio Data/data/Ambience/snowfall at sea surface.wav,3.0
/content/drive/MyDrive/Underwater Audio Data/processed/Ambience/snowfall at sea surface_chunk10.wav,Ambience,/content/drive/MyDrive/Underwater Audio Data/data/Ambience/snowfall at sea surface.wav,3.0
/content/drive/MyDrive/Underwater Audio Data/processed/Ambience/snowfall at sea surface_chunk11.wav,Ambience,/content/drive/MyDrive/Underwater Audio Data/data/Ambience/snowfall at sea surface.wav,3.0
/content/drive/MyDrive/Underwater Audio Data/processed/Ambience/snowfall at sea surface_chunk12.wav,Ambience,/content/drive/MyDrive/Underwater Audio Data/data/Ambience/snowfall at sea surface.wav,3.0
/content/drive/MyDrive/Underwater Audio Data/processed/Ambience/snowfall at sea surface_chunk13.wav,Ambience,/content/drive/MyDrive/Underwater Audio Data/data/Ambience/snowfall at sea surface.wav,3.0
/content/drive/MyDrive/Underwater Audio Data/processed/Ambience/snowfall at sea surface_chunk14.wav,Ambience,/content/drive/MyDrive/Underwater Audio Data/data/Ambience/snowfall at sea surface.wav,3.0
/content/drive/MyDrive/Underwater Audio Data/processed/Ambience/snowfall at sea surface_chunk15.wav,Ambience,/content/drive/MyDrive/Underwater Audio Data/data/Ambience/snowfall at sea surface.wav,3.0
/content/drive/MyDrive/Underwater Audio Data/processed/Ambience/snowfall at sea surface_chunk16.wav,Ambience,/content/drive/MyDrive/Underwater Audio Data/data/Ambience/snowfall at sea surface.wav,3.0
/content/drive/MyDrive/Underwater Audio Data/processed/Ambience/snowfall at sea surface_chunk17.wav,Ambience,/content/drive/MyDrive/Underwater Audio Data/data/Ambience/snowfall at sea surface.wav,3.0
/content/drive/MyDrive/Underwater Audio Data/processed/Ambience/snowfall at sea surface_chunk18.wav,Ambience,/content/drive/MyDrive/Underwater Audio Data/data/Ambience/snowfall at sea surface.wav,3.0
/content/drive/MyDrive/Underwater Audio Data/processed/Ambience/snowfall at sea surface_chunk19.wav,Ambience,/content/drive/MyDrive/Underwater Audio Data/data/Ambience/snowfall at sea surface.wav,3.0
/content/drive/MyDrive/Underwater Audio Data/processed/Ambience/soundscape_chunk0.wav,Ambience,/content/drive/MyDrive/Underwater Audio Data/data/Ambience/soundscape.wav,3.0
/content/drive/MyDrive/Underwater Audio Data/processed/Ambience/soundscape_chunk1.wav,Ambience,/content/drive/MyDrive/Underwater Audio Data/data/Ambience/soundscape.wav,3.0
/content/drive/MyDrive/Underwater Audio Data/processed/Ambience/soundscape_chunk2.wav,Ambience,/content/drive/MyDrive/Underwater Audio Data/data/Ambience/soundscape.wav,3.0
/content/drive/MyDrive/Underwater Audio Data/processed/Ambience/soundscape_chunk3.wav,Ambience,/content/drive/MyDrive/Underwater Audio Data/data/Ambience/soundscape.wav,3.0
/content/drive/MyDrive/Underwater Audio Data/processed/Ambience/soundscape_chunk4.wav,Ambience,/content/drive/MyDrive/Underwater Audio Data/data/Ambience/soundscape.wav,3.0
/content/drive/MyDrive/Underwater Audio Data/processed/Ambience/soundscape_chunk5.wav,Ambience,/content/drive/MyDrive/Underwater Audio Data/data/Ambience/soundscape.wav,3.0
/content/drive/MyDrive/Underwater Audio Data/processed/Ambience/soundscape_chunk6.wav,Ambience,/content/drive/MyDrive/Underwater Audio Data/data/Ambience/soundscape.wav,3.0
/content/drive/MyDrive/Underwater Audio Data/processed/Ambience/soundscape_chunk7.wav,Ambience,/content/drive/MyDrive/Underwater Audio Data/data/Ambience/soundscape.wav,3.0
/content/drive/MyDrive/Underwater Audio Data/processed/Ambience/soundscape_chunk8.wav,Ambience,/content/drive/MyDrive/Underwater Audio Data/data/Ambience/soundscape.wav,3.0
/content/drive/MyDrive/Underwater Audio Data/processed/Ambience/soundscape_chunk9.wav,Ambience,/content/drive/MyDrive/Underwater Audio Data/data/Ambience/soundscape.wav,3.0
/content/drive/MyDrive/Underwater Audio Data/processed/Ambience/soundscape_chunk10.wav,Ambience,/content/drive/MyDrive/Underwater Audio Data/data/Ambience/soundscape.wav,3.0
/content/drive/MyDrive/Underwater Audio Data/processed/Ambience/soundscape_chunk11.wav,Ambience,/content/drive/MyDrive/Underwater Audio Data/data/Ambience/soundscape.wav,3.0
/content/drive/MyDrive/Underwater Audio Data/processed/Ambience/soundscape_chunk12.wav,Ambience,/content/drive/MyDrive/Underwater Audio Data/data/Ambience/soundscape.wav,3.0
/content/drive/MyDrive/Underwater Audio Data/processed/Ambience/soundscape_chunk13.wav,Ambience,/content/drive/MyDrive/Underwater Audio Data/data/Ambience/soundscape.wav,3.0
/content/drive/MyDrive/Underwater Audio Data/processed/Ambience/soundscape_chunk14.wav,Ambience,/content/drive/MyDrive/Underwater Audio Data/data/Ambience/soundscape.wav,3.0
/content/drive/MyDrive/Underwater Audio Data/processed/Ambience/soundscape_chunk15.wav,Ambience,/content/drive/MyDrive/Underwater Audio Data/data/Ambience/soundscape.wav,3.0
/content/drive/MyDrive/Underwater Audio Data/processed/Ambience/soundscape_chunk16.wav,Ambience,/content/drive/MyDrive/Underwater Audio Data/data/Ambience/soundscape.wav,3.0
/content/drive/MyDrive/Underwater Audio Data/processed/Ambience/soundscape_chunk17.wav,Ambience,/content/drive/MyDrive/Underwater Audio Data/data/Ambience/soundscape.wav,3.0
/content/drive/MyDrive/Underwater Audio Data/processed/Ambience/soundscape_chunk18.wav,Ambience,/content/drive/MyDrive/Underwater Audio Data/data/Ambience/soundscape.wav,3.0
/content/drive/MyDrive/Underwater Audio Data/processed/Ambience/soundscape_chunk19.wav,Ambience,/content/drive/MyDrive/Underwater Audio Data/data/Ambience/soundscape.wav,3.0
/content/drive/MyDrive/Underwater Audio Data/processed/Ambience/soundscape_chunk20.wav,Ambience,/content/drive/MyDrive/Underwater Audio Data/data/Ambience/soundscape.wav,3.0
/content/drive/MyDrive/Underwater Audio Data/processed/Ambience/soundscape_chunk21.wav,Ambience,/content/drive/MyDrive/Underwater Audio Data/data/Ambience/soundscape.wav,3.0
/content/drive/MyDrive/Underwater Audio Data/processed/Ambience/soundscape_chunk22.wav,Ambience,/content/drive/MyDrive/Underwater Audio Data/data/Ambience/soundscape.wav,3.0
/content/drive/MyDrive/Underwater Audio Data/processed/Ambience/soundscape_chunk23.wav,Ambience,/content/drive/MyDrive/Underwater Audio Data/data/Ambience/soundscape.wav,3.0
/content/drive/MyDrive/Underwater Audio Data/processed/Ambience/soundscape_chunk24.wav,Ambience,/content/drive/MyDrive/Underwater Audio Data/data/Ambience/soundscape.wav,3.0
/content/drive/MyDrive/Underwater Audio Data/processed/Ambience/soundscape_chunk25.wav,Ambience,/content/drive/MyDrive/Underwater Audio Data/data/Ambience/soundscape.wav,3.0
/content/drive/MyDrive/Underwater Audio Data/processed/Ambience/soundscape_chunk26.wav,Ambience,/content/drive/MyDrive/Underwater Audio Data/data/Ambience/soundscape.wav,3.0
/content/drive/MyDrive/Underwater Audio Data/processed/Ambience/soundscape_chunk27.wav,Ambience,/content/drive/MyDrive/Underwater Audio Data/data/Ambience/soundscape.wav,3.0
/content/drive/MyDrive/Underwater Audio Data/processed/Ambience/soundscape_chunk28.wav,Ambience,/content/drive/MyDrive/Underwater Audio Data/data/Ambience/soundscape.wav,3.0
/content/drive/MyDrive/Underwater Audio Data/processed/Ambience/soundscape_chunk29.wav,Ambience,/content/drive/MyDrive/Underwater Audio Data/data/Ambience/soundscape.wav,3.0
/content/drive/MyDrive/Underwater Audio Data/processed/Ambience/soundscape_chunk30.wav,Ambience,/content/drive/MyDrive/Underwater Audio Data/data/Ambience/soundscape.wav,3.0
/content/drive/MyDrive/Underwater Audio Data/processed/Ambience/soundscape_chunk31.wav,Ambience,/content/drive/MyDrive/Underwater Audio Data/data/Ambience/soundscape.wav,3.0
/content/drive/MyDrive/Underwater Audio Data/processed/Ambience/soundscape_chunk32.wav,Ambience,/content/drive/MyDrive/Underwater Audio Data/data/Ambience/soundscape.wav,3.0
/content/drive/MyDrive/Underwater Audio Data/processed/Ambience/soundscape_chunk33.wav,Ambience,/content/drive/MyDrive/Underwater Audio Data/data/Ambience/soundscape.wav,3.0
/content/drive/MyDrive/Underwater Audio Data/processed/Ambience/soundscape_chunk34.wav,Ambience,/content/drive/MyDrive/Underwater Audio Data/data/Ambience/soundscape.wav,3.0
/content/drive/MyDrive/Underwater Audio Data/processed/Ambience/soundscape_chunk35.wav,Ambience,/content/drive/MyDrive/Underwater Audio Data/data/Ambience/soundscape.wav,3.0
/content/drive/MyDrive/Underwater Audio Data/processed/Ambience/soundscape_chunk36.wav,Ambience,/content/drive/MyDrive/Underwater Audio Data/data/Ambience/soundscape.wav,3.0
/content/drive/MyDrive/Underwater Audio Data/processed/Ambience/soundscape_chunk37.wav,Ambience,/content/drive/MyDrive/Underwater Audio Data/data/Ambience/soundscape.wav,3.0
/content/drive/MyDrive/Underwater Audio Data/processed/Ambience/soundscape_chunk38.wav,Ambience,/content/drive/MyDrive/Underwater Audio Data/data/Ambience/soundscape.wav,3.0
/content/drive/MyDrive/Underwater Audio Data/processed/Ambience/thunderstorm_chunk0.wav,Ambience,/content/drive/MyDrive/Underwater Audio Data/data/Ambience/thunderstorm.wav,3.0
/content/drive/MyDrive/Underwater Audio Data/processed/Ambience/thunderstorm_chunk1.wav,Ambience,/content/drive/MyDrive/Underwater Audio Data/data/Ambience/thunderstorm.wav,3.0
/content/drive/MyDrive/Underwater Audio Data/processed/Ambience/thunderstorm_chunk2.wav,Ambience,/content/drive/MyDrive/Underwater Audio Data/data/Ambience/thunderstorm.wav,3.0
/content/drive/MyDrive/Underwater Audio Data/processed/Ambience/thunderstorm_chunk3.wav,Ambience,/content/drive/MyDrive/Underwater Audio Data/data/Ambience/thunderstorm.wav,3.0
/content/drive/MyDrive/Underwater Audio Data/processed/Ambience/thunderstorm_chunk4.wav,Ambience,/content/drive/MyDrive/Underwater Audio Data/data/Ambience/thunderstorm.wav,3.0
/content/drive/MyDrive/Underwater Audio Data/processed/Ambience/underwater earthquake_chunk0.wav,Ambience,/content/drive/MyDrive/Underwater Audio Data/data/Ambience/underwater earthquake.wav,3.0
/content/drive/MyDrive/Underwater Audio Data/processed/Ambience/underwater earthquake_chunk1.wav,Ambience,/content/drive/MyDrive/Underwater Audio Data/data/Ambience/underwater earthquake.wav,3.0
/content/drive/MyDrive/Underwater Audio Data/processed/Ambience/underwater earthquake_chunk2.wav,Ambience,/content/drive/MyDrive/Underwater Audio Data/data/Ambience/underwater earthquake.wav,3.0
/content/drive/MyDrive/Underwater Audio Data/processed/Ambience/underwater earthquake_chunk3.wav,Ambience,/content/drive/MyDrive/Underwater Audio Data/data/Ambience/underwater earthquake.wav,3.0
/content/drive/MyDrive/Underwater Audio Data/processed/Ambience/underwater earthquake_chunk4.wav,Ambience,/content/drive/MyDrive/Underwater Audio Data/data/Ambience/underwater earthquake.wav,3.0
/content/drive/MyDrive/Underwater Audio Data/processed/Ambience/underwater earthquake_chunk5.wav,Ambience,/content/drive/MyDrive/Underwater Audio Data/data/Ambience/underwater earthquake.wav,3.0
/content/drive/MyDrive/Underwater Audio Data/processed/Ambience/underwater earthquake_chunk6.wav,Ambience,/content/drive/MyDrive/Underwater Audio Data/data/Ambience/underwater earthquake.wav,3.0
/content/drive/MyDrive/Underwater Audio Data/processed/Ambience/underwater earthquake_chunk7.wav,Ambience,/content/drive/MyDrive/Underwater Audio Data/data/Ambience/underwater earthquake.wav,3.0
/content/drive/MyDrive/Underwater Audio Data/processed/Ambience/underwater earthquake_chunk8.wav,Ambience,/content/drive/MyDrive/Underwater Audio Data/data/Ambience/underwater earthquake.wav,3.0
/content/drive/MyDrive/Underwater Audio Data/processed/Ambience/underwater earthquake_chunk9.wav,Ambience,/content/drive/MyDrive/Underwater Audio Data/data/Ambience/underwater earthquake.wav,3.0
/content/drive/MyDrive/Underwater Audio Data/processed/Ambience/underwater earthquake_chunk10.wav,Ambience,/content/drive/MyDrive/Underwater Audio Data/data/Ambience/underwater earthquake.wav,3.0
/content/drive/MyDrive/Underwater Audio Data/processed/Ambience/underwater earthquake_chunk11.wav,Ambience,/content/drive/MyDrive/Underwater Audio Data/data/Ambience/underwater earthquake.wav,3.0
/content/drive/MyDrive/Underwater Audio Data/processed/Ambience/underwater earthquake_chunk12.wav,Ambience,/content/drive/MyDrive/Underwater Audio Data/data/Ambience/underwater earthquake.wav,3.0
/content/drive/MyDrive/Underwater Audio Data/processed/Ambience/underwater earthquake_chunk13.wav,Ambience,/content/drive/MyDrive/Underwater Audio Data/data/Ambience/underwater earthquake.wav,3.0
/content/drive/MyDrive/Underwater Audio Data/processed/Ambience/underwater earthquake_chunk14.wav,Ambience,/content/drive/MyDrive/Underwater Audio Data/data/Ambience/underwater earthquake.wav,3.0
/content/drive/MyDrive/Underwater Audio Data/processed/Ambience/underwater earthquake_chunk15.wav,Ambience,/content/drive/MyDrive/Underwater Audio Data/data/Ambience/underwater earthquake.wav,3.0
/content/drive/MyDrive/Underwater Audio Data/processed/Ambience/underwater earthquake_chunk16.wav,Ambience,/content/drive/MyDrive/Underwater Audio Data/data/Ambience/underwater earthquake.wav,3.0
/content/drive/MyDrive/Underwater Audio Data/processed/Ambience/underwater earthquake_chunk17.wav,Ambience,/content/drive/MyDrive/Underwater Audio Data/data/Ambience/underwater earthquake.wav,3.0
/content/drive/MyDrive/Underwater Audio Data/processed/Ambience/underwater earthquake_chunk18.wav,Ambience,/content/drive/MyDrive/Underwater Audio Data/data/Ambience/underwater earthquake.wav,3.0
/content/drive/MyDrive/Underwater Audio Data/processed/Ambience/underwater earthquake_chunk19.wav,Ambience,/content/drive/MyDrive/Underwater Audio Data/data/Ambience/underwater earthquake.wav,3.0
/content/drive/MyDrive/Underwater Audio Data/processed/Ambience/underwater earthquake_chunk20.wav,Ambience,/content/drive/MyDrive/Underwater Audio Data/data/Ambience/underwater earthquake.wav,3.0
/content/drive/MyDrive/Underwater Audio Data/processed/Ambience/underwater earthquake_chunk21.wav,Ambience,/content/drive/MyDrive/Underwater Audio Data/data/Ambience/underwater earthquake.wav,3.0
/content/drive/MyDrive/Underwater Audio Data/processed/Ambience/underwater earthquake_chunk22.wav,Ambience,/content/drive/MyDrive/Underwater Audio Data/data/Ambience/underwater earthquake.wav,3.0
/content/drive/MyDrive/Underwater Audio Data/processed/Ambience/underwater earthquake_chunk23.wav,Ambience,/content/drive/MyDrive/Underwater Audio Data/data/Ambience/underwater earthquake.wav,3.0
/content/drive/MyDrive/Underwater Audio Data/processed/Ambience/underwater earthquake_chunk24.wav,Ambience,/content/drive/MyDrive/Underwater Audio Data/data/Ambience/underwater earthquake.wav,3.0
/content/drive/MyDrive/Underwater Audio Data/processed/Ambience/underwater earthquake_chunk25.wav,Ambience,/content/drive/MyDrive/Underwater Audio Data/data/Ambience/underwater earthquake.wav,3.0
/content/drive/MyDrive/Underwater Audio Data/processed/Ambience/underwater earthquake_chunk26.wav,Ambience,/content/drive/MyDrive/Underwater Audio Data/data/Ambience/underwater earthquake.wav,3.0
/content/drive/MyDrive/Underwater Audio Data/processed/Ambience/underwater earthquake_chunk27.wav,Ambience,/content/drive/MyDrive/Underwater Audio Data/data/Ambience/underwater earthquake.wav,3.0
/content/drive/MyDrive/Underwater Audio Data/processed/Ambience/underwater earthquake_chunk28.wav,Ambience,/content/drive/MyDrive/Underwater Audio Data/data/Ambience/underwater earthquake.wav,3.0
/content/drive/MyDrive/Underwater Audio Data/processed/Ambience/underwater earthquake_chunk29.wav,Ambience,/content/drive/MyDrive/Underwater Audio Data/data/Ambience/underwater earthquake.wav,3.0
/content/drive/MyDrive/Underwater Audio Data/processed/Ambience/underwater earthquake_chunk30.wav,Ambience,/content/drive/MyDrive/Underwater Audio Data/data/Ambience/underwater earthquake.wav,3.0
/content/drive/MyDrive/Underwater Audio Data/processed/Ambience/underwater earthquake_chunk31.wav,Ambience,/content/drive/MyDrive/Underwater Audio Data/data/Ambience/underwater earthquake.wav,3.0
/content/drive/MyDrive/Underwater Audio Data/processed/Ambience/underwater earthquake_chunk32.wav,Ambience,/content/drive/MyDrive/Underwater Audio Data/data/Ambience/underwater earthquake.wav,3.0
/content/drive/MyDrive/Underwater Audio Data/processed/Ambience/underwater earthquake_chunk33.wav,Ambience,/content/drive/MyDrive/Underwater Audio Data/data/Ambience/underwater earthquake.wav,3.0
/content/drive/MyDrive/Underwater Audio Data/processed/Ambience/underwater earthquake_chunk34.wav,Ambience,/content/drive/MyDrive/Underwater Audio Data/data/Ambience/underwater earthquake.wav,3.0
/content/drive/MyDrive/Underwater Audio Data/processed/Ambience/underwater earthquake_chunk35.wav,Ambience,/content/drive/MyDrive/Underwater Audio Data/data/Ambience/underwater earthquake.wav,3.0
/content/drive/MyDrive/Underwater Audio Data/processed/Ambience/underwater earthquake_chunk36.wav,Ambience,/content/drive/MyDrive/Underwater Audio Data/data/Ambience/underwater earthquake.wav,3.0
/content/drive/MyDrive/Underwater Audio Data/processed/Ambience/underwater earthquake_chunk37.wav,Ambience,/content/drive/MyDrive/Underwater Audio Data/data/Ambience/underwater earthquake.wav,3.0
/content/drive/MyDrive/Underwater Audio Data/processed/Ambience/underwater earthquake_chunk38.wav,Ambience,/content/drive/MyDrive/Underwater Audio Data/data/Ambience/underwater earthquake.wav,3.0
/content/drive/MyDrive/Underwater Audio Data/processed/Ambience/underwater earthquake_chunk39.wav,Ambience,/content/drive/MyDrive/Underwater Audio Data/data/Ambience/underwater earthquake.wav,3.0
/content/drive/MyDrive/Underwater Audio Data/processed/Ambience/underwater earthquake_chunk40.wav,Ambience,/content/drive/MyDrive/Underwater Audio Data/data/Ambience/underwater earthquake.wav,3.0
/content/drive/MyDrive/Underwater Audio Data/processed/Ambience/underwater earthquake_chunk41.wav,Ambience,/content/drive/MyDrive/Underwater Audio Data/data/Ambience/underwater earthquake.wav,3.0
/content/drive/MyDrive/Underwater Audio Data/processed/Ambience/underwater earthquake_chunk42.wav,Ambience,/content/drive/MyDrive/Underwater Audio Data/data/Ambience/underwater earthquake.wav,3.0
/content/drive/MyDrive/Underwater Audio Data/processed/Ambience/underwater earthquake_chunk43.wav,Ambience,/content/drive/MyDrive/Underwater Audio Data/data/Ambience/underwater earthquake.wav,3.0
/content/drive/MyDrive/Underwater Audio Data/processed/Ambience/underwater earthquake_chunk44.wav,Ambience,/content/drive/MyDrive/Underwater Audio Data/data/Ambience/underwater earthquake.wav,3.0
/content/drive/MyDrive/Underwater Audio Data/processed/Ambience/underwater earthquake_chunk45.wav,Ambience,/content/drive/MyDrive/Underwater Audio Data/data/Ambience/underwater earthquake.wav,3.0
/content/drive/MyDrive/Underwater Audio Data/processed/Ambience/underwater earthquake_chunk46.wav,Ambience,/content/drive/MyDrive/Underwater Audio Data/data/Ambience/underwater earthquake.wav,3.0
/content/drive/MyDrive/Underwater Audio Data/processed/Ambience/underwater earthquake_chunk47.wav,Ambience,/content/drive/MyDrive/Underwater Audio Data/data/Ambience/underwater earthquake.wav,3.0
/content/drive/MyDrive/Underwater Audio Data/processed/Ambience/underwater earthquake_chunk48.wav,Ambience,/content/drive/MyDrive/Underwater Audio Data/data/Ambience/underwater earthquake.wav,3.0
/content/drive/MyDrive/Underwater Audio Data/processed/Ambience/underwater earthquake_chunk49.wav,Ambience,/content/drive/MyDrive/Underwater Audio Data/data/Ambience/underwater earthquake.wav,3.0
/content/drive/MyDrive/Underwater Audio Data/processed/Ambience/underwater earthquake_chunk50.wav,Ambience,/content/drive/MyDrive/Underwater Audio Data/data/Ambience/underwater earthquake.wav,3.0
/content/drive/MyDrive/Underwater Audio Data/processed/Ambience/underwater earthquake_chunk51.wav,Ambience,/content/drive/MyDrive/Underwater Audio Data/data/Ambience/underwater earthquake.wav,3.0
/content/drive/MyDrive/Underwater Audio Data/processed/Ambience/underwater earthquake_chunk52.wav,Ambience,/content/drive/MyDrive/Underwater Audio Data/data/Ambience/underwater earthquake.wav,3.0
